referencia_envio,proveedor,pais,fecha_programada,fecha_entrega,numero_lineas,evaluable,diferencia_dias,puntual
ASN-10006,BRISTOL-MYERS SQUIBB,Haiti,2011-04-05,2011-04-05,1,True,0,True
ASN-10007,BRISTOL-MYERS SQUIBB,Haiti,2011-04-05,2011-04-05,2,True,0,True
ASN-10011,ASPEN PHARMACARE,South Africa,2011-02-09,2011-03-17,1,True,36,False
ASN-10012,ASPEN PHARMACARE,South Africa,2011-03-07,2011-03-07,1,True,0,True
ASN-10062,"Orgenics, Ltd",Haiti,2011-04-06,2011-04-06,1,True,0,True
ASN-10063,"Orgenics, Ltd",Haiti,2011-04-06,2011-04-06,1,True,0,True
ASN-10064,"Orgenics, Ltd",Guyana,2011-04-12,2011-04-12,1,True,0,True
ASN-10065,"Orgenics, Ltd",Namibia,2011-03-22,2011-03-22,1,True,0,True
ASN-10066,"Orgenics, Ltd",Tanzania,2011-04-14,2011-04-14,1,True,0,True
ASN-10070,MYLAN LABORATORIES LTD (FORMERLY MATRIX LABORATORIES),Rwanda,2011-04-27,2011-04-27,1,True,0,True
ASN-10108,ABBOTT LOGISTICS B.V.,Guatemala,2011-03-08,2011-03-08,1,True,0,True
ASN-10109,CIPLA LIMITED,South Africa,2011-04-05,2011-05-05,1,True,30,False
ASN-10110,CIPLA LIMITED,South Africa,2011-05-05,2011-05-05,1,True,0,True
ASN-10111,CIPLA LIMITED,South Africa,2011-04-08,2011-05-05,1,True,27,False
ASN-10120,"Orgenics, Ltd",Côte d'Ivoire,2011-03-28,2011-03-28,1,True,0,True
ASN-10127,Aurobindo Pharma Limited,South Africa,2011-04-26,2011-04-26,2,True,0,True
ASN-10129,Aurobindo Pharma Limited,South Africa,2011-04-04,2011-04-04,1,True,0,True
ASN-10140,Aurobindo Pharma Limited,Rwanda,2011-04-08,2011-04-08,1,True,0,True
ASN-10144,BRISTOL-MYERS SQUIBB,Haiti,2011-03-30,2011-03-30,1,True,0,True
ASN-1016,Aurobindo Pharma Limited,Vietnam,2007-12-06,2007-12-06,1,True,0,True
ASN-10166,"Trinity Biotech, Plc",Tanzania,2011-04-26,2011-04-26,1,True,0,True
ASN-1017,Aurobindo Pharma Limited,Vietnam,2007-12-19,2007-12-19,1,True,0,True
ASN-10179,ABBVIE LOGISTICS (FORMERLY ABBOTT LOGISTICS BV),Côte d'Ivoire,2011-04-29,2011-04-29,1,True,0,True
ASN-10212,Aurobindo Pharma Limited,South Africa,2011-04-26,2011-05-26,1,True,30,False
ASN-10226,Aurobindo Pharma Limited,Dominican Republic,2011-04-04,2011-04-04,1,True,0,True
ASN-10239,"Trinity Biotech, Plc",Ethiopia,2011-04-08,2011-04-08,1,True,0,True
ASN-10241,"Trinity Biotech, Plc",Sudan,2011-04-23,2011-04-23,1,True,0,True
ASN-10249,Aurobindo Pharma Limited,South Africa,2011-05-03,2011-05-03,1,True,0,True
ASN-10250,Aurobindo Pharma Limited,South Africa,2011-02-01,2011-05-03,1,True,91,False
ASN-10251,Aurobindo Pharma Limited,South Africa,2011-04-04,2011-05-27,1,True,53,False
ASN-10252,Aurobindo Pharma Limited,South Africa,2011-04-07,2011-05-09,1,True,32,False
ASN-10253,Aurobindo Pharma Limited,South Africa,2011-04-26,2011-05-26,1,True,30,False
ASN-10264,ABBVIE LOGISTICS (FORMERLY ABBOTT LOGISTICS BV),Côte d'Ivoire,2011-04-12,2011-04-12,1,True,0,True
ASN-10269,BIOLYTICAL LABORATORIES INC.,Zimbabwe,2011-05-10,2011-05-10,1,True,0,True
ASN-1028,"Trinity Biotech, Plc",Rwanda,2008-01-10,2008-01-10,2,True,0,True
ASN-10315,"Orgenics, Ltd",Sudan,2011-04-29,2011-04-29,1,True,0,True
ASN-10317,HETERO LABS LIMITED,Rwanda,2011-05-31,2011-05-31,1,True,0,True
ASN-10320,"CHEMBIO DIAGNOSTIC SYSTEMS, INC.",Nigeria,2011-05-25,2011-05-25,1,True,0,True
ASN-10338,ASPEN PHARMACARE,Uganda,2011-03-29,2011-03-29,1,True,0,True
ASN-10345,STRIDES ARCOLAB LIMITED,Vietnam,2011-04-13,2011-04-13,1,True,0,True
ASN-1039,Aurobindo Pharma Limited,Ethiopia,2007-11-20,2007-12-24,1,True,34,False
ASN-10406,ABBVIE LOGISTICS (FORMERLY ABBOTT LOGISTICS BV),Côte d'Ivoire,2011-06-30,2011-06-30,1,True,0,True
ASN-10407,ABBVIE LOGISTICS (FORMERLY ABBOTT LOGISTICS BV),Côte d'Ivoire,2011-06-30,2011-06-30,1,True,0,True
ASN-10408,GLAXOSMITHKLINE EXPORT LIMITED,Guatemala,2011-04-17,2011-04-17,1,True,0,True
ASN-10409,MERCK SHARP & DOHME IDEA GMBH (FORMALLY MERCK SHARP & DOHME B.V.),Haiti,2011-04-16,2011-04-16,1,True,0,True
ASN-10450,"Standard Diagnostics, Inc.",Sudan,2011-04-29,2011-04-29,1,True,0,True
ASN-10451,"Standard Diagnostics, Inc.",Sudan,2011-04-29,2011-04-29,1,True,0,True
ASN-10453,Aurobindo Pharma Limited,Nigeria,2011-04-18,2011-04-18,1,True,0,True
ASN-10455,MERCK SHARP & DOHME IDEA GMBH (FORMALLY MERCK SHARP & DOHME B.V.),Uganda,2011-04-19,2011-04-19,1,True,0,True
ASN-10469,"Orgenics, Ltd",Tanzania,2011-06-01,2011-06-01,1,True,0,True
ASN-10471,"Orgenics, Ltd",Kenya,2011-05-17,2011-05-17,1,True,0,True
ASN-10479,Hoffmann-La Roche ltd Basel,Guatemala,2011-04-18,2011-04-18,1,True,0,True
ASN-10511,CIPLA LIMITED,South Africa,2011-04-05,2011-05-30,1,True,55,False
ASN-10512,CIPLA LIMITED,South Africa,2011-05-30,2011-05-30,1,True,0,True
ASN-10555,Aurobindo Pharma Limited,South Africa,2011-04-07,2011-06-13,1,True,67,False
ASN-10556,Aurobindo Pharma Limited,South Africa,2011-05-31,2011-05-31,1,True,0,True
ASN-10560,"Standard Diagnostics, Inc.",Tanzania,2011-06-06,2011-06-06,1,True,0,True
ASN-10567,Aurobindo Pharma Limited,South Africa,2011-05-31,2011-06-13,1,True,13,False
ASN-10568,Aurobindo Pharma Limited,South Africa,2011-05-31,2011-06-13,1,True,13,False
ASN-10569,Aurobindo Pharma Limited,South Africa,2011-06-13,2011-06-13,1,True,0,True
ASN-10570,Aurobindo Pharma Limited,South Africa,2011-04-26,2011-06-08,1,True,43,False
ASN-10571,Aurobindo Pharma Limited,South Africa,2011-06-13,2011-06-13,1,True,0,True
ASN-10572,Aurobindo Pharma Limited,South Africa,2011-05-31,2011-06-13,1,True,13,False
ASN-10573,Aurobindo Pharma Limited,South Africa,2011-06-13,2011-06-13,1,True,0,True
ASN-10574,Aurobindo Pharma Limited,South Africa,2011-04-26,2011-06-08,1,True,43,False
ASN-10575,Aurobindo Pharma Limited,South Africa,2011-06-03,2011-06-03,1,True,0,True
ASN-10576,Aurobindo Pharma Limited,South Africa,2011-05-03,2011-06-03,1,True,31,False
ASN-1061,Orasure Technologies Inc.,Kazakhstan,2007-12-27,2007-12-27,1,True,0,True
ASN-10617,ABBVIE LOGISTICS (FORMERLY ABBOTT LOGISTICS BV),Vietnam,2011-05-10,2011-05-10,1,True,0,True
ASN-10619,ABBVIE LOGISTICS (FORMERLY ABBOTT LOGISTICS BV),Vietnam,2011-05-09,2011-05-09,1,True,0,True
ASN-10625,"Orgenics, Ltd",Tanzania,2011-06-20,2011-06-20,1,True,0,True
ASN-1066,Aurobindo Pharma Limited,Rwanda,2008-01-03,2008-01-03,1,True,0,True
ASN-10663,Aurobindo Pharma Limited,Rwanda,2011-04-25,2011-04-25,2,True,0,True
ASN-10666,Aurobindo Pharma Limited,Ethiopia,2011-05-04,2011-05-04,1,True,0,True
ASN-1067,Aurobindo Pharma Limited,Rwanda,2008-01-03,2008-01-03,1,True,0,True
ASN-10712,ABBVIE LOGISTICS (FORMERLY ABBOTT LOGISTICS BV),Vietnam,2011-05-28,2011-05-28,1,True,0,True
ASN-10729,"CHEMBIO DIAGNOSTIC SYSTEMS, INC.",Nigeria,2011-05-25,2011-05-25,1,True,0,True
ASN-10748,MERCK SHARP & DOHME IDEA GMBH (FORMALLY MERCK SHARP & DOHME B.V.),Haiti,2011-05-11,2011-05-11,1,True,0,True
ASN-10756,"Standard Diagnostics, Inc.",Tanzania,2011-06-09,2011-06-09,1,True,0,True
ASN-10790,HETERO LABS LIMITED,Rwanda,2011-06-17,2011-06-17,1,True,0,True
ASN-10792,HETERO LABS LIMITED,Vietnam,2011-06-06,2011-06-06,1,True,0,True
ASN-10799,"Trinity Biotech, Plc",Mozambique,2011-11-22,2011-11-22,1,True,0,True
ASN-10811,LAWRENCE LABORATORIES (SUBSIDIARY OF BRISTOL MYERS SQUIBB),Tanzania,2011-06-27,2011-06-27,2,True,0,True
ASN-10816,Hoffmann-La Roche ltd Basel,Mozambique,2011-05-24,2011-05-24,2,True,0,True
ASN-10818,ABBVIE LOGISTICS (FORMERLY ABBOTT LOGISTICS BV),Zimbabwe,2011-07-12,2011-07-12,1,True,0,True
ASN-10837,Hoffmann-La Roche ltd Basel,Côte d'Ivoire,2011-06-10,2011-06-10,1,True,0,True
ASN-10838,CIPLA LIMITED,Vietnam,2011-06-10,2011-06-10,1,True,0,True
ASN-10839,Aurobindo Pharma Limited,South Africa,2011-09-02,2011-09-02,1,True,0,True
ASN-1085,"Trinity Biotech, Plc",Rwanda,2008-01-18,2008-01-18,2,True,0,True
ASN-10852,"Trinity Biotech, Plc",Rwanda,2011-06-28,2011-06-28,1,True,0,True
ASN-10855,GLAXOSMITHKLINE EXPORT LIMITED,South Africa,2011-08-12,2011-08-12,1,True,0,True
ASN-10871,STRIDES ARCOLAB LIMITED,South Africa,2011-09-06,2011-09-06,1,True,0,True
ASN-10872,CIPLA LIMITED,South Africa,2011-07-14,2011-07-14,1,True,0,True
ASN-10873,CIPLA LIMITED,South Africa,2011-08-06,2011-08-06,1,True,0,True
ASN-10874,CIPLA LIMITED,South Africa,2011-07-14,2011-07-14,1,True,0,True
ASN-10875,CIPLA LIMITED,South Africa,2011-07-14,2011-07-14,1,True,0,True
ASN-10879,"SHANGHAI KEHUA BIOENGINEERING CO.,LTD.  (KHB)",Haiti,2011-06-06,2011-06-06,1,True,0,True
ASN-10895,ABBVIE LOGISTICS (FORMERLY ABBOTT LOGISTICS BV),Zimbabwe,2011-08-04,2011-08-04,1,True,0,True
ASN-10899,"Standard Diagnostics, Inc.",Sudan,2011-06-24,2011-06-24,1,True,0,True
ASN-10900,"Standard Diagnostics, Inc.",Sudan,2011-06-24,2011-06-24,1,True,0,True
ASN-10902,"Standard Diagnostics, Inc.",Tanzania,2011-06-27,2011-06-27,1,True,0,True
ASN-10903,"Standard Diagnostics, Inc.",Tanzania,2011-07-14,2011-07-14,1,True,0,True
ASN-10904,"Standard Diagnostics, Inc.",Tanzania,2011-07-14,2011-07-14,1,True,0,True
ASN-10905,"Standard Diagnostics, Inc.",Tanzania,2011-07-14,2011-07-14,1,True,0,True
ASN-10906,MYLAN LABORATORIES LTD (FORMERLY MATRIX LABORATORIES),Côte d'Ivoire,2011-06-15,2011-06-15,1,True,0,True
ASN-10989,ABBVIE LOGISTICS (FORMERLY ABBOTT LOGISTICS BV),Nigeria,2011-06-14,2011-06-14,1,True,0,True
ASN-11002,"Trinity Biotech, Plc",Sudan,2011-07-01,2011-07-01,1,True,0,True
ASN-11003,"Orgenics, Ltd",Sudan,2011-06-27,2011-06-27,1,True,0,True
ASN-11005,LAWRENCE LABORATORIES (SUBSIDIARY OF BRISTOL MYERS SQUIBB),Tanzania,2011-07-14,2011-07-14,2,True,0,True
ASN-11007,GLAXOSMITHKLINE EXPORT LIMITED,South Africa,2011-07-11,2011-07-11,1,True,0,True
ASN-11009,ASPEN PHARMACARE,Uganda,2011-05-31,2011-05-31,1,True,0,True
ASN-11023,MYLAN LABORATORIES LTD (FORMERLY MATRIX LABORATORIES),Vietnam,2011-06-22,2011-06-22,4,True,0,True
ASN-11024,MYLAN LABORATORIES LTD (FORMERLY MATRIX LABORATORIES),Vietnam,2011-06-22,2011-06-22,5,True,0,True
ASN-11026,ASPEN PHARMACARE,Uganda,2011-06-02,2011-06-02,1,True,0,True
ASN-11031,"Orgenics, Ltd",Nigeria,2011-07-07,2011-07-07,1,True,0,True
ASN-11043,Aurobindo Pharma Limited,South Africa,2011-09-02,2011-09-02,1,True,0,True
ASN-11044,Aurobindo Pharma Limited,South Africa,2011-09-02,2011-09-02,1,True,0,True
ASN-11045,Aurobindo Pharma Limited,South Africa,2011-09-02,2011-09-02,1,True,0,True
ASN-11046,Aurobindo Pharma Limited,South Africa,2011-08-15,2011-08-15,1,True,0,True
ASN-11047,Aurobindo Pharma Limited,South Africa,2011-09-02,2011-09-02,1,True,0,True
ASN-11056,STRIDES ARCOLAB LIMITED,South Africa,2011-09-02,2011-09-02,1,True,0,True
ASN-11058,"Standard Diagnostics, Inc.",Côte d'Ivoire,2011-06-17,2011-06-17,1,True,0,True
ASN-11067,STRIDES ARCOLAB LIMITED,Vietnam,2011-07-05,2011-07-05,1,True,0,True
ASN-11112,"Orgenics, Ltd",Sudan,2011-07-01,2011-07-01,1,True,0,True
ASN-11114,"Orgenics, Ltd",Mozambique,2011-07-12,2011-07-12,1,True,0,True
ASN-11115,MYLAN LABORATORIES LTD (FORMERLY MATRIX LABORATORIES),Benin,2011-07-12,2011-07-12,1,True,0,True
ASN-11120,"Orgenics, Ltd",Sudan,2011-07-01,2011-07-01,1,True,0,True
ASN-11121,"Orgenics, Ltd",Kenya,2011-07-08,2011-07-08,1,True,0,True
ASN-11128,MERCK SHARP & DOHME IDEA GMBH (FORMALLY MERCK SHARP & DOHME B.V.),Côte d'Ivoire,2011-07-01,2011-07-01,1,True,0,True
ASN-11129,MERCK SHARP & DOHME IDEA GMBH (FORMALLY MERCK SHARP & DOHME B.V.),Côte d'Ivoire,2011-07-01,2011-07-01,2,True,0,True
ASN-11130,MERCK SHARP & DOHME IDEA GMBH (FORMALLY MERCK SHARP & DOHME B.V.),Côte d'Ivoire,2011-07-01,2011-07-01,1,True,0,True
ASN-1114,"Standard Diagnostics, Inc.",Tanzania,2008-01-22,2008-01-22,1,True,0,True
ASN-11147,"CHEMBIO DIAGNOSTIC SYSTEMS, INC.",Nigeria,2011-06-28,2011-06-28,1,True,0,True
ASN-11148,"Trinity Biotech, Plc",Nigeria,2011-07-19,2011-07-19,1,True,0,True
ASN-11149,"Orgenics, Ltd",Mozambique,2011-09-03,2011-09-03,1,True,0,True
ASN-11156,Aurobindo Pharma Limited,Ethiopia,2011-06-28,2011-06-28,1,True,0,True
ASN-11160,"Standard Diagnostics, Inc.",Côte d'Ivoire,2011-06-30,2011-06-30,1,True,0,True
ASN-11194,STRIDES ARCOLAB LIMITED,South Africa,2011-09-06,2011-09-06,1,True,0,True
ASN-11197,Aurobindo Pharma Limited,South Africa,2011-06-13,2011-09-22,1,True,101,False
ASN-11198,Aurobindo Pharma Limited,South Africa,2011-09-14,2011-09-14,1,True,0,True
ASN-11199,Aurobindo Pharma Limited,South Africa,2011-09-02,2011-09-02,1,True,0,True
ASN-11200,Aurobindo Pharma Limited,South Africa,2011-09-02,2011-09-02,1,True,0,True
ASN-11201,Aurobindo Pharma Limited,South Africa,2011-09-02,2011-09-02,1,True,0,True
ASN-11216,"Orgenics, Ltd",Côte d'Ivoire,2011-07-12,2011-07-12,1,True,0,True
ASN-11219,"Trinity Biotech, Plc",Zambia,2011-07-19,2011-07-19,1,True,0,True
ASN-11253,MYLAN LABORATORIES LTD (FORMERLY MATRIX LABORATORIES),Ethiopia,2011-07-01,2011-07-01,1,True,0,True
ASN-11255,STRIDES ARCOLAB LIMITED,South Africa,2011-09-02,2011-09-02,1,True,0,True
ASN-11256,CIPLA LIMITED,South Africa,2011-12-06,2011-12-06,1,True,0,True
ASN-11259,CIPLA LIMITED,South Africa,2011-12-06,2011-12-06,1,True,0,True
ASN-11267,"Orgenics, Ltd",Nigeria,2011-07-07,2011-07-12,1,True,5,False
ASN-11268,"Orgenics, Ltd",Nigeria,2011-07-07,2011-07-07,1,True,0,True
ASN-11270,"Orgenics, Ltd",Nigeria,2011-07-27,2011-07-27,1,True,0,True
ASN-11271,"Orgenics, Ltd",Nigeria,2011-07-27,2011-07-27,1,True,0,True
ASN-11272,"Orgenics, Ltd",Namibia,2011-07-06,2011-07-06,1,True,0,True
ASN-11275,Aurobindo Pharma Limited,Ethiopia,2011-09-21,2011-09-21,1,True,0,True
ASN-11284,GLAXOSMITHKLINE EXPORT LIMITED,South Africa,2011-08-12,2011-08-12,1,True,0,True
ASN-113,Abbott GmbH & Co. KG,Guyana,2006-11-15,2006-11-15,1,True,0,True
ASN-11306,EMCURE PHARMACEUTICALS LTD,South Africa,2011-11-02,2011-11-02,1,True,0,True
ASN-11307,STRIDES ARCOLAB LIMITED,South Africa,2011-09-02,2011-09-02,1,True,0,True
ASN-11311,MYLAN LABORATORIES LTD (FORMERLY MATRIX LABORATORIES),Vietnam,2011-07-27,2011-07-27,1,True,0,True
ASN-11312,MYLAN LABORATORIES LTD (FORMERLY MATRIX LABORATORIES),Vietnam,2011-07-27,2011-07-27,1,True,0,True
ASN-11321,"Trinity Biotech, Plc",Kenya,2011-08-18,2011-08-18,1,True,0,True
ASN-11323,"Trinity Biotech, Plc",Swaziland,2011-08-09,2011-08-09,1,True,0,True
ASN-11344,"Trinity Biotech, Plc",Mozambique,2011-11-22,2011-11-22,1,True,0,True
ASN-11362,STRIDES ARCOLAB LIMITED,Vietnam,2011-07-26,2011-07-26,3,True,0,True
ASN-11363,STRIDES ARCOLAB LIMITED,Vietnam,2011-07-26,2011-07-26,1,True,0,True
ASN-11379,CIPLA LIMITED,South Africa,2011-12-06,2011-11-02,1,True,-34,True
ASN-11381,CIPLA LIMITED,South Africa,2011-11-02,2011-11-02,1,True,0,True
ASN-1139,Orasure Technologies Inc.,Kazakhstan,2008-01-23,2008-01-23,1,True,0,True
ASN-11393,Aurobindo Pharma Limited,South Africa,2011-09-14,2011-09-14,1,True,0,True
ASN-11395,Aurobindo Pharma Limited,South Africa,2011-08-15,2011-09-15,1,True,31,False
ASN-11398,"Orgenics, Ltd",Zambia,2011-07-22,2011-07-22,1,True,0,True
ASN-11399,"Orgenics, Ltd",Zambia,2011-07-22,2011-07-22,1,True,0,True
ASN-114,BIO-RAD LABORATORIES (FRANCE),Côte d'Ivoire,2006-10-10,2006-10-10,1,True,0,True
ASN-11400,"Orgenics, Ltd",Zambia,2011-07-22,2011-07-25,1,True,3,False
ASN-11401,"Orgenics, Ltd",Kenya,2011-08-09,2011-08-09,1,True,0,True
ASN-11407,MYLAN LABORATORIES LTD (FORMERLY MATRIX LABORATORIES),Vietnam,2011-07-27,2011-07-27,1,True,0,True
ASN-11408,MYLAN LABORATORIES LTD (FORMERLY MATRIX LABORATORIES),Vietnam,2011-07-27,2011-07-27,1,True,0,True
ASN-11409,MYLAN LABORATORIES LTD (FORMERLY MATRIX LABORATORIES),Vietnam,2011-07-27,2011-07-27,1,True,0,True
ASN-11412,"Orgenics, Ltd",Zimbabwe,2011-09-08,2011-09-08,1,True,0,True
ASN-11413,"Orgenics, Ltd",Zimbabwe,2011-09-08,2011-09-08,1,True,0,True
ASN-11431,Aurobindo Pharma Limited,South Africa,2011-09-14,2011-09-14,1,True,0,True
ASN-11432,Aurobindo Pharma Limited,South Africa,2011-06-13,2011-09-15,1,True,94,False
ASN-11433,Aurobindo Pharma Limited,South Africa,2011-09-02,2011-09-14,1,True,12,False
ASN-11436,Aurobindo Pharma Limited,South Africa,2011-09-15,2011-09-15,1,True,0,True
ASN-11437,Aurobindo Pharma Limited,South Africa,2011-09-15,2011-09-15,1,True,0,True
ASN-11438,Aurobindo Pharma Limited,South Africa,2011-09-14,2011-09-14,1,True,0,True
ASN-11439,Aurobindo Pharma Limited,South Africa,2011-10-04,2011-10-04,1,True,0,True
ASN-11441,"Orgenics, Ltd",Kenya,2011-08-09,2011-08-11,1,True,2,False
ASN-11458,STRIDES ARCOLAB LIMITED,South Africa,2011-11-03,2011-11-03,1,True,0,True
ASN-11459,STRIDES ARCOLAB LIMITED,South Africa,2011-11-03,2011-11-03,1,True,0,True
ASN-11462,STRIDES ARCOLAB LIMITED,South Africa,2011-09-16,2011-09-16,1,True,0,True
ASN-11471,Aurobindo Pharma Limited,South Africa,2011-09-05,2011-09-05,1,True,0,True
ASN-11472,Aurobindo Pharma Limited,South Africa,2011-09-05,2011-09-05,1,True,0,True
ASN-11475,GLAXOSMITHKLINE EXPORT LIMITED,South Africa,2011-09-24,2011-09-24,1,True,0,True
ASN-11476,GLAXOSMITHKLINE EXPORT LIMITED,South Africa,2011-09-23,2011-09-23,1,True,0,True
ASN-11477,GLAXOSMITHKLINE EXPORT LIMITED,South Africa,2011-09-23,2011-09-23,1,True,0,True
ASN-11484,ABBVIE LOGISTICS (FORMERLY ABBOTT LOGISTICS BV),Haiti,2011-08-08,2011-08-08,1,True,0,True
ASN-11489,"Trinity Biotech, Plc",Namibia,2011-08-03,2011-08-03,1,True,0,True
ASN-115,INTERNATIONAL HEALTHCARE DISTRIBUTORS,Zambia,2006-12-05,2006-12-05,1,True,0,True
ASN-11509,Aurobindo Pharma Limited,South Africa,2011-10-13,2011-10-13,1,True,0,True
ASN-11510,Aurobindo Pharma Limited,South Africa,2011-10-14,2011-10-14,1,True,0,True
ASN-11511,Aurobindo Pharma Limited,South Africa,2011-06-13,2011-09-05,1,True,84,False
ASN-11528,"Orgenics, Ltd",Swaziland,2011-08-08,2011-08-08,2,True,0,True
ASN-1153,Orasure Technologies Inc.,Haiti,2008-01-22,2008-01-22,1,True,0,True
ASN-11530,ASPEN PHARMACARE,Uganda,2011-07-22,2011-07-22,1,True,0,True
ASN-1154,Orasure Technologies Inc.,Botswana,2007-12-27,2007-12-27,1,True,0,True
ASN-11548,HETERO LABS LIMITED,Rwanda,2011-10-17,2011-10-17,1,True,0,True
ASN-11550,ABBVIE LOGISTICS (FORMERLY ABBOTT LOGISTICS BV),Guyana,2011-08-05,2011-08-05,1,True,0,True
ASN-11563,HETERO LABS LIMITED,South Africa,2011-09-02,2011-09-02,1,True,0,True
ASN-11579,MYLAN LABORATORIES LTD (FORMERLY MATRIX LABORATORIES),Vietnam,2011-08-11,2011-08-11,1,True,0,True
ASN-11587,Aurobindo Pharma Limited,South Africa,2011-09-14,2011-09-14,1,True,0,True
ASN-116,Aurobindo Pharma Limited,Guyana,2006-12-25,2006-12-25,1,True,0,True
ASN-11611,MYLAN LABORATORIES LTD (FORMERLY MATRIX LABORATORIES),Vietnam,2011-08-24,2011-08-24,1,True,0,True
ASN-11623,EMCURE PHARMACEUTICALS LTD,Tanzania,2011-09-29,2011-09-29,1,True,0,True
ASN-11632,"Standard Diagnostics, Inc.",Liberia,2011-08-15,2011-08-15,1,True,0,True
ASN-11637,ABBVIE LOGISTICS (FORMERLY ABBOTT LOGISTICS BV),Côte d'Ivoire,2011-08-18,2011-08-18,1,True,0,True
ASN-11658,"CHEMBIO DIAGNOSTIC SYSTEMS, INC.",Guyana,2011-08-08,2011-08-08,1,True,0,True
ASN-11663,REINBOLD EXPORT IMPORT,Haiti,2011-07-25,2011-07-25,1,True,0,True
ASN-11664,REINBOLD EXPORT IMPORT,Haiti,2011-07-25,2011-07-25,1,True,0,True
ASN-1167,"CHEMBIO DIAGNOSTIC SYSTEMS, INC.",Nigeria,2008-01-21,2008-01-21,1,True,0,True
ASN-11676,Aurobindo Pharma Limited,South Africa,2011-09-15,2011-09-22,1,True,7,False
ASN-11677,Aurobindo Pharma Limited,South Africa,2011-10-04,2011-10-11,1,True,7,False
ASN-11688,Aurobindo Pharma Limited,Ethiopia,2011-08-25,2011-08-25,1,True,0,True
ASN-11701,Aurobindo Pharma Limited,South Africa,2011-10-05,2011-10-05,1,True,0,True
ASN-11702,Aurobindo Pharma Limited,South Africa,2011-10-05,2011-09-20,1,True,-15,True
ASN-1171,SUN PHARMACEUTICAL INDUSTRIES LTD (RANBAXY LABORATORIES LIMITED),Vietnam,2008-01-21,2008-01-21,1,True,0,True
ASN-11710,MYLAN LABORATORIES LTD (FORMERLY MATRIX LABORATORIES),Vietnam,2011-09-05,2011-09-05,1,True,0,True
ASN-1172,SUN PHARMACEUTICAL INDUSTRIES LTD (RANBAXY LABORATORIES LIMITED),Vietnam,2008-01-22,2008-01-25,1,True,3,False
ASN-11720,Aurobindo Pharma Limited,South Africa,2011-11-03,2011-11-03,1,True,0,True
ASN-11722,Aurobindo Pharma Limited,Vietnam,2011-09-05,2011-09-05,1,True,0,True
ASN-11735,HETERO LABS LIMITED,Vietnam,2011-09-13,2011-09-13,1,True,0,True
ASN-11739,"Orgenics, Ltd",Côte d'Ivoire,2011-09-08,2011-09-08,1,True,0,True
ASN-11740,"Orgenics, Ltd",Côte d'Ivoire,2011-09-08,2011-09-08,1,True,0,True
ASN-11741,"Trinity Biotech, Plc",Liberia,2011-09-02,2011-09-02,1,True,0,True
ASN-11742,"Trinity Biotech, Plc",Tanzania,2011-10-05,2011-10-05,1,True,0,True
ASN-11751,ABBVIE LOGISTICS (FORMERLY ABBOTT LOGISTICS BV),Zimbabwe,2011-09-15,2011-09-15,1,True,0,True
ASN-11757,"Orgenics, Ltd",Nigeria,2011-08-31,2011-08-25,1,True,-6,True
ASN-11758,"Orgenics, Ltd",Nigeria,2011-08-31,2011-08-31,1,True,0,True
ASN-11773,"Standard Diagnostics, Inc.",Côte d'Ivoire,2011-09-12,2011-09-12,1,True,0,True
ASN-11777,"Trinity Biotech, Plc",Guyana,2011-08-31,2011-08-31,1,True,0,True
ASN-11793,IDA FOUNDATION,Nigeria,2011-09-13,2011-09-13,1,True,0,True
ASN-11801,Aurobindo Pharma Limited,South Africa,2011-10-05,2011-10-14,1,True,9,False
ASN-11802,Aurobindo Pharma Limited,South Africa,2011-11-03,2011-10-10,1,True,-24,True
ASN-11803,Aurobindo Pharma Limited,South Africa,2011-10-10,2011-10-10,1,True,0,True
ASN-11804,Aurobindo Pharma Limited,South Africa,2012-01-04,2012-01-04,1,True,0,True
ASN-11806,Aurobindo Pharma Limited,South Africa,2011-10-05,2011-10-05,1,True,0,True
ASN-11820,"Orgenics, Ltd",Guyana,2011-09-06,2011-09-06,1,True,0,True
ASN-11823,"Orgenics, Ltd",Rwanda,2011-09-04,2011-09-04,1,True,0,True
ASN-11824,"Orgenics, Ltd",Swaziland,2011-09-28,2011-09-28,1,True,0,True
ASN-11850,ABBVIE LOGISTICS (FORMERLY ABBOTT LOGISTICS BV),Vietnam,2011-09-23,2011-09-23,1,True,0,True
ASN-11855,HETERO LABS LIMITED,Vietnam,2011-09-21,2011-09-21,2,True,0,True
ASN-11857,MYLAN LABORATORIES LTD (FORMERLY MATRIX LABORATORIES),Vietnam,2011-09-21,2011-09-21,1,True,0,True
ASN-11886,Aurobindo Pharma Limited,South Africa,2011-10-10,2011-10-10,1,True,0,True
ASN-11888,Aurobindo Pharma Limited,South Africa,2011-10-10,2011-10-10,1,True,0,True
ASN-11889,Aurobindo Pharma Limited,South Africa,2011-10-10,2011-10-10,1,True,0,True
ASN-11895,"Orgenics, Ltd",Liberia,2011-09-13,2011-09-13,1,True,0,True
ASN-11908,ABBVIE LOGISTICS (FORMERLY ABBOTT LOGISTICS BV),Vietnam,2011-09-22,2011-09-22,1,True,0,True
ASN-1192,"GILEAD SCIENCES IRELAND, INC.",Vietnam,2008-01-21,2008-01-21,1,True,0,True
ASN-11929,"Standard Diagnostics, Inc.",Dominican Republic,2011-09-12,2011-09-12,2,True,0,True
ASN-11930,"Standard Diagnostics, Inc.",Tanzania,2011-09-29,2011-09-29,1,True,0,True
ASN-1194,MYLAN LABORATORIES LTD (FORMERLY MATRIX LABORATORIES),Rwanda,2008-01-28,2008-01-28,1,True,0,True
ASN-11955,HETERO LABS LIMITED,Vietnam,2011-09-26,2011-09-26,2,True,0,True
ASN-1197,"Orgenics, Ltd",Nigeria,2008-02-05,2008-02-05,1,True,0,True
ASN-11974,"Standard Diagnostics, Inc.",Tanzania,2011-09-29,2011-09-29,1,True,0,True
ASN-1198,"Orgenics, Ltd",Rwanda,2008-01-31,2008-01-28,1,True,-3,True
ASN-1199,"Orgenics, Ltd",Haiti,2008-01-23,2008-01-23,1,True,0,True
ASN-12000,"Trinity Biotech, Plc",Nigeria,2011-09-12,2011-09-12,1,True,0,True
ASN-12025,"Standard Diagnostics, Inc.",Tanzania,2011-09-29,2011-09-30,1,True,1,False
ASN-12033,CIPLA LIMITED,South Africa,2011-07-14,2011-11-18,1,True,127,False
ASN-12034,CIPLA LIMITED,South Africa,2011-11-02,2011-12-06,1,True,34,False
ASN-12035,CIPLA LIMITED,South Africa,2011-12-13,2011-12-13,1,True,0,True
ASN-12036,HETERO LABS LIMITED,Vietnam,2011-10-19,2011-10-19,1,True,0,True
ASN-12078,GLAXOSMITHKLINE EXPORT LIMITED,South Africa,2011-12-02,2011-12-02,1,True,0,True
ASN-12079,HETERO LABS LIMITED,Vietnam,2011-10-19,2011-10-19,1,True,0,True
ASN-12083,HETERO LABS LIMITED,Vietnam,2011-10-19,2011-10-19,1,True,0,True
ASN-12088,ABBVIE LOGISTICS (FORMERLY ABBOTT LOGISTICS BV),Tanzania,2011-10-24,2011-10-24,1,True,0,True
ASN-12090,NOVARTIS PHARMA SERVICES AG,Nigeria,2011-09-23,2011-09-23,1,True,0,True
ASN-12093,"Standard Diagnostics, Inc.",Tanzania,2011-09-29,2011-09-29,1,True,0,True
ASN-12094,"Standard Diagnostics, Inc.",Tanzania,2011-09-29,2011-09-29,1,True,0,True
ASN-12096,"Orgenics, Ltd",Tanzania,2011-10-05,2011-10-05,1,True,0,True
ASN-12097,"Orgenics, Ltd",Kenya,2011-09-30,2011-09-30,1,True,0,True
ASN-12098,"Orgenics, Ltd",Kenya,2011-09-30,2011-09-30,1,True,0,True
ASN-12115,"Orgenics, Ltd",Namibia,2011-09-20,2011-09-20,1,True,0,True
ASN-12116,"Orgenics, Ltd",Mozambique,2011-10-26,2011-10-26,1,True,0,True
ASN-12145,"Standard Diagnostics, Inc.",Dominican Republic,2011-09-27,2011-09-27,2,True,0,True
ASN-12152,IDIS LIMITED,Guatemala,2011-09-12,2011-09-12,2,True,0,True
ASN-12153,HETERO LABS LIMITED,South Africa,2011-10-17,2011-10-17,1,True,0,True
ASN-12154,HETERO LABS LIMITED,Vietnam,2011-10-18,2011-10-18,1,True,0,True
ASN-12159,"Standard Diagnostics, Inc.",Tanzania,2011-09-29,2011-10-05,1,True,6,False
ASN-12162,"Standard Diagnostics, Inc.",Tanzania,2011-09-29,2011-10-05,1,True,6,False
ASN-12163,"Trinity Biotech, Plc",Namibia,2011-10-05,2011-10-05,1,True,0,True
ASN-12169,Aurobindo Pharma Limited,South Africa,2011-10-10,2011-11-03,1,True,24,False
ASN-12170,Aurobindo Pharma Limited,South Africa,2011-10-10,2011-11-03,1,True,24,False
ASN-12171,Aurobindo Pharma Limited,South Africa,2011-10-10,2011-10-25,1,True,15,False
ASN-12172,Aurobindo Pharma Limited,South Africa,2011-09-14,2011-10-27,1,True,43,False
ASN-12188,CIPLA LIMITED,South Africa,2011-07-14,2011-11-18,1,True,127,False
ASN-12189,CIPLA LIMITED,South Africa,2011-11-18,2011-11-18,1,True,0,True
ASN-12190,CIPLA LIMITED,South Africa,2011-12-09,2011-12-09,1,True,0,True
ASN-12214,ABBVIE LOGISTICS (FORMERLY ABBOTT LOGISTICS BV),Mozambique,2011-11-08,2011-11-08,1,True,0,True
ASN-12216,Hoffmann-La Roche ltd Basel,Mozambique,2011-11-02,2011-11-02,1,True,0,True
ASN-12230,Aurobindo Pharma Limited,Rwanda,2011-09-27,2011-09-27,1,True,0,True
ASN-12242,"Orgenics, Ltd",Zimbabwe,2011-10-19,2011-10-19,1,True,0,True
ASN-12245,"Orgenics, Ltd",Zimbabwe,2011-10-19,2011-10-18,1,True,-1,True
ASN-12247,"Orgenics, Ltd",Zimbabwe,2011-10-19,2011-10-19,1,True,0,True
ASN-12248,"Standard Diagnostics, Inc.",Tanzania,2011-09-29,2011-10-29,1,True,30,False
ASN-12256,Aurobindo Pharma Limited,South Africa,2011-11-08,2011-11-08,1,True,0,True
ASN-12265,"Orgenics, Ltd",Dominican Republic,2011-10-07,2011-10-07,1,True,0,True
ASN-12267,"Orgenics, Ltd",Liberia,2011-10-13,2011-10-13,1,True,0,True
ASN-12268,GLAXOSMITHKLINE EXPORT LIMITED,South Africa,2011-11-18,2011-11-18,1,True,0,True
ASN-12269,GLAXOSMITHKLINE EXPORT LIMITED,South Africa,2011-11-18,2011-11-18,1,True,0,True
ASN-12274,HETERO LABS LIMITED,Vietnam,2011-10-24,2011-10-24,1,True,0,True
ASN-12290,STRIDES ARCOLAB LIMITED,South Africa,2011-11-23,2011-11-23,1,True,0,True
ASN-12291,HETERO LABS LIMITED,Vietnam,2011-10-24,2011-10-24,1,True,0,True
ASN-12293,ABBVIE LOGISTICS (FORMERLY ABBOTT LOGISTICS BV),Côte d'Ivoire,2011-10-17,2011-10-17,1,True,0,True
ASN-123,Aurobindo Pharma Limited,Zambia,2006-12-20,2006-12-20,3,True,0,True
ASN-1230,Aurobindo Pharma Limited,Vietnam,2008-02-01,2008-02-01,2,True,0,True
ASN-12300,"Trinity Biotech, Plc",Kenya,2011-11-04,2011-11-04,1,True,0,True
ASN-1231,Aurobindo Pharma Limited,Vietnam,2008-01-22,2008-01-22,2,True,0,True
ASN-12331,"CHEMBIO DIAGNOSTIC SYSTEMS, INC.",Nigeria,2011-10-12,2011-10-12,1,True,0,True
ASN-12332,"Trinity Biotech, Plc",Sudan,2012-01-11,2012-01-11,1,True,0,True
ASN-12337,"Trinity Biotech, Plc",Sudan,2012-01-11,2012-01-11,1,True,0,True
ASN-12338,"Trinity Biotech, Plc",Sudan,2012-01-11,2012-01-11,1,True,0,True
ASN-12339,"Trinity Biotech, Plc",Sudan,2012-01-11,2012-01-11,1,True,0,True
ASN-12360,ABBVIE LOGISTICS (FORMERLY ABBOTT LOGISTICS BV),Vietnam,2011-10-19,2011-10-19,1,True,0,True
ASN-12361,Aurobindo Pharma Limited,Ethiopia,2011-10-31,2011-10-31,1,True,0,True
ASN-12376,Aurobindo Pharma Limited,South Africa,2011-11-22,2011-11-22,1,True,0,True
ASN-12380,Aurobindo Pharma Limited,South Africa,2012-01-04,2012-01-04,1,True,0,True
ASN-12381,Aurobindo Pharma Limited,South Africa,2011-11-22,2011-11-22,1,True,0,True
ASN-12382,MERCK SHARP & DOHME IDEA GMBH (FORMALLY MERCK SHARP & DOHME B.V.),Haiti,2011-10-18,2011-10-18,1,True,0,True
ASN-12387,Aurobindo Pharma Limited,South Africa,2011-10-05,2011-11-24,1,True,50,False
ASN-12397,"CHEMBIO DIAGNOSTIC SYSTEMS, INC.",Nigeria,2011-10-19,2011-10-19,1,True,0,True
ASN-124,STRIDES ARCOLAB LIMITED,Uganda,2007-01-02,2007-01-02,1,True,0,True
ASN-12401,Orasure Technologies Inc.,Cameroon,2011-10-28,2011-10-28,1,True,0,True
ASN-12405,"Standard Diagnostics, Inc.",Liberia,2011-10-20,2011-10-20,1,True,0,True
ASN-12428,"Orgenics, Ltd",Zambia,2011-10-26,2011-10-26,1,True,0,True
ASN-12443,"Standard Diagnostics, Inc.",Kenya,2011-10-31,2011-10-31,1,True,0,True
ASN-12455,"Orgenics, Ltd",Rwanda,2011-11-04,2011-11-04,1,True,0,True
ASN-12468,"Orgenics, Ltd",Kenya,2011-11-04,2011-11-04,1,True,0,True
ASN-12469,"Orgenics, Ltd",Kenya,2011-11-04,2011-11-04,1,True,0,True
ASN-12470,"Orgenics, Ltd",Kenya,2011-11-04,2011-11-04,1,True,0,True
ASN-12475,"Orgenics, Ltd",Mozambique,2011-11-22,2011-11-22,1,True,0,True
ASN-12476,"Orgenics, Ltd",Mozambique,2011-11-22,2011-12-05,1,True,13,False
ASN-12478,MERCK SHARP & DOHME IDEA GMBH (FORMALLY MERCK SHARP & DOHME B.V.),Uganda,2011-10-19,2011-10-19,1,True,0,True
ASN-12494,MYLAN LABORATORIES LTD (FORMERLY MATRIX LABORATORIES),Swaziland,2011-12-15,2011-12-15,1,True,0,True
ASN-12497,CIPLA LIMITED,South Africa,2011-12-07,2011-12-07,1,True,0,True
ASN-125,SUN PHARMACEUTICAL INDUSTRIES LTD (RANBAXY LABORATORIES LIMITED),Uganda,2006-12-22,2006-12-22,1,True,0,True
ASN-1251,"JSI R&T INSTITUTE, INC.",South Africa,2008-01-29,2008-01-29,15,True,0,True
ASN-1252,"JSI R&T INSTITUTE, INC.",South Africa,2008-01-29,2007-01-24,1,True,-370,True
ASN-1253,"Orgenics, Ltd",Rwanda,2008-01-31,2008-01-31,1,True,0,True
ASN-12532,MYLAN LABORATORIES LTD (FORMERLY MATRIX LABORATORIES),Swaziland,2011-11-16,2011-11-16,1,True,0,True
ASN-12550,"Orgenics, Ltd",Dominican Republic,2011-10-27,2011-10-27,1,True,0,True
ASN-12551,"Orgenics, Ltd",Dominican Republic,2011-10-27,2011-10-27,1,True,0,True
ASN-12560,EMCURE PHARMACEUTICALS LTD,South Africa,2011-11-02,2011-11-02,1,True,0,True
ASN-12572,"Trinity Biotech, Plc",Liberia,2011-10-31,2011-10-31,1,True,0,True
ASN-12598,ABBVIE LOGISTICS (FORMERLY ABBOTT LOGISTICS BV),Zimbabwe,2011-11-21,2011-11-21,1,True,0,True
ASN-12601,CIPLA LIMITED,Rwanda,2011-12-13,2011-12-13,1,True,0,True
ASN-12610,"Orgenics, Ltd",Mozambique,2011-12-12,2011-12-12,1,True,0,True
ASN-12611,"Orgenics, Ltd",Mozambique,2011-12-12,2011-12-12,1,True,0,True
ASN-12624,CIPLA LIMITED,South Africa,2011-11-25,2011-11-25,1,True,0,True
ASN-12625,CIPLA LIMITED,South Africa,2011-11-25,2011-11-25,1,True,0,True
ASN-12626,CIPLA LIMITED,South Africa,2011-12-07,2011-12-06,1,True,-1,True
ASN-12628,HETERO LABS LIMITED,South Africa,2011-12-07,2011-12-07,1,True,0,True
ASN-12645,"Trinity Biotech, Plc",Rwanda,2011-11-23,2011-11-23,1,True,0,True
ASN-12660,"Trinity Biotech, Plc",Rwanda,2011-12-13,2011-12-13,1,True,0,True
ASN-12662,"Orgenics, Ltd",Cameroon,2011-11-18,2011-11-18,1,True,0,True
ASN-1269,"Orgenics, Ltd",Nigeria,2008-02-05,2008-02-05,1,True,0,True
ASN-127,Aurobindo Pharma Limited,Uganda,2006-12-21,2006-12-21,3,True,0,True
ASN-12701,HUMAN GMBH,Cameroon,2011-11-18,2011-11-18,1,True,0,True
ASN-12707,"CHEMBIO DIAGNOSTIC SYSTEMS, INC.",Côte d'Ivoire,2011-12-01,2011-12-01,1,True,0,True
ASN-12713,ABBVIE LOGISTICS (FORMERLY ABBOTT LOGISTICS BV),Vietnam,2011-11-17,2011-11-17,1,True,0,True
ASN-12727,ABBVIE LOGISTICS (FORMERLY ABBOTT LOGISTICS BV),Vietnam,2011-11-23,2011-11-23,1,True,0,True
ASN-1273,"Trinity Biotech, Plc",Haiti,2008-02-11,2008-02-11,1,True,0,True
ASN-12743,GLAXOSMITHKLINE EXPORT LIMITED,South Africa,2012-01-09,2012-01-09,1,True,0,True
ASN-12745,GLAXOSMITHKLINE EXPORT LIMITED,South Africa,2012-01-09,2012-01-09,1,True,0,True
ASN-12786,MYLAN LABORATORIES LTD (FORMERLY MATRIX LABORATORIES),Vietnam,2011-11-23,2011-11-23,1,True,0,True
ASN-12787,MYLAN LABORATORIES LTD (FORMERLY MATRIX LABORATORIES),Vietnam,2011-11-22,2011-11-22,1,True,0,True
ASN-12821,GLAXOSMITHKLINE EXPORT LIMITED,South Africa,2012-01-09,2012-01-09,1,True,0,True
ASN-12823,Aurobindo Pharma Limited,South Africa,2012-01-04,2012-01-04,1,True,0,True
ASN-12824,Aurobindo Pharma Limited,South Africa,2011-12-22,2011-12-22,1,True,0,True
ASN-12827,"Trinity Biotech, Plc",Zambia,2011-11-30,2011-11-30,1,True,0,True
ASN-12828,"Orgenics, Ltd",Sudan,2012-01-06,2012-01-06,1,True,0,True
ASN-12829,"Orgenics, Ltd",Sudan,2012-01-06,2012-01-06,1,True,0,True
ASN-12830,"Orgenics, Ltd",Sudan,2012-01-06,2012-01-06,1,True,0,True
ASN-12831,"Orgenics, Ltd",Sudan,2012-01-06,2012-01-06,1,True,0,True
ASN-12832,"Orgenics, Ltd",Sudan,2012-01-06,2012-01-06,1,True,0,True
ASN-12833,"Orgenics, Ltd",Sudan,2012-01-06,2012-01-06,1,True,0,True
ASN-12834,"Orgenics, Ltd",Sudan,2012-01-06,2012-01-06,1,True,0,True
ASN-12835,"Orgenics, Ltd",Sudan,2012-01-06,2012-01-06,1,True,0,True
ASN-12868,ABBVIE LOGISTICS (FORMERLY ABBOTT LOGISTICS BV),Guyana,2011-11-30,2011-11-30,1,True,0,True
ASN-12870,"Standard Diagnostics, Inc.",Tanzania,2011-09-29,2011-09-20,1,True,-9,True
ASN-12877,"Orgenics, Ltd",Nigeria,2011-12-19,2011-12-19,1,True,0,True
ASN-12878,"Orgenics, Ltd",Nigeria,2011-12-19,2011-12-09,1,True,-10,True
ASN-12879,"Orgenics, Ltd",Nigeria,2011-12-19,2011-12-09,1,True,-10,True
ASN-12885,"Orgenics, Ltd",Zimbabwe,2011-12-22,2011-12-22,1,True,0,True
ASN-12886,"Orgenics, Ltd",Tanzania,2012-01-30,2012-01-30,1,True,0,True
ASN-129,ASPEN PHARMACARE,Uganda,2006-12-22,2006-12-22,1,True,0,True
ASN-12905,ABBVIE LOGISTICS (FORMERLY ABBOTT LOGISTICS BV),Guyana,2011-11-30,2011-11-30,1,True,0,True
ASN-12934,MYLAN LABORATORIES LTD (FORMERLY MATRIX LABORATORIES),Côte d'Ivoire,2011-12-01,2011-12-01,1,True,0,True
ASN-12941,"Trinity Biotech, Plc",Nigeria,2011-12-13,2011-12-13,1,True,0,True
ASN-12948,EMCURE PHARMACEUTICALS LTD,South Africa,2011-12-01,2011-12-01,1,True,0,True
ASN-12957,"Orgenics, Ltd",Côte d'Ivoire,2011-12-14,2011-12-14,1,True,0,True
ASN-12988,CIPLA LIMITED,South Africa,2011-12-13,2012-01-30,1,True,48,False
ASN-12989,CIPLA LIMITED,South Africa,2012-01-31,2012-01-31,1,True,0,True
ASN-12990,CIPLA LIMITED,South Africa,2012-01-31,2012-01-31,1,True,0,True
ASN-12991,CIPLA LIMITED,South Africa,2012-01-12,2012-01-12,1,True,0,True
ASN-12992,Aurobindo Pharma Limited,South Africa,2012-01-04,2012-01-04,1,True,0,True
ASN-12993,Aurobindo Pharma Limited,South Africa,2011-12-22,2012-01-04,1,True,13,False
ASN-13,Hoffmann-La Roche ltd Basel,Vietnam,2006-09-03,2006-09-03,1,True,0,True
ASN-130,MERCK SHARP & DOHME IDEA GMBH (FORMALLY MERCK SHARP & DOHME B.V.),Zambia,2007-01-08,2007-01-08,2,True,0,True
ASN-1301,"Trinity Biotech, Plc",Haiti,2008-02-27,2008-02-18,1,True,-9,True
ASN-13012,STRIDES ARCOLAB LIMITED,Vietnam,2011-12-20,2011-12-20,1,True,0,True
ASN-13013,STRIDES ARCOLAB LIMITED,Vietnam,2011-12-20,2011-12-20,1,True,0,True
ASN-13025,ABBVIE LOGISTICS (FORMERLY ABBOTT LOGISTICS BV),Tanzania,2012-01-19,2012-01-19,1,True,0,True
ASN-13031,"Orgenics, Ltd",Zambia,2011-12-20,2011-12-20,1,True,0,True
ASN-13032,"Orgenics, Ltd",Zambia,2011-12-20,2011-12-16,1,True,-4,True
ASN-13033,"Orgenics, Ltd",Zambia,2011-12-20,2011-12-16,1,True,-4,True
ASN-13034,"Orgenics, Ltd",Zambia,2011-12-20,2011-12-20,1,True,0,True
ASN-13035,"Orgenics, Ltd",Zambia,2011-12-20,2011-12-16,1,True,-4,True
ASN-1305,CIPLA LIMITED,Rwanda,2008-04-28,2008-03-11,1,True,-48,True
ASN-13054,Aurobindo Pharma Limited,South Africa,2012-01-16,2012-01-16,1,True,0,True
ASN-13057,Aurobindo Pharma Limited,South Africa,2012-01-16,2012-01-23,1,True,7,False
ASN-13058,Aurobindo Pharma Limited,South Africa,2011-10-13,2012-01-24,1,True,103,False
ASN-13082,"Trinity Biotech, Plc",Tanzania,2012-02-09,2012-02-09,1,True,0,True
ASN-13100,STRIDES ARCOLAB LIMITED,Vietnam,2011-12-22,2011-12-22,1,True,0,True
ASN-13101,STRIDES ARCOLAB LIMITED,Vietnam,2011-12-22,2011-12-22,1,True,0,True
ASN-13118,MERCK SHARP & DOHME IDEA GMBH (FORMALLY MERCK SHARP & DOHME B.V.),Uganda,2012-01-04,2012-01-04,1,True,0,True
ASN-13133,EMCURE PHARMACEUTICALS LTD,South Africa,2011-12-01,2011-12-19,1,True,18,False
ASN-13144,"Trinity Biotech, Plc",Kenya,2012-02-03,2012-02-03,1,True,0,True
ASN-13148,"Orgenics, Ltd",Kenya,2012-01-17,2012-01-17,1,True,0,True
ASN-13149,"Orgenics, Ltd",Kenya,2012-01-17,2012-01-17,1,True,0,True
ASN-13150,"Orgenics, Ltd",Kenya,2012-01-17,2012-01-17,1,True,0,True
ASN-13152,MYLAN LABORATORIES LTD (FORMERLY MATRIX LABORATORIES),Haiti,2011-12-22,2011-12-22,1,True,0,True
ASN-13166,Aurobindo Pharma Limited,South Africa,2012-01-16,2012-01-23,1,True,7,False
ASN-13167,Aurobindo Pharma Limited,South Africa,2012-01-16,2012-01-23,1,True,7,False
ASN-1318,"Trinity Biotech, Plc",Haiti,2008-02-18,2008-02-18,1,True,0,True
ASN-1319,"Trinity Biotech, Plc",Haiti,2008-02-18,2008-02-18,1,True,0,True
ASN-13202,ABBVIE LOGISTICS (FORMERLY ABBOTT LOGISTICS BV),Côte d'Ivoire,2011-12-22,2011-12-22,1,True,0,True
ASN-13212,"Orgenics, Ltd",South Sudan,2012-02-08,2012-02-08,1,True,0,True
ASN-13217,"Orgenics, Ltd",Mozambique,2011-12-12,2011-11-30,1,True,-12,True
ASN-13223,Hoffmann-La Roche ltd Basel,Uganda,2012-01-14,2012-01-14,1,True,0,True
ASN-13226,EMCURE PHARMACEUTICALS LTD,South Africa,2011-12-01,2012-01-09,1,True,39,False
ASN-1327,"Trinity Biotech, Plc",Haiti,2008-02-18,2008-02-18,1,True,0,True
ASN-13273,"Orgenics, Ltd",Sudan,2012-02-03,2012-02-03,1,True,0,True
ASN-13274,"Orgenics, Ltd",Sudan,2012-02-03,2012-02-03,1,True,0,True
ASN-13275,"Orgenics, Ltd",Sudan,2012-02-03,2012-02-03,1,True,0,True
ASN-13276,"Orgenics, Ltd",Sudan,2012-02-03,2012-02-03,1,True,0,True
ASN-13278,"Trinity Biotech, Plc",Sudan,2012-02-07,2012-02-07,1,True,0,True
ASN-1328,"Trinity Biotech, Plc",Haiti,2008-02-18,2008-02-18,1,True,0,True
ASN-13285,CIPLA LIMITED,South Africa,2012-01-27,2012-01-27,1,True,0,True
ASN-1329,ASPEN PHARMACARE,Ethiopia,2008-03-04,2008-03-04,2,True,0,True
ASN-13290,CIPLA LIMITED,South Africa,2012-01-27,2012-01-27,1,True,0,True
ASN-13291,CIPLA LIMITED,South Africa,2012-01-12,2012-01-27,1,True,15,False
ASN-13302,CIPLA LIMITED,South Africa,2012-01-12,2012-01-27,1,True,15,False
ASN-13315,ABBVIE LOGISTICS (FORMERLY ABBOTT LOGISTICS BV),Côte d'Ivoire,2012-03-23,2012-03-23,1,True,0,True
ASN-13316,ABBVIE LOGISTICS (FORMERLY ABBOTT LOGISTICS BV),Côte d'Ivoire,2012-03-23,2012-03-23,1,True,0,True
ASN-13338,IDA FOUNDATION,Nigeria,2012-01-09,2012-01-09,1,True,0,True
ASN-13341,Aurobindo Pharma Limited,Rwanda,2012-04-13,2012-04-13,1,True,0,True
ASN-13347,"Trinity Biotech, Plc",Sudan,2012-02-08,2012-02-08,1,True,0,True
ASN-13348,"Trinity Biotech, Plc",Sudan,2012-02-07,2012-02-07,1,True,0,True
ASN-13349,"Trinity Biotech, Plc",Sudan,2012-02-07,2012-02-07,1,True,0,True
ASN-13367,Aurobindo Pharma Limited,Swaziland,2012-02-06,2012-02-06,1,True,0,True
ASN-13371,Aurobindo Pharma Limited,Rwanda,2012-01-24,2012-01-24,1,True,0,True
ASN-13372,Aurobindo Pharma Limited,Rwanda,2012-01-24,2012-01-25,1,True,1,False
ASN-13373,Aurobindo Pharma Limited,Rwanda,2012-01-24,2012-01-26,1,True,2,False
ASN-13382,Aurobindo Pharma Limited,Swaziland,2012-03-19,2012-03-19,1,True,0,True
ASN-13396,"Trinity Biotech, Plc",South Sudan,2012-02-09,2012-02-09,1,True,0,True
ASN-1340,ABBVIE LOGISTICS (FORMERLY ABBOTT LOGISTICS BV),Vietnam,2008-03-06,2008-03-06,1,True,0,True
ASN-1341,ABBVIE LOGISTICS (FORMERLY ABBOTT LOGISTICS BV),Vietnam,2008-01-22,2008-03-07,1,True,45,False
ASN-13410,Aurobindo Pharma Limited,Vietnam,2012-02-18,2012-02-18,3,True,0,True
ASN-13412,AMSTELFARMA B.V.,Haiti,2012-01-18,2012-01-18,3,True,0,True
ASN-13435,ASPEN PHARMACARE,Uganda,2012-01-06,2012-01-06,1,True,0,True
ASN-13437,ASPEN PHARMACARE,Uganda,2012-01-04,2012-01-04,1,True,0,True
ASN-13447,"Standard Diagnostics, Inc.",Haiti,2012-01-23,2012-01-23,1,True,0,True
ASN-13448,Premier Medical Corporation Ltd.,Haiti,2012-01-30,2012-01-30,1,True,0,True
ASN-13475,Aurobindo Pharma Limited,Vietnam,2012-03-01,2012-03-01,6,True,0,True
ASN-13476,Aurobindo Pharma Limited,Rwanda,2012-01-24,2012-01-24,1,True,0,True
ASN-13518,ABBVIE LOGISTICS (FORMERLY ABBOTT LOGISTICS BV),Rwanda,2012-01-27,2012-01-27,1,True,0,True
ASN-13528,"Orgenics, Ltd",Rwanda,2012-02-13,2012-02-13,1,True,0,True
ASN-13529,"Orgenics, Ltd",Tanzania,2012-02-09,2012-02-09,1,True,0,True
ASN-13534,"Trinity Biotech, Plc",Mozambique,2012-02-29,2012-02-29,1,True,0,True
ASN-13536,"Orgenics, Ltd",Sudan,2012-02-20,2012-02-20,1,True,0,True
ASN-13537,"Orgenics, Ltd",Sudan,2012-02-20,2012-02-20,1,True,0,True
ASN-13538,"Orgenics, Ltd",Sudan,2012-02-20,2012-02-20,1,True,0,True
ASN-13539,"Orgenics, Ltd",Sudan,2012-02-20,2012-02-20,1,True,0,True
ASN-1354,"CHEMBIO DIAGNOSTIC SYSTEMS, INC.",Nigeria,2008-04-21,2008-02-29,1,True,-52,True
ASN-13540,"CHEMBIO DIAGNOSTIC SYSTEMS, INC.",Côte d'Ivoire,2012-02-06,2012-02-06,1,True,0,True
ASN-13542,"Trinity Biotech, Plc",Zambia,2012-03-09,2012-03-09,1,True,0,True
ASN-1355,"Standard Diagnostics, Inc.",Benin,2008-03-04,2008-03-04,1,True,0,True
ASN-13551,"ACCESS BIO, INC.",Haiti,2012-02-14,2012-02-14,1,True,0,True
ASN-13559,ABBVIE LOGISTICS (FORMERLY ABBOTT LOGISTICS BV),Rwanda,2012-02-02,2012-02-02,1,True,0,True
ASN-13560,"Trinity Biotech, Plc",Kenya,2012-02-16,2012-02-16,1,True,0,True
ASN-13564,BIOLYTICAL LABORATORIES INC.,Kenya,2012-02-08,2012-02-08,1,True,0,True
ASN-13565,"Trinity Biotech, Plc","Congo, DRC",2012-08-03,2012-08-03,1,True,0,True
ASN-13582,"Orgenics, Ltd",Côte d'Ivoire,2012-02-17,2012-02-17,1,True,0,True
ASN-136,"Trinity Biotech, Plc",Guyana,2006-12-29,2006-12-29,1,True,0,True
ASN-13616,MERCK SHARP & DOHME IDEA GMBH (FORMALLY MERCK SHARP & DOHME B.V.),Haiti,2012-02-13,2012-02-13,1,True,0,True
ASN-13651,Aurobindo Pharma Limited,Zambia,2012-02-29,2012-02-29,1,True,0,True
ASN-13657,ABBVIE LOGISTICS (FORMERLY ABBOTT LOGISTICS BV),Côte d'Ivoire,2012-03-23,2012-03-23,1,True,0,True
ASN-13658,ABBVIE LOGISTICS (FORMERLY ABBOTT LOGISTICS BV),Côte d'Ivoire,2012-03-23,2012-03-23,1,True,0,True
ASN-1366,BUNDI INTERNATIONAL DIAGNOSTICS LTD,Nigeria,2008-01-24,2008-01-24,1,True,0,True
ASN-13663,Premier Medical Corporation Ltd.,Kenya,2012-03-13,2012-03-13,1,True,0,True
ASN-1368,"Trinity Biotech, Plc",Mozambique,2008-03-27,2008-03-27,1,True,0,True
ASN-13697,MERCK SHARP & DOHME IDEA GMBH (FORMALLY MERCK SHARP & DOHME B.V.),Uganda,2012-02-14,2012-02-14,1,True,0,True
ASN-137,"Trinity Biotech, Plc",Zambia,2007-01-08,2007-01-08,1,True,0,True
ASN-13722,ABBVIE LOGISTICS (FORMERLY ABBOTT LOGISTICS BV),Rwanda,2012-02-27,2012-02-27,1,True,0,True
ASN-13723,ABBVIE LOGISTICS (FORMERLY ABBOTT LOGISTICS BV),Ethiopia,2012-02-20,2012-02-20,1,True,0,True
ASN-13724,MERCK SHARP & DOHME IDEA GMBH (FORMALLY MERCK SHARP & DOHME B.V.),Haiti,2012-03-14,2012-03-14,1,True,0,True
ASN-13748,"SHANGHAI KEHUA BIOENGINEERING CO.,LTD.  (KHB)",Haiti,2012-03-05,2012-03-05,1,True,0,True
ASN-13751,EY Laboratories,Kenya,2012-02-21,2012-02-21,1,True,0,True
ASN-13752,MERCK SHARP & DOHME IDEA GMBH (FORMALLY MERCK SHARP & DOHME B.V.),Côte d'Ivoire,2012-02-20,2012-02-20,1,True,0,True
ASN-13763,"Trinity Biotech, Plc",Namibia,2012-02-14,2012-02-14,1,True,0,True
ASN-13764,"Trinity Biotech, Plc",Rwanda,2012-02-25,2012-02-25,1,True,0,True
ASN-13766,Aurobindo Pharma Limited,Zambia,2012-03-05,2012-03-05,1,True,0,True
ASN-13770,ABBVIE LOGISTICS (FORMERLY ABBOTT LOGISTICS BV),Tanzania,2012-03-09,2012-03-09,1,True,0,True
ASN-13788,MYLAN LABORATORIES LTD (FORMERLY MATRIX LABORATORIES),Côte d'Ivoire,2012-03-09,2012-03-09,1,True,0,True
ASN-1380,"Orgenics, Ltd",Benin,2008-03-10,2008-03-04,1,True,-6,True
ASN-1381,"Orgenics, Ltd",Nigeria,2008-03-12,2008-03-10,1,True,-2,True
ASN-13818,"Orgenics, Ltd",Mozambique,2012-05-02,2012-05-02,1,True,0,True
ASN-13819,"Orgenics, Ltd",Mozambique,2012-05-02,2012-05-02,1,True,0,True
ASN-13822,"Orgenics, Ltd",Mozambique,2012-05-02,2012-05-02,1,True,0,True
ASN-13847,MEDMIRA EAST AFRICA LTD.,Kenya,2012-02-06,2012-02-06,1,True,0,True
ASN-13850,"Orgenics, Ltd",Tanzania,2012-03-07,2012-03-07,1,True,0,True
ASN-13851,"Orgenics, Ltd",Tanzania,2012-03-07,2012-03-08,1,True,1,False
ASN-13852,"Orgenics, Ltd",Tanzania,2012-03-07,2012-03-07,1,True,0,True
ASN-13875,"SHANGHAI KEHUA BIOENGINEERING CO.,LTD.  (KHB)",Ethiopia,2012-03-14,2012-03-14,1,True,0,True
ASN-13876,"SHANGHAI KEHUA BIOENGINEERING CO.,LTD.  (KHB)",Ethiopia,2012-03-12,2012-03-12,1,True,0,True
ASN-13884,Aurobindo Pharma Limited,Zambia,2012-03-14,2012-03-14,1,True,0,True
ASN-139,BRISTOL-MYERS SQUIBB,Zimbabwe,2006-12-18,2006-12-18,1,True,0,True
ASN-13945,"Orgenics, Ltd",Kenya,2012-03-22,2012-03-22,1,True,0,True
ASN-13946,"Orgenics, Ltd",Kenya,2012-03-22,2012-03-22,1,True,0,True
ASN-13948,"Orgenics, Ltd",Pakistan,2012-06-29,2012-06-29,1,True,0,True
ASN-13949,"Orgenics, Ltd",Pakistan,2012-06-29,2012-06-29,1,True,0,True
ASN-13952,LAWRENCE LABORATORIES (SUBSIDIARY OF BRISTOL MYERS SQUIBB),Tanzania,2012-03-29,2012-03-29,2,True,0,True
ASN-13956,ABBVIE LOGISTICS (FORMERLY ABBOTT LOGISTICS BV),Zimbabwe,2012-04-02,2012-04-02,1,True,0,True
ASN-13957,ABBVIE LOGISTICS (FORMERLY ABBOTT LOGISTICS BV),Zimbabwe,2012-04-02,2012-04-02,1,True,0,True
ASN-13965,"Orgenics, Ltd",Zimbabwe,2012-03-20,2012-03-20,1,True,0,True
ASN-13966,"Orgenics, Ltd",Zimbabwe,2012-03-20,2012-03-20,1,True,0,True
ASN-14,Abbott GmbH & Co. KG,Côte d'Ivoire,2006-08-27,2006-08-27,1,True,0,True
ASN-1401,"Trinity Biotech, Plc",Rwanda,2008-07-11,2008-07-11,1,True,0,True
ASN-14016,Aurobindo Pharma Limited,Côte d'Ivoire,2012-07-05,2012-07-05,1,True,0,True
ASN-1402,"Trinity Biotech, Plc",Botswana,2008-04-03,2008-04-03,1,True,0,True
ASN-1403,"Trinity Biotech, Plc",Haiti,2008-03-10,2008-03-10,1,True,0,True
ASN-1405,SUB-SAHARAN BIOMEDICAL P.L.C.,Ethiopia,2008-02-27,2008-02-27,1,True,0,True
ASN-14064,STRIDES ARCOLAB LIMITED,Vietnam,2012-03-29,2012-03-29,1,True,0,True
ASN-14065,STRIDES ARCOLAB LIMITED,Vietnam,2012-04-13,2012-04-13,1,True,0,True
ASN-14078,"Orgenics, Ltd","Congo, DRC",2012-06-18,2012-06-18,1,True,0,True
ASN-14080,MERCK SHARP & DOHME IDEA GMBH (FORMALLY MERCK SHARP & DOHME B.V.),Côte d'Ivoire,2012-04-10,2012-04-10,1,True,0,True
ASN-14091,"Orgenics, Ltd",Côte d'Ivoire,2012-03-27,2012-03-27,1,True,0,True
ASN-14092,"Orgenics, Ltd",South Sudan,2012-04-18,2012-04-18,2,True,0,True
ASN-141,"Trinity Biotech, Plc",Nigeria,2007-01-18,2007-01-18,1,True,0,True
ASN-1410,"Orgenics, Ltd",Nigeria,2008-03-12,2008-03-10,1,True,-2,True
ASN-14106,"Orgenics, Ltd",Namibia,2012-03-22,2012-03-22,1,True,0,True
ASN-14107,"Orgenics, Ltd",Swaziland,2012-04-02,2012-04-02,1,True,0,True
ASN-1411,"Orgenics, Ltd",Nigeria,2008-03-12,2008-03-12,1,True,0,True
ASN-14110,"Orgenics, Ltd",Côte d'Ivoire,2012-03-29,2012-03-29,1,True,0,True
ASN-1412,"Orgenics, Ltd",Benin,2008-03-10,2008-03-10,1,True,0,True
ASN-14125,Aurobindo Pharma Limited,Rwanda,2012-03-30,2012-03-30,4,True,0,True
ASN-14148,Aurobindo Pharma Limited,Haiti,2012-04-10,2012-04-10,1,True,0,True
ASN-14157,ABBVIE LOGISTICS (FORMERLY ABBOTT LOGISTICS BV),Haiti,2012-03-27,2012-03-27,1,True,0,True
ASN-14198,"Orgenics, Ltd",Namibia,2012-04-13,2012-04-13,1,True,0,True
ASN-14200,"CHEMBIO DIAGNOSTIC SYSTEMS, INC.",Ethiopia,2012-03-27,2012-03-27,1,True,0,True
ASN-14227,REINBOLD EXPORT IMPORT,Haiti,2012-03-06,2012-03-06,1,True,0,True
ASN-14231,"SHANGHAI KEHUA BIOENGINEERING CO.,LTD.  (KHB)",Ethiopia,2012-04-02,2012-04-02,1,True,0,True
ASN-14232,"SHANGHAI KEHUA BIOENGINEERING CO.,LTD.  (KHB)",Ethiopia,2012-04-02,2012-04-02,1,True,0,True
ASN-14233,"CHEMBIO DIAGNOSTIC SYSTEMS, INC.",Ethiopia,2012-03-27,2012-03-27,1,True,0,True
ASN-14234,"CHEMBIO DIAGNOSTIC SYSTEMS, INC.",Ethiopia,2012-03-27,2012-03-27,1,True,0,True
ASN-14235,"CHEMBIO DIAGNOSTIC SYSTEMS, INC.",Ethiopia,2012-03-27,2012-03-27,1,True,0,True
ASN-14274,"Orgenics, Ltd",Tanzania,2012-05-08,2012-05-08,1,True,0,True
ASN-14276,"Orgenics, Ltd",Tanzania,2012-05-08,2012-05-08,1,True,0,True
ASN-1430,Orasure Technologies Inc.,Lesotho,2008-03-12,2008-03-12,1,True,0,True
ASN-14302,"Trinity Biotech, Plc",Mozambique,2012-05-25,2012-05-25,1,True,0,True
ASN-14307,"CHEMBIO DIAGNOSTIC SYSTEMS, INC.",Côte d'Ivoire,2012-04-10,2012-04-10,1,True,0,True
ASN-14308,"Trinity Biotech, Plc",Swaziland,2012-05-31,2012-05-31,1,True,0,True
ASN-14309,"Trinity Biotech, Plc",Tanzania,2012-05-25,2012-05-25,1,True,0,True
ASN-14319,MYLAN LABORATORIES LTD (FORMERLY MATRIX LABORATORIES),Vietnam,2012-04-24,2012-04-24,2,True,0,True
ASN-14321,MYLAN LABORATORIES LTD (FORMERLY MATRIX LABORATORIES),Vietnam,2012-04-16,2012-04-16,2,True,0,True
ASN-14350,IDIS LIMITED,Guatemala,2012-05-21,2012-05-21,2,True,0,True
ASN-1439,ABBVIE LOGISTICS (FORMERLY ABBOTT LOGISTICS BV),Vietnam,2008-03-28,2008-03-28,1,True,0,True
ASN-144,EY Laboratories,Nigeria,2007-01-10,2007-01-10,1,True,0,True
ASN-14402,"Trinity Biotech, Plc",South Sudan,2012-05-15,2012-05-15,1,True,0,True
ASN-14408,Aurobindo Pharma Limited,Haiti,2012-04-22,2012-04-22,2,True,0,True
ASN-14433,"Orgenics, Ltd",Côte d'Ivoire,2012-04-25,2012-04-25,1,True,0,True
ASN-14450,CIPLA LIMITED,Rwanda,2012-05-23,2012-05-23,1,True,0,True
ASN-1448,Orasure Technologies Inc.,Botswana,2008-04-11,2008-04-11,1,True,0,True
ASN-14517,MYLAN LABORATORIES LTD (FORMERLY MATRIX LABORATORIES),Vietnam,2012-05-16,2012-05-16,4,True,0,True
ASN-14527,"Orgenics, Ltd",Mozambique,2012-08-20,2012-08-20,1,True,0,True
ASN-14546,Aurobindo Pharma Limited,Vietnam,2012-05-14,2012-05-14,1,True,0,True
ASN-14556,"Trinity Biotech, Plc",Ethiopia,2012-04-26,2012-04-26,1,True,0,True
ASN-14557,"Trinity Biotech, Plc",Ethiopia,2012-04-25,2012-04-25,1,True,0,True
ASN-14558,"Trinity Biotech, Plc",Ethiopia,2012-04-25,2012-04-25,1,True,0,True
ASN-14559,"Trinity Biotech, Plc",Ethiopia,2012-04-25,2012-04-25,1,True,0,True
ASN-146,"GILEAD SCIENCES IRELAND, INC.",Zambia,2007-01-09,2007-01-09,1,True,0,True
ASN-1462,"CHEMBIO DIAGNOSTIC SYSTEMS, INC.",Nigeria,2008-04-21,2008-03-27,1,True,-25,True
ASN-1463,Orasure Technologies Inc.,Haiti,2008-03-29,2008-03-29,1,True,0,True
ASN-14644,"Orgenics, Ltd",Tanzania,2012-05-25,2012-05-25,1,True,0,True
ASN-14645,"Orgenics, Ltd",Tanzania,2012-05-25,2012-05-25,1,True,0,True
ASN-14646,"Orgenics, Ltd",Tanzania,2012-05-25,2012-05-25,1,True,0,True
ASN-14647,"Trinity Biotech, Plc",Tanzania,2012-07-13,2012-07-13,1,True,0,True
ASN-1465,TURE PHARMACEUTICALS & MEDICAL SUPPLIES P.L.C.,Ethiopia,2008-03-11,2008-03-11,1,True,0,True
ASN-14659,MYLAN LABORATORIES LTD (FORMERLY MATRIX LABORATORIES),Rwanda,2012-04-26,2012-04-26,1,True,0,True
ASN-14660,"SHANGHAI KEHUA BIOENGINEERING CO.,LTD.  (KHB)",Burundi,2012-06-05,2012-06-05,1,True,0,True
ASN-1467,"CHEMBIO DIAGNOSTIC SYSTEMS, INC.",Nigeria,2008-04-17,2008-04-17,1,True,0,True
ASN-14678,MYLAN LABORATORIES LTD (FORMERLY MATRIX LABORATORIES),Côte d'Ivoire,2012-05-22,2012-05-22,1,True,0,True
ASN-1468,"Orgenics, Ltd",Côte d'Ivoire,2008-04-08,2008-04-08,1,True,0,True
ASN-1469,"Orgenics, Ltd",Côte d'Ivoire,2008-04-08,2008-04-04,1,True,-4,True
ASN-14696,ABBVIE LOGISTICS (FORMERLY ABBOTT LOGISTICS BV),Uganda,2012-05-04,2012-05-04,1,True,0,True
ASN-14701,ABBVIE LOGISTICS (FORMERLY ABBOTT LOGISTICS BV),Uganda,2012-05-04,2012-05-04,1,True,0,True
ASN-14702,ABBVIE LOGISTICS (FORMERLY ABBOTT LOGISTICS BV),Uganda,2012-05-04,2012-05-04,1,True,0,True
ASN-14729,THE MEDICAL EXPORT GROUP BV,Haiti,2012-05-10,2012-05-10,1,True,0,True
ASN-14757,MYLAN LABORATORIES LTD (FORMERLY MATRIX LABORATORIES),Vietnam,2012-05-15,2012-05-15,4,True,0,True
ASN-14780,"CHEMBIO DIAGNOSTIC SYSTEMS, INC.",Ethiopia,2012-05-08,2012-05-08,1,True,0,True
ASN-14783,"CHEMBIO DIAGNOSTIC SYSTEMS, INC.",Ethiopia,2012-05-09,2012-05-09,1,True,0,True
ASN-14784,"Trinity Biotech, Plc",Guyana,2012-05-23,2012-05-23,1,True,0,True
ASN-14785,"Trinity Biotech, Plc",Mozambique,2012-06-20,2012-06-20,1,True,0,True
ASN-14799,MYLAN LABORATORIES LTD (FORMERLY MATRIX LABORATORIES),Rwanda,2012-07-16,2012-07-16,1,True,0,True
ASN-14813,"Trinity Biotech, Plc",Malawi,2012-05-21,2012-05-21,1,True,0,True
ASN-14824,ASPEN PHARMACARE,Uganda,2012-05-10,2012-05-10,1,True,0,True
ASN-1483,BRISTOL-MYERS SQUIBB,Uganda,2008-03-31,2008-03-31,1,True,0,True
ASN-14830,"CHEMBIO DIAGNOSTIC SYSTEMS, INC.",Burundi,2012-06-01,2012-06-01,1,True,0,True
ASN-14834,MERCK SHARP & DOHME IDEA GMBH (FORMALLY MERCK SHARP & DOHME B.V.),Uganda,2012-05-21,2012-05-21,1,True,0,True
ASN-14835,MERCK SHARP & DOHME IDEA GMBH (FORMALLY MERCK SHARP & DOHME B.V.),Uganda,2012-05-21,2012-05-21,2,True,0,True
ASN-14843,MYLAN LABORATORIES LTD (FORMERLY MATRIX LABORATORIES),Haiti,2012-07-03,2012-07-03,1,True,0,True
ASN-1487,"Orgenics, Ltd",Namibia,2008-04-02,2008-04-02,1,True,0,True
ASN-14873,"Orgenics, Ltd",Côte d'Ivoire,2012-05-31,2012-05-31,1,True,0,True
ASN-14875,Aurobindo Pharma Limited,Vietnam,2012-06-05,2012-06-05,5,True,0,True
ASN-14880,ASPEN PHARMACARE,Uganda,2012-05-18,2012-05-18,2,True,0,True
ASN-14884,"Orgenics, Ltd",Malawi,2012-05-23,2012-05-23,1,True,0,True
ASN-14914,"SHANGHAI KEHUA BIOENGINEERING CO.,LTD.  (KHB)",Ethiopia,2012-05-18,2012-05-18,1,True,0,True
ASN-1492,BRISTOL-MYERS SQUIBB,Côte d'Ivoire,2008-04-08,2008-04-08,1,True,0,True
ASN-14921,ABBVIE LOGISTICS (FORMERLY ABBOTT LOGISTICS BV),Vietnam,2012-06-27,2012-06-27,1,True,0,True
ASN-14924,"SHANGHAI KEHUA BIOENGINEERING CO.,LTD.  (KHB)",Ethiopia,2012-05-18,2012-05-18,1,True,0,True
ASN-14933,"Trinity Biotech, Plc",South Sudan,2012-06-04,2012-06-04,1,True,0,True
ASN-14950,CIPLA LIMITED,Haiti,2012-06-12,2012-06-12,1,True,0,True
ASN-14951,CIPLA LIMITED,Haiti,2012-06-12,2012-06-12,1,True,0,True
ASN-14952,CIPLA LIMITED,Haiti,2012-06-12,2012-06-12,1,True,0,True
ASN-14973,ASPEN PHARMACARE,Uganda,2012-05-21,2012-05-21,1,True,0,True
ASN-14979,"Orgenics, Ltd",Burundi,2012-06-05,2012-06-05,1,True,0,True
ASN-14984,"Orgenics, Ltd",South Sudan,2012-06-15,2012-06-15,2,True,0,True
ASN-14987,IDA FOUNDATION,Nigeria,2012-06-05,2012-06-05,1,True,0,True
ASN-15,Abbott GmbH & Co. KG,Côte d'Ivoire,2006-09-16,2006-09-16,1,True,0,True
ASN-1502,"Orgenics, Ltd",Guyana,2008-04-09,2008-04-01,1,True,-8,True
ASN-1503,"Orgenics, Ltd",Guyana,2008-04-09,2008-04-09,1,True,0,True
ASN-15044,"Orgenics, Ltd",Guyana,2012-06-18,2012-06-18,1,True,0,True
ASN-15046,"CHEMBIO DIAGNOSTIC SYSTEMS, INC.",Côte d'Ivoire,2012-06-05,2012-06-05,1,True,0,True
ASN-15048,"Trinity Biotech, Plc","Congo, DRC",2012-08-02,2012-08-02,1,True,0,True
ASN-15068,"Trinity Biotech, Plc",Namibia,2012-07-16,2012-07-16,1,True,0,True
ASN-15069,"Orgenics, Ltd",Namibia,2012-07-05,2012-07-05,1,True,0,True
ASN-15070,"Orgenics, Ltd",Pakistan,2012-07-20,2012-07-20,1,True,0,True
ASN-15081,ABBVIE LOGISTICS (FORMERLY ABBOTT LOGISTICS BV),Vietnam,2012-07-06,2012-07-06,1,True,0,True
ASN-15131,NOVARTIS PHARMA SERVICES AG,Nigeria,2012-06-29,2012-06-29,1,True,0,True
ASN-15132,NOVARTIS PHARMA SERVICES AG,Nigeria,2012-07-03,2012-07-03,1,True,0,True
ASN-15140,MYLAN LABORATORIES LTD (FORMERLY MATRIX LABORATORIES),Rwanda,2012-08-23,2012-08-23,1,True,0,True
ASN-15150,LAWRENCE LABORATORIES (SUBSIDIARY OF BRISTOL MYERS SQUIBB),Haiti,2012-06-13,2012-06-13,1,True,0,True
ASN-15177,LAWRENCE LABORATORIES (SUBSIDIARY OF BRISTOL MYERS SQUIBB),Vietnam,2012-06-20,2012-06-20,1,True,0,True
ASN-1519,ABBVIE LOGISTICS (FORMERLY ABBOTT LOGISTICS BV),Haiti,2008-04-11,2008-04-11,1,True,0,True
ASN-1520,"JSI R&T INSTITUTE, INC.",South Africa,2008-01-21,2008-01-04,16,True,-17,True
ASN-15215,ABBVIE LOGISTICS (FORMERLY ABBOTT LOGISTICS BV),Rwanda,2012-06-29,2012-06-29,1,True,0,True
ASN-15225,ABBVIE LOGISTICS (FORMERLY ABBOTT LOGISTICS BV),Côte d'Ivoire,2012-07-03,2012-07-03,1,True,0,True
ASN-15231,CIPLA LIMITED,Rwanda,2012-06-22,2012-06-22,1,True,0,True
ASN-15232,CIPLA LIMITED,Rwanda,2012-06-15,2012-06-15,1,True,0,True
ASN-1526,"JSI R&T INSTITUTE, INC.",South Africa,2008-01-21,2008-01-21,1,True,0,True
ASN-15260,ABBVIE LOGISTICS (FORMERLY ABBOTT LOGISTICS BV),Ethiopia,2012-06-27,2012-06-27,1,True,0,True
ASN-15268,CIPLA LIMITED,Rwanda,2012-08-27,2012-08-27,1,True,0,True
ASN-15270,Hoffmann-La Roche ltd Basel,Rwanda,2012-07-05,2012-07-05,1,True,0,True
ASN-15272,ASPEN PHARMACARE,Uganda,2012-06-21,2012-06-21,1,True,0,True
ASN-15274,CIPLA LIMITED,Zambia,2012-06-26,2012-06-26,1,True,0,True
ASN-15275,Aurobindo Pharma Limited,Rwanda,2012-06-29,2012-06-29,1,True,0,True
ASN-15286,CIPLA LIMITED,Rwanda,2012-06-29,2012-06-29,1,True,0,True
ASN-15287,CIPLA LIMITED,Rwanda,2012-06-29,2012-06-29,1,True,0,True
ASN-15288,Aurobindo Pharma Limited,Rwanda,2012-06-29,2012-06-29,1,True,0,True
ASN-15289,ABBVIE LOGISTICS (FORMERLY ABBOTT LOGISTICS BV),Rwanda,2012-06-29,2012-06-29,1,True,0,True
ASN-1530,"JSI R&T INSTITUTE, INC.",South Africa,2008-02-05,2008-02-04,1,True,-1,True
ASN-15302,"Orgenics, Ltd",Malawi,2012-07-04,2012-07-04,1,True,0,True
ASN-15308,"Trinity Biotech, Plc",Malawi,2012-07-13,2012-07-13,1,True,0,True
ASN-1532,"JSI R&T INSTITUTE, INC.",South Africa,2008-02-05,2008-01-21,2,True,-15,True
ASN-15328,CIPLA LIMITED,Rwanda,2012-06-28,2012-06-28,2,True,0,True
ASN-15329,CIPLA LIMITED,Rwanda,2012-06-28,2012-06-28,1,True,0,True
ASN-15367,"Orgenics, Ltd",Kenya,2012-07-09,2012-07-09,1,True,0,True
ASN-15368,"Orgenics, Ltd",Kenya,2012-07-09,2012-07-09,1,True,0,True
ASN-15379,HETERO LABS LIMITED,Rwanda,2012-07-20,2012-07-20,1,True,0,True
ASN-15388,ABBVIE LOGISTICS (FORMERLY ABBOTT LOGISTICS BV),Vietnam,2012-07-26,2012-07-26,1,True,0,True
ASN-15396,"Orgenics, Ltd","Congo, DRC",2012-11-20,2012-11-20,1,True,0,True
ASN-15398,"Orgenics, Ltd",Côte d'Ivoire,2012-07-05,2012-07-05,1,True,0,True
ASN-15399,"Orgenics, Ltd",Tanzania,2012-07-25,2012-07-25,1,True,0,True
ASN-15425,ASPEN PHARMACARE,Uganda,2012-07-05,2012-07-05,1,True,0,True
ASN-15426,ASPEN PHARMACARE,Uganda,2012-07-05,2012-07-05,1,True,0,True
ASN-15427,Aurobindo Pharma Limited,Uganda,2012-07-23,2012-07-23,1,True,0,True
ASN-15428,Aurobindo Pharma Limited,Uganda,2012-07-23,2012-07-18,1,True,-5,True
ASN-15429,Aurobindo Pharma Limited,Uganda,2012-07-12,2012-07-12,1,True,0,True
ASN-1543,"CHEMBIO DIAGNOSTIC SYSTEMS, INC.",Uganda,2008-06-02,2008-06-02,1,True,0,True
ASN-15430,Aurobindo Pharma Limited,Uganda,2012-07-18,2012-07-23,1,True,5,False
ASN-15431,Aurobindo Pharma Limited,Uganda,2012-07-18,2012-07-18,1,True,0,True
ASN-15433,MERCK SHARP & DOHME IDEA GMBH (FORMALLY MERCK SHARP & DOHME B.V.),Haiti,2012-07-17,2012-07-17,1,True,0,True
ASN-15442,HETERO LABS LIMITED,Rwanda,2012-07-20,2012-07-20,1,True,0,True
ASN-15443,HETERO LABS LIMITED,Rwanda,2012-07-20,2012-07-20,1,True,0,True
ASN-15468,HETERO LABS LIMITED,Uganda,2012-07-27,2012-07-27,1,True,0,True
ASN-15470,AMSTELFARMA B.V.,"Congo, DRC",2012-12-07,2012-12-07,1,True,0,True
ASN-15475,"Orgenics, Ltd",Zimbabwe,2012-07-23,2012-07-23,1,True,0,True
ASN-15492,HETERO LABS LIMITED,Rwanda,2012-08-02,2012-08-02,1,True,0,True
ASN-155,Orasure Technologies Inc.,Nigeria,2006-12-17,2006-12-17,1,True,0,True
ASN-1550,BIO-RAD LABORATORIES (FRANCE),Côte d'Ivoire,2008-04-14,2008-04-17,1,True,3,False
ASN-15503,REINBOLD EXPORT IMPORT,Haiti,2012-06-28,2012-06-28,1,True,0,True
ASN-15514,HETERO LABS LIMITED,Uganda,2012-07-27,2012-07-27,2,True,0,True
ASN-1552,"Orgenics, Ltd",Nigeria,2008-05-08,2008-05-08,1,True,0,True
ASN-1553,"Orgenics, Ltd",Nigeria,2008-05-08,2008-04-07,1,True,-31,True
ASN-15536,"SHANGHAI KEHUA BIOENGINEERING CO.,LTD.  (KHB)",Haiti,2012-08-10,2012-08-10,1,True,0,True
ASN-15537,"Trinity Biotech, Plc",Ethiopia,2012-08-05,2012-08-05,1,True,0,True
ASN-15539,"Trinity Biotech, Plc",Ethiopia,2012-08-21,2012-08-21,1,True,0,True
ASN-15554,HETERO LABS LIMITED,Rwanda,2012-08-04,2012-08-04,2,True,0,True
ASN-15571,MYLAN LABORATORIES LTD (FORMERLY MATRIX LABORATORIES),Haiti,2012-10-22,2012-10-22,3,True,0,True
ASN-15616,STRIDES ARCOLAB LIMITED,Haiti,2012-08-07,2012-08-07,1,True,0,True
ASN-15626,HETERO LABS LIMITED,Rwanda,2012-08-04,2012-08-04,1,True,0,True
ASN-1563,"Orgenics, Ltd",Côte d'Ivoire,2008-04-25,2008-04-25,1,True,0,True
ASN-15640,"CHEMBIO DIAGNOSTIC SYSTEMS, INC.",Côte d'Ivoire,2012-08-16,2012-08-16,1,True,0,True
ASN-15643,"Orgenics, Ltd",Swaziland,2012-08-09,2012-08-09,1,True,0,True
ASN-15667,"Orgenics, Ltd",Kenya,2012-07-09,2012-07-28,1,True,19,False
ASN-15668,"Orgenics, Ltd",Kenya,2012-07-09,2012-07-28,1,True,19,False
ASN-15669,"Orgenics, Ltd",Kenya,2012-07-09,2012-07-28,1,True,19,False
ASN-15670,"Orgenics, Ltd",Kenya,2012-07-09,2012-07-30,1,True,21,False
ASN-15679,REINBOLD EXPORT IMPORT,Haiti,2012-06-28,2012-07-05,1,True,7,False
ASN-15698,"Orgenics, Ltd",Nigeria,2012-08-01,2012-08-01,1,True,0,True
ASN-15699,"Orgenics, Ltd",Mozambique,2012-09-04,2012-09-04,1,True,0,True
ASN-15704,"SHANGHAI KEHUA BIOENGINEERING CO.,LTD.  (KHB)",Ethiopia,2012-07-31,2012-07-31,1,True,0,True
ASN-15705,"SHANGHAI KEHUA BIOENGINEERING CO.,LTD.  (KHB)",Ethiopia,2012-07-31,2012-07-31,1,True,0,True
ASN-15720,"Trinity Biotech, Plc",South Sudan,2012-09-05,2012-09-05,1,True,0,True
ASN-15729,MYLAN LABORATORIES LTD (FORMERLY MATRIX LABORATORIES),Rwanda,2012-08-07,2012-08-07,1,True,0,True
ASN-15733,"Trinity Biotech, Plc",Kenya,2012-09-05,2012-09-05,1,True,0,True
ASN-15742,Aurobindo Pharma Limited,Rwanda,2012-08-06,2012-08-06,1,True,0,True
ASN-15743,"Trinity Biotech, Plc",Zambia,2012-08-16,2012-08-16,1,True,0,True
ASN-15749,"Orgenics, Ltd",Mozambique,2012-09-04,2012-09-04,1,True,0,True
ASN-1576,"Orgenics, Ltd",Zambia,2008-04-22,2008-05-05,1,True,13,False
ASN-15765,MYLAN LABORATORIES LTD (FORMERLY MATRIX LABORATORIES),Rwanda,2012-08-16,2012-08-16,1,True,0,True
ASN-1577,"Orgenics, Ltd",Zambia,2008-04-22,2008-04-22,1,True,0,True
ASN-15775,HETERO LABS LIMITED,Uganda,2012-08-03,2012-08-03,1,True,0,True
ASN-15777,Aurobindo Pharma Limited,Vietnam,2012-08-23,2012-08-23,1,True,0,True
ASN-15787,SYSMEX AMERICA INC,Haiti,2012-08-08,2012-08-08,1,True,0,True
ASN-15788,ABBVIE LOGISTICS (FORMERLY ABBOTT LOGISTICS BV),Haiti,2012-08-20,2012-08-20,1,True,0,True
ASN-15789,HETERO LABS LIMITED,Haiti,2012-10-22,2012-10-22,1,True,0,True
ASN-15792,Aurobindo Pharma Limited,Haiti,2012-08-18,2012-08-18,1,True,0,True
ASN-15795,Aurobindo Pharma Limited,Vietnam,2012-08-22,2012-08-22,3,True,0,True
ASN-15819,Orasure Technologies Inc.,Cameroon,2012-08-17,2012-08-17,1,True,0,True
ASN-15834,"Trinity Biotech, Plc",Ethiopia,2012-08-28,2012-08-28,1,True,0,True
ASN-15835,"Trinity Biotech, Plc",Ethiopia,2012-08-29,2012-08-29,1,True,0,True
ASN-15840,Aurobindo Pharma Limited,Haiti,2012-08-16,2012-08-16,1,True,0,True
ASN-15869,"Orgenics, Ltd","Congo, DRC",2012-12-17,2012-12-17,1,True,0,True
ASN-15880,MYLAN LABORATORIES LTD (FORMERLY MATRIX LABORATORIES),Rwanda,2012-10-08,2012-10-08,1,True,0,True
ASN-15893,Aurobindo Pharma Limited,Rwanda,2012-09-09,2012-09-09,1,True,0,True
ASN-15894,Aurobindo Pharma Limited,Rwanda,2012-09-09,2012-09-09,1,True,0,True
ASN-15895,Aurobindo Pharma Limited,Rwanda,2012-09-09,2012-09-09,1,True,0,True
ASN-15896,Aurobindo Pharma Limited,Rwanda,2012-09-09,2012-09-09,1,True,0,True
ASN-1591,"SHANGHAI KEHUA BIOENGINEERING CO.,LTD.  (KHB)",Ethiopia,2008-04-17,2008-04-17,1,True,0,True
ASN-1592,"CHEMBIO DIAGNOSTIC SYSTEMS, INC.",Nigeria,2008-04-21,2008-04-21,1,True,0,True
ASN-15931,Orasure Technologies Inc.,Mali,2012-09-11,2012-09-11,1,True,0,True
ASN-1594,CIPLA LIMITED,Rwanda,2008-04-28,2008-04-22,1,True,-6,True
ASN-15941,Aurobindo Pharma Limited,Rwanda,2012-08-22,2012-08-22,2,True,0,True
ASN-1595,CIPLA LIMITED,Rwanda,2008-04-28,2008-04-22,1,True,-6,True
ASN-15953,"Orgenics, Ltd",Nigeria,2012-08-01,2012-08-30,1,True,29,False
ASN-1596,CIPLA LIMITED,Rwanda,2008-04-28,2008-04-28,1,True,0,True
ASN-15970,"Trinity Biotech, Plc","Congo, DRC",2013-03-01,2013-03-01,1,True,0,True
ASN-1598,BIO-RAD LABORATORIES (FRANCE),Côte d'Ivoire,2008-05-30,2008-05-30,1,True,0,True
ASN-15983,"Trinity Biotech, Plc",Botswana,2012-08-27,2012-08-27,1,True,0,True
ASN-15985,"Orgenics, Ltd",South Sudan,2012-09-20,2012-09-20,2,True,0,True
ASN-15986,"Orgenics, Ltd","Congo, DRC",2013-02-27,2013-02-27,1,True,0,True
ASN-15987,"Orgenics, Ltd",Zimbabwe,2012-09-18,2012-09-18,2,True,0,True
ASN-16,BIO-RAD LABORATORIES (FRANCE),Côte d'Ivoire,2006-09-06,2006-09-06,1,True,0,True
ASN-16006,MYLAN LABORATORIES LTD (FORMERLY MATRIX LABORATORIES),Uganda,2012-08-29,2012-08-29,1,True,0,True
ASN-16020,ABBVIE LOGISTICS (FORMERLY ABBOTT LOGISTICS BV),Vietnam,2012-10-27,2012-10-27,1,True,0,True
ASN-16021,ABBVIE LOGISTICS (FORMERLY ABBOTT LOGISTICS BV),Vietnam,2012-11-29,2012-11-29,1,True,0,True
ASN-16036,Aurobindo Pharma Limited,Tanzania,2012-09-27,2012-09-27,1,True,0,True
ASN-16037,Aurobindo Pharma Limited,Tanzania,2012-09-27,2012-10-04,1,True,7,False
ASN-16038,Aurobindo Pharma Limited,Tanzania,2012-09-27,2012-10-04,1,True,7,False
ASN-16044,"SHANGHAI KEHUA BIOENGINEERING CO.,LTD.  (KHB)",Botswana,2012-09-10,2012-09-10,1,True,0,True
ASN-16055,ABBVIE LOGISTICS (FORMERLY ABBOTT LOGISTICS BV),Vietnam,2012-10-03,2012-10-03,1,True,0,True
ASN-1608,"Orgenics, Ltd",Botswana,2008-06-23,2008-06-04,1,True,-19,True
ASN-1609,"Orgenics, Ltd",Botswana,2008-06-23,2008-06-23,1,True,0,True
ASN-16096,"Orgenics, Ltd",Mozambique,2012-09-04,2012-09-04,1,True,0,True
ASN-16098,CIPLA LIMITED,Haiti,2012-09-05,2012-09-05,1,True,0,True
ASN-161,Abbott GmbH & Co. KG,Zambia,2006-11-20,2006-11-20,1,True,0,True
ASN-1610,"Orgenics, Ltd",Haiti,2008-05-09,2008-05-09,1,True,0,True
ASN-16107,"Orgenics, Ltd",Cameroon,2012-09-10,2012-09-10,2,True,0,True
ASN-1611,"Orgenics, Ltd",Uganda,2008-05-22,2008-05-22,1,True,0,True
ASN-1612,"Trinity Biotech, Plc",Guyana,2008-05-06,2008-05-06,1,True,0,True
ASN-16123,MYLAN LABORATORIES LTD (FORMERLY MATRIX LABORATORIES),Vietnam,2012-10-09,2012-10-09,4,True,0,True
ASN-16124,MYLAN LABORATORIES LTD (FORMERLY MATRIX LABORATORIES),Vietnam,2012-10-02,2012-10-02,4,True,0,True
ASN-1613,"Trinity Biotech, Plc",Guyana,2008-05-06,2008-05-06,1,True,0,True
ASN-16132,"Trinity Biotech, Plc",Nigeria,2012-09-18,2012-09-18,1,True,0,True
ASN-16134,"CHEMBIO DIAGNOSTIC SYSTEMS, INC.",Ethiopia,2012-09-05,2012-09-05,1,True,0,True
ASN-16135,"CHEMBIO DIAGNOSTIC SYSTEMS, INC.",Ethiopia,2012-09-05,2012-09-05,1,True,0,True
ASN-16137,HETERO LABS LIMITED,Vietnam,2012-09-28,2012-09-28,1,True,0,True
ASN-1614,"Trinity Biotech, Plc",Uganda,2008-06-02,2008-06-02,1,True,0,True
ASN-16141,HETERO LABS LIMITED,Vietnam,2012-10-08,2012-10-08,1,True,0,True
ASN-16145,HETERO LABS LIMITED,Vietnam,2012-10-09,2012-10-09,1,True,0,True
ASN-16178,HETERO LABS LIMITED,Vietnam,2012-10-12,2012-10-12,1,True,0,True
ASN-1618,"Orgenics, Ltd",Uganda,2008-05-22,2008-05-22,1,True,0,True
ASN-1619,"Trinity Biotech, Plc",Zambia,2008-05-14,2008-05-14,1,True,0,True
ASN-162,Abbott GmbH & Co. KG,Haiti,2007-01-18,2007-01-18,1,True,0,True
ASN-16201,"SHANGHAI KEHUA BIOENGINEERING CO.,LTD.  (KHB)",Ethiopia,2012-09-04,2012-09-04,1,True,0,True
ASN-16202,BIOLYTICAL LABORATORIES INC.,Zimbabwe,2012-10-10,2012-10-10,1,True,0,True
ASN-16217,Aurobindo Pharma Limited,Tanzania,2012-10-09,2012-10-09,1,True,0,True
ASN-16218,Aurobindo Pharma Limited,Tanzania,2012-10-09,2012-10-09,1,True,0,True
ASN-16219,Aurobindo Pharma Limited,Tanzania,2012-10-09,2012-10-12,1,True,3,False
ASN-16267,Aurobindo Pharma Limited,Zimbabwe,2012-10-24,2012-10-24,1,True,0,True
ASN-16286,Aurobindo Pharma Limited,Haiti,2012-10-04,2012-10-04,1,True,0,True
ASN-16315,MYLAN LABORATORIES LTD (FORMERLY MATRIX LABORATORIES),Nigeria,2012-10-20,2012-10-20,1,True,0,True
ASN-16318,MYLAN LABORATORIES LTD (FORMERLY MATRIX LABORATORIES),Uganda,2012-09-21,2012-09-21,1,True,0,True
ASN-16320,MYLAN LABORATORIES LTD (FORMERLY MATRIX LABORATORIES),Uganda,2012-09-21,2012-09-21,1,True,0,True
ASN-16323,"Trinity Biotech, Plc",South Sudan,2012-10-18,2012-10-18,1,True,0,True
ASN-16343,Aurobindo Pharma Limited,Haiti,2012-10-04,2012-10-04,1,True,0,True
ASN-16346,Aurobindo Pharma Limited,Haiti,2012-10-04,2012-10-04,1,True,0,True
ASN-16350,"CHEMBIO DIAGNOSTIC SYSTEMS, INC.",Guyana,2012-09-18,2012-09-18,1,True,0,True
ASN-16362,HETERO LABS LIMITED,Vietnam,2012-10-09,2012-10-09,1,True,0,True
ASN-16382,HETERO LABS LIMITED,Vietnam,2012-10-09,2012-10-09,1,True,0,True
ASN-16410,"Trinity Biotech, Plc",Guyana,2012-09-25,2012-09-25,1,True,0,True
ASN-16417,ABBVIE LOGISTICS (FORMERLY ABBOTT LOGISTICS BV),Zimbabwe,2012-11-08,2012-11-08,1,True,0,True
ASN-16418,ABBVIE LOGISTICS (FORMERLY ABBOTT LOGISTICS BV),Zimbabwe,2012-11-08,2012-11-08,1,True,0,True
ASN-16439,LAWRENCE LABORATORIES (SUBSIDIARY OF BRISTOL MYERS SQUIBB),Haiti,2012-10-04,2012-10-04,1,True,0,True
ASN-16454,"Orgenics, Ltd",Mali,2012-10-19,2012-10-19,1,True,0,True
ASN-16470,HETERO LABS LIMITED,Tanzania,2012-11-01,2012-11-01,2,True,0,True
ASN-16472,MYLAN LABORATORIES LTD (FORMERLY MATRIX LABORATORIES),Haiti,2012-12-20,2012-12-20,3,True,0,True
ASN-16480,"Trinity Biotech, Plc",Mozambique,2012-10-09,2012-10-09,1,True,0,True
ASN-16493,"Trinity Biotech, Plc",Zambia,2012-10-17,2012-10-17,1,True,0,True
ASN-16494,"Trinity Biotech, Plc",Kenya,2012-10-15,2012-10-15,1,True,0,True
ASN-16495,HUMAN GMBH,Cameroon,2012-10-04,2012-10-04,1,True,0,True
ASN-1650,"Orgenics, Ltd",Mozambique,2008-06-13,2008-05-27,1,True,-17,True
ASN-1651,"Orgenics, Ltd",Mozambique,2008-06-13,2008-06-13,1,True,0,True
ASN-16513,"Orgenics, Ltd",Mali,2012-10-04,2012-10-04,1,True,0,True
ASN-16560,Aurobindo Pharma Limited,Haiti,2012-12-20,2012-12-20,3,True,0,True
ASN-16561,Aurobindo Pharma Limited,Guyana,2012-10-19,2012-10-19,1,True,0,True
ASN-16575,MERCK SHARP & DOHME IDEA GMBH (FORMALLY MERCK SHARP & DOHME B.V.),Uganda,2012-10-05,2012-10-05,1,True,0,True
ASN-16583,"Orgenics, Ltd",Guyana,2012-10-15,2012-10-15,1,True,0,True
ASN-16585,"Trinity Biotech, Plc",Swaziland,2013-06-18,2013-06-18,1,True,0,True
ASN-16590,HETERO LABS LIMITED,Rwanda,2012-10-22,2012-10-22,1,True,0,True
ASN-1660,Orasure Technologies Inc.,Lesotho,2008-07-14,2008-07-14,1,True,0,True
ASN-16600,"CHEMBIO DIAGNOSTIC SYSTEMS, INC.",Côte d'Ivoire,2012-10-17,2012-10-17,1,True,0,True
ASN-16603,"CHEMBIO DIAGNOSTIC SYSTEMS, INC.",Nigeria,2012-10-08,2012-10-08,1,True,0,True
ASN-16610,HETERO LABS LIMITED,Rwanda,2013-01-11,2013-01-11,1,True,0,True
ASN-16634,"Orgenics, Ltd",Mozambique,2012-10-18,2012-10-18,2,True,0,True
ASN-1664,S. BUYS WHOLESALER,South Africa,2008-04-24,2008-02-29,2,True,-55,True
ASN-1665,S. BUYS WHOLESALER,South Africa,2008-04-24,2008-04-24,16,True,0,True
ASN-1666,S. BUYS WHOLESALER,South Africa,2008-04-25,2008-04-08,1,True,-17,True
ASN-1667,S. BUYS WHOLESALER,South Africa,2008-04-25,2008-04-07,6,True,-18,True
ASN-1668,"Orgenics, Ltd",Côte d'Ivoire,2008-05-09,2008-05-09,1,True,0,True
ASN-16682,MERCK SHARP & DOHME IDEA GMBH (FORMALLY MERCK SHARP & DOHME B.V.),Haiti,2012-10-29,2012-10-29,1,True,0,True
ASN-1669,"Orgenics, Ltd",Côte d'Ivoire,2008-05-09,2008-05-09,1,True,0,True
ASN-16720,"Orgenics, Ltd",Zambia,2012-10-19,2012-10-19,1,True,0,True
ASN-16722,"Orgenics, Ltd",Swaziland,2012-10-19,2012-10-19,1,True,0,True
ASN-16723,"Orgenics, Ltd",Côte d'Ivoire,2012-10-30,2012-10-30,1,True,0,True
ASN-16730,"Orgenics, Ltd",South Sudan,2012-11-30,2012-11-30,2,True,0,True
ASN-16778,ASPEN PHARMACARE,Uganda,2012-10-25,2012-10-25,1,True,0,True
ASN-16786,"Trinity Biotech, Plc",South Sudan,2013-02-08,2013-02-08,1,True,0,True
ASN-16792,MICRO LABS LIMITED,Rwanda,2012-12-10,2012-12-10,1,True,0,True
ASN-168,Abbott GmbH & Co. KG,Ethiopia,2006-12-28,2006-12-28,1,True,0,True
ASN-1680,REINBOLD EXPORT IMPORT,Haiti,2008-04-18,2008-01-03,1,True,-106,True
ASN-16852,"Orgenics, Ltd",South Sudan,2012-12-13,2012-12-13,3,True,0,True
ASN-16853,"Orgenics, Ltd",Zambia,2012-10-31,2012-10-31,1,True,0,True
ASN-16866,LAWRENCE LABORATORIES (SUBSIDIARY OF BRISTOL MYERS SQUIBB),Haiti,2012-11-08,2012-11-08,1,True,0,True
ASN-16882,CIPLA LIMITED,Cameroon,2012-12-02,2012-12-02,1,True,0,True
ASN-16887,"SHANGHAI KEHUA BIOENGINEERING CO.,LTD.  (KHB)",Ethiopia,2012-11-05,2012-11-05,1,True,0,True
ASN-16895,MYLAN LABORATORIES LTD (FORMERLY MATRIX LABORATORIES),Uganda,2012-11-09,2012-11-09,1,True,0,True
ASN-16907,"Orgenics, Ltd",Tanzania,2012-11-20,2012-11-20,1,True,0,True
ASN-16908,"Orgenics, Ltd",Zambia,2012-10-31,2012-11-07,1,True,7,False
ASN-16909,"Orgenics, Ltd",Nigeria,2012-11-06,2012-11-06,1,True,0,True
ASN-1691,MYLAN LABORATORIES LTD (FORMERLY MATRIX LABORATORIES),Vietnam,2008-06-01,2008-05-22,1,True,-10,True
ASN-16913,ABBVIE LOGISTICS (FORMERLY ABBOTT LOGISTICS BV),Zimbabwe,2012-11-08,2012-11-22,1,True,14,False
ASN-16914,CIPLA LIMITED,Vietnam,2012-11-12,2012-11-12,1,True,0,True
ASN-16915,CIPLA LIMITED,Vietnam,2012-11-15,2012-11-15,1,True,0,True
ASN-16927,"Orgenics, Ltd",Nigeria,2012-11-06,2012-11-07,1,True,1,False
ASN-16928,"Orgenics, Ltd",Nigeria,2012-11-06,2012-11-09,1,True,3,False
ASN-16929,"Orgenics, Ltd",Nigeria,2012-11-06,2012-11-08,1,True,2,False
ASN-16930,"Orgenics, Ltd",Nigeria,2012-11-06,2012-11-08,1,True,2,False
ASN-16935,"Trinity Biotech, Plc",Guyana,2012-11-07,2012-11-07,1,True,0,True
ASN-16937,"Trinity Biotech, Plc",Mozambique,2012-12-24,2012-12-24,1,True,0,True
ASN-1696,BRISTOL-MYERS SQUIBB,Tanzania,2008-05-08,2008-05-08,1,True,0,True
ASN-16964,MYLAN LABORATORIES LTD (FORMERLY MATRIX LABORATORIES),Vietnam,2012-11-26,2012-11-26,1,True,0,True
ASN-1697,GLAXOSMITHKLINE EXPORT LIMITED,Tanzania,2008-05-08,2008-05-08,1,True,0,True
ASN-16986,ABBVIE LOGISTICS (FORMERLY ABBOTT LOGISTICS BV),Guyana,2013-01-18,2013-01-18,1,True,0,True
ASN-170,Premier Medical Corporation Ltd.,Rwanda,2007-01-17,2007-01-17,1,True,0,True
ASN-17003,MYLAN LABORATORIES LTD (FORMERLY MATRIX LABORATORIES),Côte d'Ivoire,2012-11-23,2012-11-23,1,True,0,True
ASN-17004,Aurobindo Pharma Limited,Rwanda,2012-11-29,2012-11-29,1,True,0,True
ASN-17018,ABBVIE LOGISTICS (FORMERLY ABBOTT LOGISTICS BV),Vietnam,2013-01-15,2013-01-15,1,True,0,True
ASN-17019,ABBVIE LOGISTICS (FORMERLY ABBOTT LOGISTICS BV),Vietnam,2012-12-11,2012-12-11,1,True,0,True
ASN-17020,ABBVIE LOGISTICS (FORMERLY ABBOTT LOGISTICS BV),Vietnam,2012-12-11,2012-12-11,1,True,0,True
ASN-17021,ABBVIE LOGISTICS (FORMERLY ABBOTT LOGISTICS BV),Vietnam,2012-12-21,2012-12-21,1,True,0,True
ASN-17024,REINBOLD EXPORT IMPORT,Haiti,2012-10-30,2012-10-30,1,True,0,True
ASN-17075,Aurobindo Pharma Limited,Vietnam,2012-11-29,2012-11-29,3,True,0,True
ASN-17077,Aurobindo Pharma Limited,Vietnam,2012-12-10,2012-12-10,4,True,0,True
ASN-17081,"Orgenics, Ltd",Tanzania,2012-12-07,2012-12-07,1,True,0,True
ASN-17082,"Orgenics, Ltd",Tanzania,2012-12-07,2012-12-07,1,True,0,True
ASN-17083,"Orgenics, Ltd",Tanzania,2012-12-07,2012-11-30,1,True,-7,True
ASN-17084,"Orgenics, Ltd",Tanzania,2012-12-07,2012-12-07,1,True,0,True
ASN-17085,"Orgenics, Ltd",Tanzania,2012-12-07,2012-12-07,1,True,0,True
ASN-17086,"Orgenics, Ltd",Tanzania,2012-12-07,2012-11-30,1,True,-7,True
ASN-17087,"Orgenics, Ltd",Guyana,2012-11-20,2012-11-20,1,True,0,True
ASN-17088,"Orgenics, Ltd",Mozambique,2012-12-25,2012-12-25,2,True,0,True
ASN-17092,HETERO LABS LIMITED,Cameroon,2012-12-25,2012-12-25,1,True,0,True
ASN-17103,"CHEMBIO DIAGNOSTIC SYSTEMS, INC.",Guyana,2012-11-21,2012-11-21,1,True,0,True
ASN-17119,NOVARTIS PHARMA SERVICES AG,Nigeria,2012-12-03,2012-12-03,1,True,0,True
ASN-17165,"Orgenics, Ltd",Nigeria,2012-11-28,2012-11-28,1,True,0,True
ASN-17166,"Orgenics, Ltd",Nigeria,2012-11-28,2012-11-27,1,True,-1,True
ASN-17167,"Orgenics, Ltd",Nigeria,2012-11-28,2012-11-27,1,True,-1,True
ASN-17168,"Orgenics, Ltd",Nigeria,2012-11-28,2012-11-27,1,True,-1,True
ASN-17169,"Orgenics, Ltd",Nigeria,2012-11-28,2012-11-29,1,True,1,False
ASN-17176,HETERO LABS LIMITED,Vietnam,2012-12-14,2012-12-14,2,True,0,True
ASN-17177,HETERO LABS LIMITED,Vietnam,2012-12-05,2012-12-05,2,True,0,True
ASN-1718,CENTRAL PHARMACEUTICAL COMPANY NO. 1,Vietnam,2008-05-12,2008-04-16,1,True,-26,True
ASN-1721,"Trinity Biotech, Plc",Botswana,2008-07-03,2008-07-03,1,True,0,True
ASN-17229,ABBVIE LOGISTICS (FORMERLY ABBOTT LOGISTICS BV),Tanzania,2013-01-16,2013-01-16,1,True,0,True
ASN-17258,ABBVIE LOGISTICS (FORMERLY ABBOTT LOGISTICS BV),Zimbabwe,2012-12-13,2012-12-13,1,True,0,True
ASN-17259,ABBVIE LOGISTICS (FORMERLY ABBOTT LOGISTICS BV),Zimbabwe,2012-12-13,2012-12-13,1,True,0,True
ASN-17261,MYLAN LABORATORIES LTD (FORMERLY MATRIX LABORATORIES),Cameroon,2012-12-19,2012-12-19,1,True,0,True
ASN-17262,MYLAN LABORATORIES LTD (FORMERLY MATRIX LABORATORIES),Vietnam,2012-12-19,2012-12-19,1,True,0,True
ASN-17272,MYLAN LABORATORIES LTD (FORMERLY MATRIX LABORATORIES),Nigeria,2012-12-12,2012-12-12,1,True,0,True
ASN-17278,"Trinity Biotech, Plc",Tanzania,2013-01-02,2013-01-02,1,True,0,True
ASN-17281,"Orgenics, Ltd",Haiti,2012-12-06,2012-12-06,1,True,0,True
ASN-17287,MERCK SHARP & DOHME IDEA GMBH (FORMALLY MERCK SHARP & DOHME B.V.),Uganda,2012-12-12,2012-12-12,1,True,0,True
ASN-17291,"Orgenics, Ltd",Kenya,2012-12-10,2012-12-10,1,True,0,True
ASN-17292,"Orgenics, Ltd",Kenya,2012-12-10,2012-12-10,1,True,0,True
ASN-17316,"Trinity Biotech, Plc",Nigeria,2012-12-21,2012-12-21,1,True,0,True
ASN-17317,"Trinity Biotech, Plc",Nigeria,2012-12-21,2012-12-21,1,True,0,True
ASN-17354,Aurobindo Pharma Limited,Côte d'Ivoire,2012-12-31,2012-12-31,1,True,0,True
ASN-17400,Aurobindo Pharma Limited,Vietnam,2012-12-28,2012-12-28,1,True,0,True
ASN-1741,TURE PHARMACEUTICALS & MEDICAL SUPPLIES P.L.C.,Ethiopia,2008-05-09,2008-05-09,1,True,0,True
ASN-17428,Aurobindo Pharma Limited,Vietnam,2012-12-26,2012-12-26,1,True,0,True
ASN-17429,MYLAN LABORATORIES LTD (FORMERLY MATRIX LABORATORIES),Vietnam,2013-01-29,2013-01-29,1,True,0,True
ASN-17430,ASPEN PHARMACARE,Uganda,2012-12-14,2012-12-14,2,True,0,True
ASN-1746,"Orgenics, Ltd",Mozambique,2008-07-09,2008-07-04,1,True,-5,True
ASN-17463,"Orgenics, Ltd",Tanzania,2012-12-31,2012-12-31,1,True,0,True
ASN-17464,"Orgenics, Ltd",Tanzania,2012-12-31,2012-12-31,1,True,0,True
ASN-17465,"Orgenics, Ltd",Tanzania,2012-12-31,2012-12-31,1,True,0,True
ASN-17466,"Orgenics, Ltd",Tanzania,2012-12-31,2012-12-31,1,True,0,True
ASN-17467,"Orgenics, Ltd",Tanzania,2012-12-31,2012-12-31,1,True,0,True
ASN-17469,"Orgenics, Ltd",Tanzania,2012-12-31,2012-12-31,1,True,0,True
ASN-1747,"Orgenics, Ltd",Mozambique,2008-07-09,2008-07-09,1,True,0,True
ASN-17492,Aurobindo Pharma Limited,Haiti,2013-01-04,2013-01-04,1,True,0,True
ASN-17494,HETERO LABS LIMITED,Rwanda,2013-01-30,2013-01-30,1,True,0,True
ASN-17513,MYLAN LABORATORIES LTD (FORMERLY MATRIX LABORATORIES),Vietnam,2012-12-28,2012-12-28,1,True,0,True
ASN-17523,"Orgenics, Ltd",Nigeria,2013-01-09,2013-01-09,1,True,0,True
ASN-17524,"Orgenics, Ltd",Nigeria,2013-01-09,2013-01-08,1,True,-1,True
ASN-17525,"Orgenics, Ltd",Nigeria,2013-01-09,2013-01-08,1,True,-1,True
ASN-17526,"Orgenics, Ltd",Nigeria,2013-01-09,2013-01-08,1,True,-1,True
ASN-17527,"Orgenics, Ltd",Nigeria,2013-01-09,2013-01-09,1,True,0,True
ASN-17528,"Orgenics, Ltd",Nigeria,2013-01-09,2013-01-09,1,True,0,True
ASN-17529,"Orgenics, Ltd",Nigeria,2013-01-09,2013-01-10,1,True,1,False
ASN-1753,MYLAN LABORATORIES LTD (FORMERLY MATRIX LABORATORIES),Vietnam,2008-06-03,2008-06-03,1,True,0,True
ASN-17530,"Orgenics, Ltd",Nigeria,2013-01-09,2013-01-10,1,True,1,False
ASN-1754,MYLAN LABORATORIES LTD (FORMERLY MATRIX LABORATORIES),Vietnam,2008-06-01,2008-06-01,1,True,0,True
ASN-17563,"Orgenics, Ltd",Burundi,2013-01-04,2013-01-04,1,True,0,True
ASN-17572,Aurobindo Pharma Limited,Vietnam,2013-01-09,2013-01-09,2,True,0,True
ASN-17621,BIO-RAD LABORATORIES (FRANCE),Côte d'Ivoire,2013-01-09,2013-01-09,1,True,0,True
ASN-17635,ACTION MEDEOR E.V.,"Congo, DRC",2013-04-30,2013-04-30,1,True,0,True
ASN-17646,"Orgenics, Ltd",Nigeria,2013-01-09,2013-01-17,1,True,8,False
ASN-17647,"Orgenics, Ltd",Nigeria,2013-01-09,2013-01-28,1,True,19,False
ASN-17648,"Orgenics, Ltd",Nigeria,2013-01-09,2013-01-17,1,True,8,False
ASN-17649,"Orgenics, Ltd",Nigeria,2013-01-09,2013-01-17,1,True,8,False
ASN-17658,"Orgenics, Ltd",Kenya,2013-02-28,2013-02-28,1,True,0,True
ASN-17659,"Orgenics, Ltd",Kenya,2013-02-28,2013-02-28,1,True,0,True
ASN-17660,"Orgenics, Ltd",Kenya,2013-02-28,2013-02-28,1,True,0,True
ASN-17672,Aurobindo Pharma Limited,Vietnam,2013-01-29,2013-01-29,2,True,0,True
ASN-17673,MICRO LABS LIMITED,Vietnam,2013-02-04,2013-02-04,2,True,0,True
ASN-17696,MICRO LABS LIMITED,Vietnam,2013-01-30,2013-01-30,2,True,0,True
ASN-17709,MICRO LABS LIMITED,Vietnam,2013-02-04,2013-02-04,1,True,0,True
ASN-17741,MICRO LABS LIMITED,Vietnam,2013-01-30,2013-01-30,1,True,0,True
ASN-17743,REINBOLD EXPORT IMPORT,Haiti,2012-12-20,2012-12-20,1,True,0,True
ASN-17750,MYLAN LABORATORIES LTD (FORMERLY MATRIX LABORATORIES),Uganda,2013-01-21,2013-01-21,2,True,0,True
ASN-17804,"Trinity Biotech, Plc",Uganda,2013-02-04,2013-02-04,1,True,0,True
ASN-17806,MYLAN LABORATORIES LTD (FORMERLY MATRIX LABORATORIES),Vietnam,2013-02-02,2013-02-02,2,True,0,True
ASN-17807,MYLAN LABORATORIES LTD (FORMERLY MATRIX LABORATORIES),Vietnam,2013-02-01,2013-02-01,1,True,0,True
ASN-17808,ABBVIE LOGISTICS (FORMERLY ABBOTT LOGISTICS BV),Zimbabwe,2013-02-09,2013-02-09,1,True,0,True
ASN-17824,"Trinity Biotech, Plc",Nigeria,2013-02-01,2013-02-01,1,True,0,True
ASN-17837,"CHEMBIO DIAGNOSTIC SYSTEMS, INC.",Côte d'Ivoire,2013-02-20,2013-02-20,1,True,0,True
ASN-17853,"Orgenics, Ltd",Côte d'Ivoire,2013-02-06,2013-02-06,1,True,0,True
ASN-1786,"Orgenics, Ltd",Nigeria,2008-05-28,2008-05-28,1,True,0,True
ASN-1787,"Orgenics, Ltd",Namibia,2008-06-04,2008-06-04,1,True,0,True
ASN-1788,"Orgenics, Ltd",Zambia,2008-06-06,2008-06-06,1,True,0,True
ASN-1789,"Orgenics, Ltd",Zambia,2008-06-06,2008-05-30,1,True,-7,True
ASN-17893,"Trinity Biotech, Plc","Congo, DRC",2013-06-12,2013-06-12,1,True,0,True
ASN-17894,"Orgenics, Ltd",Swaziland,2013-05-17,2013-05-17,1,True,0,True
ASN-1793,MYLAN LABORATORIES LTD (FORMERLY MATRIX LABORATORIES),Vietnam,2008-07-18,2008-06-02,1,True,-46,True
ASN-17939,MYLAN LABORATORIES LTD (FORMERLY MATRIX LABORATORIES),Malawi,2013-06-21,2013-06-21,1,True,0,True
ASN-1794,Aurobindo Pharma Limited,Vietnam,2008-06-02,2008-06-02,1,True,0,True
ASN-17940,MYLAN LABORATORIES LTD (FORMERLY MATRIX LABORATORIES),Malawi,2013-06-21,2013-06-21,1,True,0,True
ASN-17948,ABBVIE LOGISTICS (FORMERLY ABBOTT LOGISTICS BV),Tanzania,2013-03-15,2013-03-15,1,True,0,True
ASN-1795,Aurobindo Pharma Limited,Vietnam,2008-06-02,2008-06-02,1,True,0,True
ASN-17956,ABBVIE LOGISTICS (FORMERLY ABBOTT LOGISTICS BV),Uganda,2013-02-08,2013-02-08,1,True,0,True
ASN-17959,ABBVIE LOGISTICS (FORMERLY ABBOTT LOGISTICS BV),Angola,2013-04-25,2013-04-25,1,True,0,True
ASN-17969,Aurobindo Pharma Limited,Angola,2013-03-12,2013-03-12,1,True,0,True
ASN-1797,"Orgenics, Ltd",Nigeria,2008-05-28,2008-05-28,1,True,0,True
ASN-1798,"Orgenics, Ltd",Namibia,2008-06-04,2008-06-04,1,True,0,True
ASN-17984,"CHEMBIO DIAGNOSTIC SYSTEMS, INC.",Uganda,2013-02-20,2013-02-20,1,True,0,True
ASN-18001,ABBVIE LOGISTICS (FORMERLY ABBOTT LOGISTICS BV),Zimbabwe,2013-02-09,2013-03-14,1,True,33,False
ASN-1801,"Orgenics, Ltd",Kyrgyzstan,2008-06-14,2008-06-14,1,True,0,True
ASN-18066,ABBVIE LOGISTICS (FORMERLY ABBOTT LOGISTICS BV),"Congo, DRC",2013-03-15,2013-03-15,1,True,0,True
ASN-18067,ABBVIE LOGISTICS (FORMERLY ABBOTT LOGISTICS BV),"Congo, DRC",2013-03-15,2013-04-03,1,True,19,False
ASN-18068,ABBVIE LOGISTICS (FORMERLY ABBOTT LOGISTICS BV),"Congo, DRC",2013-04-16,2013-04-16,1,True,0,True
ASN-18069,ABBVIE LOGISTICS (FORMERLY ABBOTT LOGISTICS BV),"Congo, DRC",2013-04-16,2013-04-16,1,True,0,True
ASN-18080,"Trinity Biotech, Plc",Mozambique,2013-03-17,2013-03-17,1,True,0,True
ASN-18081,"Trinity Biotech, Plc","Congo, DRC",2013-07-29,2013-07-29,1,True,0,True
ASN-18152,ASPEN PHARMACARE,Uganda,2013-02-13,2013-02-13,2,True,0,True
ASN-18172,"Orgenics, Ltd",Nigeria,2013-01-09,2013-02-21,1,True,43,False
ASN-18173,"Orgenics, Ltd",Nigeria,2013-01-09,2013-02-26,1,True,48,False
ASN-18174,"Orgenics, Ltd",Nigeria,2013-01-09,2013-02-26,1,True,48,False
ASN-18175,"Orgenics, Ltd",Nigeria,2013-01-09,2013-02-26,1,True,48,False
ASN-18201,"SHANGHAI KEHUA BIOENGINEERING CO.,LTD.  (KHB)",Haiti,2013-03-13,2013-03-13,1,True,0,True
ASN-18202,"Trinity Biotech, Plc",Tanzania,2013-02-28,2013-02-28,1,True,0,True
ASN-18203,"Trinity Biotech, Plc",South Sudan,2013-03-27,2013-03-27,1,True,0,True
ASN-1821,"Trinity Biotech, Plc",Haiti,2008-06-06,2008-06-06,1,True,0,True
ASN-18216,MYLAN LABORATORIES LTD (FORMERLY MATRIX LABORATORIES),Rwanda,2013-04-22,2013-04-22,1,True,0,True
ASN-18253,ABBVIE LOGISTICS (FORMERLY ABBOTT LOGISTICS BV),Côte d'Ivoire,2013-02-27,2013-02-27,1,True,0,True
ASN-18271,Premier Medical Corporation Ltd.,Zimbabwe,2013-03-15,2013-03-15,1,True,0,True
ASN-18279,Aurobindo Pharma Limited,Uganda,2013-03-05,2013-03-05,1,True,0,True
ASN-18311,"Orgenics, Ltd",Tanzania,2013-04-10,2013-04-10,1,True,0,True
ASN-18312,"Trinity Biotech, Plc",South Sudan,2013-03-22,2013-03-22,1,True,0,True
ASN-18313,"Trinity Biotech, Plc",Tanzania,2013-04-23,2013-04-23,1,True,0,True
ASN-18314,"Trinity Biotech, Plc",Dominican Republic,2013-02-26,2013-02-26,1,True,0,True
ASN-18319,ABBVIE LOGISTICS (FORMERLY ABBOTT LOGISTICS BV),Rwanda,2013-05-17,2013-05-17,1,True,0,True
ASN-1832,"Trinity Biotech, Plc",Botswana,2008-07-03,2008-07-03,1,True,0,True
ASN-1833,"Trinity Biotech, Plc",Botswana,2008-07-03,2008-07-03,1,True,0,True
ASN-18339,"Trinity Biotech, Plc",Zambia,2013-03-15,2013-03-15,1,True,0,True
ASN-18344,Aurobindo Pharma Limited,Haiti,2013-03-11,2013-03-11,1,True,0,True
ASN-18369,"Orgenics, Ltd",Mozambique,2013-03-20,2013-03-20,1,True,0,True
ASN-18406,MYLAN LABORATORIES LTD (FORMERLY MATRIX LABORATORIES),Vietnam,2013-03-13,2013-03-13,2,True,0,True
ASN-18407,Aurobindo Pharma Limited,Haiti,2013-03-11,2013-03-11,1,True,0,True
ASN-18408,MYLAN LABORATORIES LTD (FORMERLY MATRIX LABORATORIES),Vietnam,2013-03-18,2013-03-18,2,True,0,True
ASN-18422,"Trinity Biotech, Plc",Tanzania,2013-04-30,2013-04-30,1,True,0,True
ASN-18485,ABBVIE LOGISTICS (FORMERLY ABBOTT LOGISTICS BV),Uganda,2013-03-12,2013-03-12,1,True,0,True
ASN-18522,ABBVIE LOGISTICS (FORMERLY ABBOTT LOGISTICS BV),Haiti,2013-03-20,2013-03-20,1,True,0,True
ASN-18530,"Orgenics, Ltd",Mozambique,2013-03-20,2013-04-01,1,True,12,False
ASN-18531,"Orgenics, Ltd",Mozambique,2013-03-20,2013-03-20,1,True,0,True
ASN-18532,"Orgenics, Ltd",Mozambique,2013-03-20,2013-03-21,1,True,1,False
ASN-18533,"Orgenics, Ltd",Mozambique,2013-03-20,2013-03-20,1,True,0,True
ASN-18558,MYLAN LABORATORIES LTD (FORMERLY MATRIX LABORATORIES),Côte d'Ivoire,2013-03-21,2013-03-21,2,True,0,True
ASN-18564,"Trinity Biotech, Plc",Rwanda,2013-03-15,2013-03-15,1,True,0,True
ASN-18584,ABBVIE LOGISTICS (FORMERLY ABBOTT LOGISTICS BV),Nigeria,2013-03-14,2013-03-14,1,True,0,True
ASN-18599,"Orgenics, Ltd",Nigeria,2013-01-09,2013-03-20,1,True,70,False
ASN-1860,Aurobindo Pharma Limited,Vietnam,2008-07-07,2008-06-20,1,True,-17,True
ASN-18600,"Orgenics, Ltd",Nigeria,2013-01-09,2013-03-20,1,True,70,False
ASN-18601,"Orgenics, Ltd",Nigeria,2013-01-09,2013-04-02,1,True,83,False
ASN-18602,"Orgenics, Ltd",Nigeria,2013-01-09,2013-03-20,1,True,70,False
ASN-18603,MYLAN LABORATORIES LTD (FORMERLY MATRIX LABORATORIES),Tanzania,2013-04-23,2013-04-23,1,True,0,True
ASN-18612,Aurobindo Pharma Limited,South Sudan,2013-05-23,2013-05-23,1,True,0,True
ASN-18631,ASPEN PHARMACARE,Uganda,2013-03-14,2013-03-14,1,True,0,True
ASN-18661,HETERO LABS LIMITED,Vietnam,2013-04-01,2013-04-01,1,True,0,True
ASN-18662,HETERO LABS LIMITED,Vietnam,2013-04-03,2013-04-03,3,True,0,True
ASN-18664,HETERO LABS LIMITED,Vietnam,2013-04-02,2013-04-02,3,True,0,True
ASN-18665,HETERO LABS LIMITED,Vietnam,2013-04-02,2013-04-02,1,True,0,True
ASN-18684,"Orgenics, Ltd",South Sudan,2013-05-09,2013-05-09,1,True,0,True
ASN-18691,ABBVIE LOGISTICS (FORMERLY ABBOTT LOGISTICS BV),Vietnam,2013-04-03,2013-04-03,1,True,0,True
ASN-18693,ABBVIE LOGISTICS (FORMERLY ABBOTT LOGISTICS BV),Vietnam,2013-04-03,2013-04-03,1,True,0,True
ASN-18701,Aurobindo Pharma Limited,"Congo, DRC",2013-07-11,2013-07-11,1,True,0,True
ASN-18712,Aurobindo Pharma Limited,"Congo, DRC",2013-07-11,2013-07-19,1,True,8,False
ASN-18714,Aurobindo Pharma Limited,Uganda,2013-03-28,2013-03-28,1,True,0,True
ASN-18722,"Orgenics, Ltd",Uganda,2013-04-29,2013-04-29,2,True,0,True
ASN-18723,"CHEMBIO DIAGNOSTIC SYSTEMS, INC.",Burundi,2013-04-03,2013-04-03,1,True,0,True
ASN-18729,ABBVIE LOGISTICS (FORMERLY ABBOTT LOGISTICS BV),Vietnam,2013-04-09,2013-04-09,1,True,0,True
ASN-18730,ABBVIE LOGISTICS (FORMERLY ABBOTT LOGISTICS BV),Vietnam,2013-04-09,2013-04-09,1,True,0,True
ASN-1874,"CHEMBIO DIAGNOSTIC SYSTEMS, INC.",Nigeria,2008-09-19,2008-06-20,1,True,-91,True
ASN-18759,HETERO LABS LIMITED,Vietnam,2013-05-13,2013-05-13,1,True,0,True
ASN-18761,HETERO LABS LIMITED,Vietnam,2013-06-05,2013-06-05,1,True,0,True
ASN-18767,ETHNOR DEL ISTMO S.A.,Haiti,2013-04-02,2013-04-02,1,True,0,True
ASN-18768,"Orgenics, Ltd","Congo, DRC",2013-07-17,2013-07-17,2,True,0,True
ASN-18773,MERCK SHARP & DOHME IDEA GMBH (FORMALLY MERCK SHARP & DOHME B.V.),Uganda,2013-04-11,2013-04-11,1,True,0,True
ASN-18782,"SHANGHAI KEHUA BIOENGINEERING CO.,LTD.  (KHB)",Haiti,2013-04-25,2013-04-25,1,True,0,True
ASN-18783,"Trinity Biotech, Plc",South Sudan,2013-05-16,2013-05-16,1,True,0,True
ASN-18785,"Trinity Biotech, Plc",South Sudan,2013-05-16,2013-05-16,1,True,0,True
ASN-1879,BIO-RAD LABORATORIES (FRANCE),Côte d'Ivoire,2008-06-17,2008-06-17,1,True,0,True
ASN-18798,"Orgenics, Ltd",Rwanda,2013-11-01,2013-11-01,1,True,0,True
ASN-18802,ABBVIE LOGISTICS (FORMERLY ABBOTT LOGISTICS BV),Zimbabwe,2013-04-25,2013-04-25,1,True,0,True
ASN-18803,ABBVIE LOGISTICS (FORMERLY ABBOTT LOGISTICS BV),Zimbabwe,2013-04-25,2013-04-25,1,True,0,True
ASN-18805,Aurobindo Pharma Limited,Guyana,2013-04-18,2013-04-18,2,True,0,True
ASN-18832,ABBVIE LOGISTICS (FORMERLY ABBOTT LOGISTICS BV),Côte d'Ivoire,2013-04-24,2013-04-24,1,True,0,True
ASN-18844,LAWRENCE LABORATORIES (SUBSIDIARY OF BRISTOL MYERS SQUIBB),Haiti,2013-04-11,2013-04-11,1,True,0,True
ASN-1887,STRIDES ARCOLAB LIMITED,Vietnam,2008-06-17,2008-06-17,1,True,0,True
ASN-18877,ABBVIE LOGISTICS (FORMERLY ABBOTT LOGISTICS BV),Uganda,2013-04-09,2013-04-09,1,True,0,True
ASN-1888,STRIDES ARCOLAB LIMITED,Vietnam,2008-06-20,2008-06-20,1,True,0,True
ASN-18882,"Orgenics, Ltd",Uganda,2013-04-29,2013-04-29,1,True,0,True
ASN-18883,"Orgenics, Ltd",Uganda,2013-04-29,2013-04-29,1,True,0,True
ASN-18884,"Orgenics, Ltd",Dominican Republic,2013-04-01,2013-04-01,1,True,0,True
ASN-18894,Aurobindo Pharma Limited,Uganda,2013-04-22,2013-04-22,1,True,0,True
ASN-18895,MICRO LABS LIMITED,Guyana,2013-04-18,2013-04-18,1,True,0,True
ASN-18903,HETERO LABS LIMITED,Vietnam,2013-04-25,2013-04-25,1,True,0,True
ASN-18905,HETERO LABS LIMITED,Haiti,2013-08-07,2013-08-07,1,True,0,True
ASN-18910,MICRO LABS LIMITED,Uganda,2013-04-10,2013-04-10,2,True,0,True
ASN-18913,HETERO LABS LIMITED,Vietnam,2013-04-24,2013-04-24,1,True,0,True
ASN-18919,Aurobindo Pharma Limited,Haiti,2013-08-07,2013-08-07,7,True,0,True
ASN-18922,Aurobindo Pharma Limited,Haiti,2013-04-25,2013-04-25,1,True,0,True
ASN-18970,STRIDES ARCOLAB LIMITED,Vietnam,2013-05-15,2013-05-15,2,True,0,True
ASN-18971,STRIDES ARCOLAB LIMITED,Vietnam,2013-05-16,2013-05-16,2,True,0,True
ASN-19,ACCOUN NIGERIA LIMITED,Nigeria,2006-07-21,2006-07-21,1,True,0,True
ASN-19001,MICRO LABS LIMITED,Uganda,2013-05-08,2013-05-08,1,True,0,True
ASN-19031,BIO-RAD LABORATORIES (FRANCE),Côte d'Ivoire,2013-04-19,2013-04-19,1,True,0,True
ASN-19032,INVERNESS MEDICAL INNOVATIONS HONG KONG LTD,Pakistan,2013-09-09,2013-09-09,1,True,0,True
ASN-19033,"Orgenics, Ltd",Burundi,2013-05-03,2013-05-03,1,True,0,True
ASN-19068,ABBVIE LOGISTICS (FORMERLY ABBOTT LOGISTICS BV),Haiti,2013-06-04,2013-06-04,1,True,0,True
ASN-19075,"Orgenics, Ltd",Zambia,2013-06-05,2013-06-05,1,True,0,True
ASN-19076,"Orgenics, Ltd",Zambia,2013-06-05,2013-06-06,1,True,1,False
ASN-19077,"Orgenics, Ltd",Zambia,2013-06-05,2013-06-06,1,True,1,False
ASN-19078,"Orgenics, Ltd",Zambia,2013-06-05,2013-06-05,1,True,0,True
ASN-1908,"Orgenics, Ltd",Botswana,2008-07-31,2008-07-31,1,True,0,True
ASN-19088,ABBVIE LOGISTICS (FORMERLY ABBOTT LOGISTICS BV),Uganda,2013-04-30,2013-04-30,1,True,0,True
ASN-1909,"Orgenics, Ltd",Botswana,2008-07-31,2008-07-11,1,True,-20,True
ASN-19098,Aurobindo Pharma Limited,Vietnam,2013-05-22,2013-05-22,2,True,0,True
ASN-191,"Trinity Biotech, Plc",Rwanda,2007-01-25,2007-03-09,1,True,43,False
ASN-19116,ABBVIE LOGISTICS (FORMERLY ABBOTT LOGISTICS BV),Haiti,2013-05-03,2013-05-03,1,True,0,True
ASN-19123,ABBVIE LOGISTICS (FORMERLY ABBOTT LOGISTICS BV),Guyana,2013-05-31,2013-05-31,1,True,0,True
ASN-19138,"Orgenics, Ltd",Côte d'Ivoire,2013-04-26,2013-04-26,1,True,0,True
ASN-19139,"Orgenics, Ltd",Côte d'Ivoire,2013-04-26,2013-04-26,1,True,0,True
ASN-19140,"Orgenics, Ltd",Côte d'Ivoire,2013-04-26,2013-04-26,1,True,0,True
ASN-19142,"Orgenics, Ltd",South Sudan,2013-07-20,2013-07-20,3,True,0,True
ASN-19143,"Orgenics, Ltd",South Sudan,2013-08-16,2013-08-16,3,True,0,True
ASN-19144,"Orgenics, Ltd",Malawi,2013-04-30,2013-04-30,1,True,0,True
ASN-19157,S. BUYS WHOLESALER,South Africa,2013-04-12,2013-04-12,2,True,0,True
ASN-19161,"Orgenics, Ltd",Burundi,2013-06-10,2013-06-10,1,True,0,True
ASN-19163,"CHEMBIO DIAGNOSTIC SYSTEMS, INC.",Nigeria,2013-05-06,2013-05-06,1,True,0,True
ASN-19165,S. BUYS WHOLESALER,South Africa,2013-04-15,2013-04-15,1,True,0,True
ASN-19166,S. BUYS WHOLESALER,South Africa,,2013-04-16,54,False,,
ASN-19186,ABBVIE LOGISTICS (FORMERLY ABBOTT LOGISTICS BV),Vietnam,2013-05-17,2013-05-17,1,True,0,True
ASN-19193,Aurobindo Pharma Limited,Vietnam,2013-05-24,2013-05-24,2,True,0,True
ASN-192,"Trinity Biotech, Plc",Rwanda,2007-01-25,2007-01-25,1,True,0,True
ASN-19207,"Trinity Biotech, Plc",Malawi,2013-05-03,2013-05-03,1,True,0,True
ASN-19216,REINBOLD EXPORT IMPORT,Haiti,2013-04-12,2013-04-12,1,True,0,True
ASN-19219,REINBOLD EXPORT IMPORT,Haiti,2013-03-15,2013-03-15,1,True,0,True
ASN-1923,BRISTOL-MYERS SQUIBB,Vietnam,2008-07-12,2008-07-12,1,True,0,True
ASN-19232,HETERO LABS LIMITED,Haiti,2013-07-25,2013-07-25,1,True,0,True
ASN-19273,"Trinity Biotech, Plc",South Sudan,2013-06-29,2013-06-29,1,True,0,True
ASN-193,"Trinity Biotech, Plc",Haiti,2007-01-23,2007-01-23,1,True,0,True
ASN-1932,"Standard Diagnostics, Inc.",Tanzania,2008-07-22,2008-07-22,1,True,0,True
ASN-1933,"Standard Diagnostics, Inc.",Tanzania,2008-07-22,2008-07-22,1,True,0,True
ASN-1934,"Orgenics, Ltd",Côte d'Ivoire,2008-07-22,2008-07-22,1,True,0,True
ASN-19383,MICRO LABS LIMITED,Vietnam,2013-05-28,2013-05-28,1,True,0,True
ASN-19389,ABBVIE LOGISTICS (FORMERLY ABBOTT LOGISTICS BV),Zambia,2013-05-22,2013-05-22,1,True,0,True
ASN-1939,"Orgenics, Ltd",Botswana,2008-07-31,2008-07-07,1,True,-24,True
ASN-19390,ABBVIE LOGISTICS (FORMERLY ABBOTT LOGISTICS BV),Zambia,2013-05-22,2013-05-22,1,True,0,True
ASN-19391,"Trinity Biotech, Plc",South Sudan,2013-06-07,2013-06-07,1,True,0,True
ASN-194,Orasure Technologies Inc.,Haiti,2007-02-07,2007-02-07,1,True,0,True
ASN-19410,Orasure Technologies Inc.,Mali,2013-07-17,2013-07-17,1,True,0,True
ASN-19428,"Orgenics, Ltd",South Sudan,2013-08-16,2013-08-16,2,True,0,True
ASN-19430,"Trinity Biotech, Plc",Swaziland,2013-05-21,2013-05-21,1,True,0,True
ASN-19443,ABBVIE LOGISTICS (FORMERLY ABBOTT LOGISTICS BV),Tanzania,2013-06-06,2013-06-06,1,True,0,True
ASN-19476,MERCK SHARP & DOHME IDEA GMBH (FORMALLY MERCK SHARP & DOHME B.V.),Haiti,2013-05-14,2013-05-14,1,True,0,True
ASN-19486,"Trinity Biotech, Plc",Tanzania,2013-06-11,2013-06-11,1,True,0,True
ASN-19490,ABBVIE LOGISTICS (FORMERLY ABBOTT LOGISTICS BV),Vietnam,2013-06-03,2013-06-03,1,True,0,True
ASN-19496,MYLAN LABORATORIES LTD (FORMERLY MATRIX LABORATORIES),Malawi,2013-07-24,2013-07-24,1,True,0,True
ASN-19497,MYLAN LABORATORIES LTD (FORMERLY MATRIX LABORATORIES),Malawi,2013-07-24,2013-07-24,1,True,0,True
ASN-19502,MYLAN LABORATORIES LTD (FORMERLY MATRIX LABORATORIES),Tanzania,2013-06-18,2013-06-18,1,True,0,True
ASN-19516,CIPLA LIMITED,Zambia,2013-07-11,2013-07-11,1,True,0,True
ASN-19519,EMCURE PHARMACEUTICALS LTD,Uganda,2013-05-24,2013-05-24,1,True,0,True
ASN-19520,Aurobindo Pharma Limited,Haiti,2013-06-10,2013-06-10,2,True,0,True
ASN-19521,MYLAN LABORATORIES LTD (FORMERLY MATRIX LABORATORIES),Haiti,2013-06-13,2013-06-13,1,True,0,True
ASN-19530,HETERO LABS LIMITED,Haiti,2013-07-25,2013-07-25,1,True,0,True
ASN-19535,HETERO LABS LIMITED,Haiti,2013-06-10,2013-06-10,1,True,0,True
ASN-1956,"Orgenics, Ltd",Botswana,2008-07-31,2008-07-31,1,True,0,True
ASN-19611,ABBVIE LOGISTICS (FORMERLY ABBOTT LOGISTICS BV),Zimbabwe,2013-06-19,2013-06-19,1,True,0,True
ASN-19620,MICRO LABS LIMITED,Vietnam,2013-07-02,2013-07-02,1,True,0,True
ASN-19634,"Orgenics, Ltd",Côte d'Ivoire,2013-06-04,2013-06-04,1,True,0,True
ASN-19635,"Orgenics, Ltd",Côte d'Ivoire,2013-06-04,2013-06-04,1,True,0,True
ASN-19636,"Orgenics, Ltd",Côte d'Ivoire,2013-06-04,2013-06-04,1,True,0,True
ASN-19648,"CHEMBIO DIAGNOSTIC SYSTEMS, INC.",Nigeria,2013-06-12,2013-06-12,1,True,0,True
ASN-19649,"Orgenics, Ltd",Mali,2013-06-11,2013-06-11,2,True,0,True
ASN-19651,MICRO LABS LIMITED,Vietnam,2013-06-21,2013-06-21,1,True,0,True
ASN-19657,"Orgenics, Ltd",Mali,2013-07-03,2013-07-03,1,True,0,True
ASN-1966,Premier Medical Corporation Ltd.,Rwanda,2008-07-04,2008-07-04,1,True,0,True
ASN-19666,ABBVIE LOGISTICS (FORMERLY ABBOTT LOGISTICS BV),Haiti,2013-06-20,2013-06-20,1,True,0,True
ASN-19695,MICRO LABS LIMITED,Vietnam,2013-07-02,2013-07-02,1,True,0,True
ASN-19772,ABBVIE LOGISTICS (FORMERLY ABBOTT LOGISTICS BV),Tanzania,2013-07-18,2013-07-18,1,True,0,True
ASN-19780,ABBVIE LOGISTICS (FORMERLY ABBOTT LOGISTICS BV),Nigeria,2013-07-23,2013-07-23,1,True,0,True
ASN-19787,HETERO LABS LIMITED,Vietnam,2013-07-01,2013-07-01,3,True,0,True
ASN-19788,"Trinity Biotech, Plc",Uganda,2013-06-18,2013-06-18,1,True,0,True
ASN-19790,"Orgenics, Ltd",Tanzania,2013-06-25,2013-06-25,1,True,0,True
ASN-19819,Aurobindo Pharma Limited,Haiti,2013-09-02,2013-09-02,5,True,0,True
ASN-1984,BRISTOL-MYERS SQUIBB,Vietnam,2008-07-17,2008-07-17,1,True,0,True
ASN-19842,Aurobindo Pharma Limited,Guyana,2013-07-01,2013-07-01,1,True,0,True
ASN-19859,HETERO LABS LIMITED,Vietnam,2013-07-05,2013-07-05,3,True,0,True
ASN-19860,HETERO LABS LIMITED,Vietnam,2013-07-05,2013-07-05,1,True,0,True
ASN-199,ABBVIE LOGISTICS (FORMERLY ABBOTT LOGISTICS BV),Zambia,2007-01-30,2007-01-30,1,True,0,True
ASN-19907,ABBVIE LOGISTICS (FORMERLY ABBOTT LOGISTICS BV),Tanzania,2013-08-01,2013-08-01,1,True,0,True
ASN-19921,"CHEMBIO DIAGNOSTIC SYSTEMS, INC.",Côte d'Ivoire,2013-06-24,2013-06-24,1,True,0,True
ASN-200,"Standard Diagnostics, Inc.",Zambia,2007-02-20,2007-02-20,1,True,0,True
ASN-20003,Aurobindo Pharma Limited,Guyana,2013-07-01,2013-07-01,2,True,0,True
ASN-20026,HETERO LABS LIMITED,Haiti,2013-09-02,2013-09-02,2,True,0,True
ASN-20032,"Trinity Biotech, Plc","Congo, DRC",2013-11-04,2013-11-04,1,True,0,True
ASN-20041,MYLAN LABORATORIES LTD (FORMERLY MATRIX LABORATORIES),Vietnam,2013-07-13,2013-07-13,1,True,0,True
ASN-20042,MYLAN LABORATORIES LTD (FORMERLY MATRIX LABORATORIES),Vietnam,2013-07-13,2013-07-13,1,True,0,True
ASN-20043,MYLAN LABORATORIES LTD (FORMERLY MATRIX LABORATORIES),Vietnam,2013-07-13,2013-07-13,1,True,0,True
ASN-20045,BIO-RAD LABORATORIES (FRANCE),Côte d'Ivoire,2013-06-24,2013-06-24,1,True,0,True
ASN-20054,"Trinity Biotech, Plc",Guyana,2013-07-01,2013-07-01,1,True,0,True
ASN-20055,"Trinity Biotech, Plc",Zambia,2013-07-24,2013-07-24,1,True,0,True
ASN-2006,"Trinity Biotech, Plc",Guyana,2008-07-21,2008-07-21,1,True,0,True
ASN-2008,"Orgenics, Ltd",Nigeria,2008-07-09,2008-07-09,1,True,0,True
ASN-201,Abbott GmbH & Co. KG,Ethiopia,2007-01-15,2007-01-15,1,True,0,True
ASN-2011,"Orgenics, Ltd",Nigeria,2008-07-09,2008-07-04,1,True,-5,True
ASN-20132,ABBVIE LOGISTICS (FORMERLY ABBOTT LOGISTICS BV),Uganda,2013-07-05,2013-07-05,1,True,0,True
ASN-2014,"CHEMBIO DIAGNOSTIC SYSTEMS, INC.",Nigeria,2008-09-19,2008-07-16,1,True,-65,True
ASN-20150,Premier Medical Corporation Ltd.,Kenya,2013-08-05,2013-08-05,1,True,0,True
ASN-20159,Aurobindo Pharma Limited,Tanzania,2013-08-24,2013-08-24,1,True,0,True
ASN-20160,Aurobindo Pharma Limited,Tanzania,2013-08-24,2013-08-24,1,True,0,True
ASN-2017,Aurobindo Pharma Limited,Vietnam,2008-07-14,2008-07-14,2,True,0,True
ASN-20191,LAWRENCE LABORATORIES (SUBSIDIARY OF BRISTOL MYERS SQUIBB),Zimbabwe,2013-07-08,2013-07-08,1,True,0,True
ASN-20209,"SHANGHAI KEHUA BIOENGINEERING CO.,LTD.  (KHB)",Haiti,2013-07-09,2013-07-09,1,True,0,True
ASN-20218,Aurobindo Pharma Limited,"Congo, DRC",2013-11-28,2013-11-28,3,True,0,True
ASN-2023,Aurobindo Pharma Limited,Vietnam,2008-07-07,2008-07-07,2,True,0,True
ASN-20235,"Trinity Biotech, Plc",South Sudan,2013-09-12,2013-09-12,1,True,0,True
ASN-20238,"Orgenics, Ltd",Uganda,2013-07-11,2013-07-11,1,True,0,True
ASN-20239,"Orgenics, Ltd",Uganda,2013-07-11,2013-07-11,1,True,0,True
ASN-2024,IDA FOUNDATION,Nigeria,2008-07-31,2008-07-31,1,True,0,True
ASN-20240,"Orgenics, Ltd",Uganda,2013-07-11,2013-07-11,1,True,0,True
ASN-20241,"Orgenics, Ltd",Uganda,2013-07-11,2013-07-15,1,True,4,False
ASN-20242,"Orgenics, Ltd",Uganda,2013-07-15,2013-07-15,2,True,0,True
ASN-20251,IMRES B.V.,"Congo, DRC",2013-09-30,2013-09-30,1,True,0,True
ASN-20285,"CHEMBIO DIAGNOSTIC SYSTEMS, INC.",Ethiopia,2013-07-10,2013-07-10,1,True,0,True
ASN-20329,"Orgenics, Ltd",Haiti,2013-07-17,2013-07-17,1,True,0,True
ASN-20330,"Orgenics, Ltd",Guyana,2013-07-29,2013-07-29,1,True,0,True
ASN-20331,"Orgenics, Ltd",South Sudan,2013-09-20,2013-09-20,3,True,0,True
ASN-20340,MYLAN LABORATORIES LTD (FORMERLY MATRIX LABORATORIES),Tanzania,2013-09-05,2013-09-05,1,True,0,True
ASN-20353,"Orgenics, Ltd",Zambia,2013-08-23,2013-08-23,1,True,0,True
ASN-20366,MYLAN LABORATORIES LTD (FORMERLY MATRIX LABORATORIES),Vietnam,2013-08-01,2013-08-01,1,True,0,True
ASN-20367,MYLAN LABORATORIES LTD (FORMERLY MATRIX LABORATORIES),Vietnam,2013-08-01,2013-08-01,1,True,0,True
ASN-20368,MYLAN LABORATORIES LTD (FORMERLY MATRIX LABORATORIES),Vietnam,2013-08-01,2013-08-01,1,True,0,True
ASN-20370,STRIDES ARCOLAB LIMITED,Haiti,2013-07-24,2013-07-24,1,True,0,True
ASN-2043,MYLAN LABORATORIES LTD (FORMERLY MATRIX LABORATORIES),Vietnam,2008-07-17,2008-07-17,1,True,0,True
ASN-20434,MICRO LABS LIMITED,Haiti,2013-08-14,2013-08-14,3,True,0,True
ASN-2044,MYLAN LABORATORIES LTD (FORMERLY MATRIX LABORATORIES),Vietnam,2008-07-18,2008-07-18,1,True,0,True
ASN-20442,"CHEMBIO DIAGNOSTIC SYSTEMS, INC.",Guyana,2013-07-17,2013-07-17,1,True,0,True
ASN-20469,"Standard Diagnostics, Inc.",Tanzania,2013-09-20,2013-09-20,1,True,0,True
ASN-20472,"Orgenics, Ltd","Congo, DRC",2013-09-20,2013-09-20,2,True,0,True
ASN-20474,"Orgenics, Ltd",Zambia,2013-09-11,2013-09-11,1,True,0,True
ASN-20475,"Orgenics, Ltd",Zambia,2013-08-05,2013-08-05,1,True,0,True
ASN-20477,"Orgenics, Ltd",Zambia,2013-08-05,2013-07-31,1,True,-5,True
ASN-20479,"Orgenics, Ltd",Zambia,2013-08-05,2013-08-09,1,True,4,False
ASN-20481,"Orgenics, Ltd",Zambia,2013-08-05,2013-08-09,1,True,4,False
ASN-2050,ABBVIE LOGISTICS (FORMERLY ABBOTT LOGISTICS BV),Vietnam,2008-07-16,2008-07-16,1,True,0,True
ASN-2051,ABBVIE LOGISTICS (FORMERLY ABBOTT LOGISTICS BV),Vietnam,2008-07-14,2008-07-14,1,True,0,True
ASN-20515,MYLAN LABORATORIES LTD (FORMERLY MATRIX LABORATORIES),Haiti,2013-08-14,2013-08-14,1,True,0,True
ASN-20547,HETERO LABS LIMITED,Mozambique,2013-08-13,2013-08-13,1,True,0,True
ASN-20555,Aurobindo Pharma Limited,Vietnam,2013-09-03,2013-09-03,2,True,0,True
ASN-20630,ABBVIE LOGISTICS (FORMERLY ABBOTT LOGISTICS BV),Uganda,2013-07-26,2013-07-26,1,True,0,True
ASN-20649,"Orgenics, Ltd",South Sudan,2013-09-13,2013-09-13,2,True,0,True
ASN-20675,"SHANGHAI KEHUA BIOENGINEERING CO.,LTD.  (KHB)",Ethiopia,2013-07-30,2013-07-30,1,True,0,True
ASN-20679,"Trinity Biotech, Plc",Zambia,2013-07-23,2013-07-23,1,True,0,True
ASN-2068,Aurobindo Pharma Limited,Rwanda,2008-07-22,2008-07-22,1,True,0,True
ASN-207,"CHEMBIO DIAGNOSTIC SYSTEMS, INC.",Nigeria,2007-03-15,2007-03-05,1,True,-10,True
ASN-20768,ABBVIE LOGISTICS (FORMERLY ABBOTT LOGISTICS BV),"Congo, DRC",2013-11-20,2013-11-20,1,True,0,True
ASN-20770,ABBVIE LOGISTICS (FORMERLY ABBOTT LOGISTICS BV),"Congo, DRC",2013-11-20,2013-11-20,1,True,0,True
ASN-20771,ABBVIE LOGISTICS (FORMERLY ABBOTT LOGISTICS BV),"Congo, DRC",2013-11-20,2013-11-18,1,True,-2,True
ASN-20772,ABBVIE LOGISTICS (FORMERLY ABBOTT LOGISTICS BV),"Congo, DRC",2013-11-20,2013-11-20,1,True,0,True
ASN-20773,ABBVIE LOGISTICS (FORMERLY ABBOTT LOGISTICS BV),"Congo, DRC",2013-11-20,2013-11-20,1,True,0,True
ASN-20777,ABBVIE LOGISTICS (FORMERLY ABBOTT LOGISTICS BV),"Congo, DRC",2013-11-20,2013-11-20,1,True,0,True
ASN-2079,Aurobindo Pharma Limited,Rwanda,2008-07-23,2008-07-22,1,True,-1,True
ASN-2080,Aurobindo Pharma Limited,Rwanda,2008-07-23,2008-07-23,1,True,0,True
ASN-20858,Aurobindo Pharma Limited,Tanzania,2013-09-24,2013-09-24,1,True,0,True
ASN-20859,Aurobindo Pharma Limited,Tanzania,2013-09-24,2013-09-24,1,True,0,True
ASN-20860,Aurobindo Pharma Limited,Tanzania,2013-09-24,2013-09-24,1,True,0,True
ASN-20861,Aurobindo Pharma Limited,Tanzania,2013-09-24,2013-09-27,1,True,3,False
ASN-20868,ABBVIE LOGISTICS (FORMERLY ABBOTT LOGISTICS BV),Côte d'Ivoire,2013-08-01,2013-08-01,1,True,0,True
ASN-20894,HETERO LABS LIMITED,Haiti,2013-08-20,2013-08-20,1,True,0,True
ASN-20912,HETERO LABS LIMITED,Cameroon,2013-08-28,2013-08-28,1,True,0,True
ASN-20922,MYLAN LABORATORIES LTD (FORMERLY MATRIX LABORATORIES),Uganda,2013-08-16,2013-08-16,1,True,0,True
ASN-20948,MICRO LABS LIMITED,Uganda,2013-08-19,2013-08-19,1,True,0,True
ASN-20951,"Orgenics, Ltd",Côte d'Ivoire,2013-08-08,2013-08-08,1,True,0,True
ASN-2096,SETEMA LIMITED PLC,Ethiopia,2008-07-01,2008-07-01,1,True,0,True
ASN-20969,"SHANGHAI KEHUA BIOENGINEERING CO.,LTD.  (KHB)",Kenya,2013-08-24,2013-08-24,1,True,0,True
ASN-20972,"Trinity Biotech, Plc",Dominican Republic,2013-08-10,2013-08-10,1,True,0,True
ASN-20983,CIPLA LIMITED,Cameroon,2013-08-28,2013-08-28,1,True,0,True
ASN-2099,"Orgenics, Ltd",Haiti,2008-08-06,2008-08-06,1,True,0,True
ASN-2100,"Orgenics, Ltd",Guyana,2008-07-28,2008-07-28,1,True,0,True
ASN-2106,IDA FOUNDATION,Nigeria,2008-08-05,2008-08-05,2,True,0,True
ASN-21068,ABBVIE LOGISTICS (FORMERLY ABBOTT LOGISTICS BV),Haiti,2013-09-11,2013-09-11,1,True,0,True
ASN-21069,MYLAN LABORATORIES LTD (FORMERLY MATRIX LABORATORIES),Haiti,2013-08-30,2013-08-30,1,True,0,True
ASN-21072,MYLAN LABORATORIES LTD (FORMERLY MATRIX LABORATORIES),Haiti,2013-08-30,2013-08-30,1,True,0,True
ASN-21073,Aurobindo Pharma Limited,Zambia,2013-08-27,2013-08-27,1,True,0,True
ASN-2116,"Orgenics, Ltd",Rwanda,2008-07-22,2008-07-22,1,True,0,True
ASN-2117,"Orgenics, Ltd",Guyana,2008-07-28,2008-07-28,1,True,0,True
ASN-21190,BRISTOL-MYERS SQUIBB,Haiti,2013-09-03,2013-09-03,1,True,0,True
ASN-21204,BIO-RAD LABORATORIES (FRANCE),Côte d'Ivoire,2013-06-24,2013-06-24,1,True,0,True
ASN-21218,"Orgenics, Ltd",Nigeria,2013-09-18,2013-09-18,1,True,0,True
ASN-21219,"Orgenics, Ltd",Nigeria,2013-09-18,2013-09-24,1,True,6,False
ASN-21220,"Orgenics, Ltd",Nigeria,2013-09-18,2013-09-24,1,True,6,False
ASN-21221,"Orgenics, Ltd",Nigeria,2013-09-18,2013-09-18,1,True,0,True
ASN-21222,"Orgenics, Ltd",Nigeria,2013-09-18,2013-09-24,1,True,6,False
ASN-21223,"Orgenics, Ltd",Nigeria,2013-09-18,2013-09-19,1,True,1,False
ASN-21224,"Orgenics, Ltd",Nigeria,2013-09-18,2013-09-19,1,True,1,False
ASN-21226,"CHEMBIO DIAGNOSTIC SYSTEMS, INC.",Nigeria,2013-08-27,2013-08-27,1,True,0,True
ASN-21229,"Standard Diagnostics, Inc.",Tanzania,2013-09-17,2013-09-17,1,True,0,True
ASN-21230,"Standard Diagnostics, Inc.",Tanzania,2013-09-17,2013-09-13,1,True,-4,True
ASN-21231,"Standard Diagnostics, Inc.",Tanzania,2013-09-17,2013-09-15,1,True,-2,True
ASN-21233,"Standard Diagnostics, Inc.",Tanzania,2013-09-17,2013-09-16,1,True,-1,True
ASN-21234,"Standard Diagnostics, Inc.",Tanzania,2013-09-17,2013-09-16,1,True,-1,True
ASN-21235,"Standard Diagnostics, Inc.",Tanzania,2013-09-17,2013-09-16,1,True,-1,True
ASN-21237,"Standard Diagnostics, Inc.",Tanzania,2013-09-16,2013-09-16,1,True,0,True
ASN-21267,ABBVIE LOGISTICS (FORMERLY ABBOTT LOGISTICS BV),"Congo, DRC",2014-01-15,2014-01-15,1,True,0,True
ASN-21309,"Orgenics, Ltd",Cameroon,2013-08-27,2013-08-27,1,True,0,True
ASN-21340,ABBVIE LOGISTICS (FORMERLY ABBOTT LOGISTICS BV),Mozambique,2013-09-30,2013-09-30,1,True,0,True
ASN-21347,"CHEMBIO DIAGNOSTIC SYSTEMS, INC.",Côte d'Ivoire,2013-09-03,2013-09-03,1,True,0,True
ASN-21349,"CHEMBIO DIAGNOSTIC SYSTEMS, INC.",Burundi,2013-09-20,2013-09-20,1,True,0,True
ASN-21378,ABBVIE LOGISTICS (FORMERLY ABBOTT LOGISTICS BV),Vietnam,2013-09-16,2013-09-16,1,True,0,True
ASN-21380,ABBVIE LOGISTICS (FORMERLY ABBOTT LOGISTICS BV),Vietnam,2013-09-16,2013-09-16,1,True,0,True
ASN-21405,MYLAN LABORATORIES LTD (FORMERLY MATRIX LABORATORIES),Uganda,2013-08-29,2013-08-29,1,True,0,True
ASN-21423,"SHANGHAI KEHUA BIOENGINEERING CO.,LTD.  (KHB)",Rwanda,2013-09-20,2013-09-20,1,True,0,True
ASN-21425,STRIDES ARCOLAB LIMITED,Mozambique,2013-10-09,2013-10-09,1,True,0,True
ASN-21426,STRIDES ARCOLAB LIMITED,Mozambique,2013-10-09,2013-10-09,1,True,0,True
ASN-21443,"CHEMBIO DIAGNOSTIC SYSTEMS, INC.",Uganda,2013-10-04,2013-10-04,1,True,0,True
ASN-2146,Orasure Technologies Inc.,Haiti,2008-08-20,2008-08-20,1,True,0,True
ASN-21478,"Trinity Biotech, Plc",Zambia,2013-09-18,2013-09-18,1,True,0,True
ASN-21499,MYLAN LABORATORIES LTD (FORMERLY MATRIX LABORATORIES),Cameroon,2013-09-26,2013-09-26,1,True,0,True
ASN-21501,MYLAN LABORATORIES LTD (FORMERLY MATRIX LABORATORIES),Tanzania,2013-10-04,2013-10-04,1,True,0,True
ASN-21502,MYLAN LABORATORIES LTD (FORMERLY MATRIX LABORATORIES),Tanzania,2013-10-23,2013-10-23,1,True,0,True
ASN-21504,MYLAN LABORATORIES LTD (FORMERLY MATRIX LABORATORIES),Tanzania,2013-10-23,2013-10-23,1,True,0,True
ASN-21516,BIO-RAD LABORATORIES (FRANCE),Uganda,2013-09-30,2013-09-30,1,True,0,True
ASN-21520,STRIDES ARCOLAB LIMITED,Uganda,2013-09-14,2013-09-14,1,True,0,True
ASN-21522,ABBVIE LOGISTICS (FORMERLY ABBOTT LOGISTICS BV),Uganda,2013-09-23,2013-09-23,1,True,0,True
ASN-21528,CIPLA LIMITED,Cameroon,2013-09-26,2013-09-26,1,True,0,True
ASN-21529,CIPLA LIMITED,Cameroon,2013-09-26,2013-09-26,1,True,0,True
ASN-21530,CIPLA LIMITED,Cameroon,2013-09-26,2013-09-26,1,True,0,True
ASN-21532,HETERO LABS LIMITED,Uganda,2013-09-14,2013-09-14,1,True,0,True
ASN-21549,ABBVIE LOGISTICS (FORMERLY ABBOTT LOGISTICS BV),Vietnam,2013-10-03,2013-10-03,1,True,0,True
ASN-21551,ABBVIE LOGISTICS (FORMERLY ABBOTT LOGISTICS BV),Vietnam,2013-10-07,2013-10-07,1,True,0,True
ASN-21559,CIPLA LIMITED,Tanzania,2013-10-04,2013-10-04,1,True,0,True
ASN-21568,Aurobindo Pharma Limited,Zambia,2013-10-17,2013-10-17,1,True,0,True
ASN-21572,MYLAN LABORATORIES LTD (FORMERLY MATRIX LABORATORIES),Cameroon,2013-09-26,2013-09-26,1,True,0,True
ASN-21574,ABBVIE LOGISTICS (FORMERLY ABBOTT LOGISTICS BV),Côte d'Ivoire,2013-09-24,2013-09-24,1,True,0,True
ASN-21586,ABBVIE LOGISTICS (FORMERLY ABBOTT LOGISTICS BV),Mozambique,2013-10-08,2013-10-08,1,True,0,True
ASN-21627,MYLAN LABORATORIES LTD (FORMERLY MATRIX LABORATORIES),Uganda,2013-11-06,2013-11-06,2,True,0,True
ASN-21651,HETERO LABS LIMITED,Vietnam,2013-09-24,2013-09-24,1,True,0,True
ASN-21652,HETERO LABS LIMITED,Vietnam,2013-09-24,2013-09-24,1,True,0,True
ASN-21667,HETERO LABS LIMITED,Vietnam,2013-09-28,2013-09-28,2,True,0,True
ASN-21668,HETERO LABS LIMITED,Vietnam,2013-09-25,2013-09-25,2,True,0,True
ASN-2167,BRISTOL-MYERS SQUIBB,Tanzania,2008-09-02,2008-09-02,1,True,0,True
ASN-21679,"Orgenics, Ltd",Cameroon,2013-10-10,2013-10-10,2,True,0,True
ASN-21682,"Orgenics, Ltd",Malawi,2013-10-02,2013-10-02,1,True,0,True
ASN-21694,MYLAN LABORATORIES LTD (FORMERLY MATRIX LABORATORIES),Vietnam,2013-10-11,2013-10-11,1,True,0,True
ASN-21695,MYLAN LABORATORIES LTD (FORMERLY MATRIX LABORATORIES),Vietnam,2013-10-11,2013-10-09,1,True,-2,True
ASN-21698,Aurobindo Pharma Limited,Cameroon,2013-10-18,2013-10-18,2,True,0,True
ASN-21700,Aurobindo Pharma Limited,Cameroon,2013-10-18,2013-10-18,1,True,0,True
ASN-21701,Aurobindo Pharma Limited,Cameroon,2013-10-18,2013-10-26,1,True,8,False
ASN-21703,Aurobindo Pharma Limited,Cameroon,2013-10-18,2013-10-11,1,True,-7,True
ASN-21704,Aurobindo Pharma Limited,Cameroon,2013-10-18,2013-10-18,1,True,0,True
ASN-21706,Aurobindo Pharma Limited,Cameroon,2013-10-18,2013-11-09,1,True,22,False
ASN-21707,Aurobindo Pharma Limited,Cameroon,2013-11-07,2013-11-07,1,True,0,True
ASN-21708,Aurobindo Pharma Limited,Cameroon,2013-11-07,2013-10-30,1,True,-8,True
ASN-21709,Aurobindo Pharma Limited,Cameroon,2013-11-07,2013-10-30,1,True,-8,True
ASN-21710,Aurobindo Pharma Limited,Cameroon,2013-10-18,2013-10-18,1,True,0,True
ASN-21750,"Trinity Biotech, Plc",Malawi,2013-10-02,2013-10-02,1,True,0,True
ASN-21751,"Trinity Biotech, Plc",South Sudan,2013-10-18,2013-10-18,5,True,0,True
ASN-21763,"Standard Diagnostics, Inc.",Côte d'Ivoire,2013-10-07,2013-10-07,1,True,0,True
ASN-21766,CIPLA LIMITED,Uganda,2013-10-03,2013-10-03,1,True,0,True
ASN-21767,CIPLA LIMITED,Uganda,2013-10-03,2013-10-03,1,True,0,True
ASN-21798,EMCURE PHARMACEUTICALS LTD,Dominican Republic,2013-10-04,2013-10-04,1,True,0,True
ASN-21813,"Orgenics, Ltd",Burundi,2013-11-18,2013-11-18,1,True,0,True
ASN-21817,MYLAN LABORATORIES LTD (FORMERLY MATRIX LABORATORIES),Vietnam,2013-10-23,2013-10-23,1,True,0,True
ASN-21821,STRIDES ARCOLAB LIMITED,Uganda,2013-11-08,2013-11-08,1,True,0,True
ASN-21822,STRIDES ARCOLAB LIMITED,Uganda,2013-11-08,2013-11-08,1,True,0,True
ASN-21834,LAWRENCE LABORATORIES (SUBSIDIARY OF BRISTOL MYERS SQUIBB),Zimbabwe,2013-10-24,2013-10-24,1,True,0,True
ASN-21846,"Trinity Biotech, Plc",Zambia,2013-11-20,2013-11-20,1,True,0,True
ASN-21848,"Orgenics, Ltd",Haiti,2013-11-11,2013-11-11,1,True,0,True
ASN-21851,CIPLA LIMITED,Cameroon,2013-11-09,2013-11-09,1,True,0,True
ASN-21852,ABBVIE LOGISTICS (FORMERLY ABBOTT LOGISTICS BV),Guyana,2013-10-29,2013-10-29,1,True,0,True
ASN-21866,BIO-RAD LABORATORIES (FRANCE),Uganda,2013-11-07,2013-11-07,1,True,0,True
ASN-21881,STRIDES ARCOLAB LIMITED,Uganda,2013-11-07,2013-11-07,1,True,0,True
ASN-21883,Aurobindo Pharma Limited,Côte d'Ivoire,2013-10-07,2013-10-07,1,True,0,True
ASN-21890,"Trinity Biotech, Plc",Swaziland,2013-11-30,2013-11-30,1,True,0,True
ASN-21891,Aurobindo Pharma Limited,Zambia,2014-02-25,2014-02-25,1,True,0,True
ASN-21906,"Orgenics, Ltd",Zambia,2013-11-06,2013-11-06,1,True,0,True
ASN-21926,HETERO LABS LIMITED,Tanzania,2013-11-21,2013-11-21,1,True,0,True
ASN-21946,HETERO LABS LIMITED,Cameroon,2013-11-09,2013-11-09,1,True,0,True
ASN-21949,"Trinity Biotech, Plc",Nigeria,2013-10-24,2013-10-24,1,True,0,True
ASN-21967,Orasure Technologies Inc.,Cameroon,2013-10-22,2013-10-22,1,True,0,True
ASN-22001,MYLAN LABORATORIES LTD (FORMERLY MATRIX LABORATORIES),Uganda,2013-12-18,2013-12-18,1,True,0,True
ASN-22038,Orasure Technologies Inc.,Cameroon,2013-10-16,2013-10-16,1,True,0,True
ASN-2204,CIPLA LIMITED,Vietnam,2008-08-12,2008-08-12,1,True,0,True
ASN-22040,"Orgenics, Ltd",South Sudan,2013-11-08,2013-11-08,3,True,0,True
ASN-22041,"Trinity Biotech, Plc",Malawi,2013-10-15,2013-10-15,1,True,0,True
ASN-22043,HUMAN GMBH,Cameroon,2013-10-10,2013-10-10,1,True,0,True
ASN-2205,CIPLA LIMITED,Vietnam,2008-09-19,2008-09-19,1,True,0,True
ASN-22054,MYLAN LABORATORIES LTD (FORMERLY MATRIX LABORATORIES),Côte d'Ivoire,2013-11-04,2013-11-04,1,True,0,True
ASN-22068,CIPLA LIMITED,Cameroon,2013-11-09,2013-10-30,1,True,-10,True
ASN-22072,MYLAN LABORATORIES LTD (FORMERLY MATRIX LABORATORIES),Vietnam,2013-11-27,2013-11-27,1,True,0,True
ASN-22082,ABBVIE LOGISTICS (FORMERLY ABBOTT LOGISTICS BV),Tanzania,2013-11-21,2013-11-21,1,True,0,True
ASN-221,"Trinity Biotech, Plc",Tanzania,2007-03-23,2007-03-23,1,True,0,True
ASN-22107,ABBVIE LOGISTICS (FORMERLY ABBOTT LOGISTICS BV),Côte d'Ivoire,2013-10-17,2013-10-17,1,True,0,True
ASN-22108,"CHEMBIO DIAGNOSTIC SYSTEMS, INC.",Burundi,2013-10-30,2013-10-30,1,True,0,True
ASN-22109,"Orgenics, Ltd",Tanzania,2013-12-02,2013-12-02,1,True,0,True
ASN-22113,"Orgenics, Ltd",Dominican Republic,2013-10-29,2013-10-29,1,True,0,True
ASN-22130,MYLAN LABORATORIES LTD (FORMERLY MATRIX LABORATORIES),Uganda,2013-10-28,2013-10-28,1,True,0,True
ASN-22141,CIPLA LIMITED,Uganda,2013-10-30,2013-10-30,1,True,0,True
ASN-22152,Aurobindo Pharma Limited,Tanzania,2013-11-21,2013-11-21,1,True,0,True
ASN-22164,"Orgenics, Ltd",Côte d'Ivoire,2013-11-07,2013-11-07,1,True,0,True
ASN-22167,"Orgenics, Ltd",Malawi,2013-10-30,2013-10-30,1,True,0,True
ASN-22168,"Orgenics, Ltd",Burundi,2013-11-20,2013-11-20,1,True,0,True
ASN-22171,"Orgenics, Ltd",Cameroon,2013-11-09,2013-11-09,1,True,0,True
ASN-22172,"Orgenics, Ltd",Nigeria,2013-11-07,2013-11-07,1,True,0,True
ASN-22173,"Orgenics, Ltd",Nigeria,2013-11-07,2013-11-08,1,True,1,False
ASN-22178,LAWRENCE LABORATORIES (SUBSIDIARY OF BRISTOL MYERS SQUIBB),Zimbabwe,2013-12-13,2013-12-13,1,True,0,True
ASN-22179,HETERO LABS LIMITED,Cameroon,2013-11-09,2013-11-09,1,True,0,True
ASN-2218,MISSIONPHARMA A/S,Ethiopia,2008-08-13,2008-08-13,1,True,0,True
ASN-22180,SUN PHARMACEUTICAL INDUSTRIES LTD (RANBAXY LABORATORIES LIMITED),Cameroon,2013-11-14,2013-11-14,1,True,0,True
ASN-22189,"Trinity Biotech, Plc",Mozambique,2013-11-19,2013-11-19,1,True,0,True
ASN-22193,Aurobindo Pharma Limited,Tanzania,2013-11-13,2013-11-13,1,True,0,True
ASN-22217,"SHANGHAI KEHUA BIOENGINEERING CO.,LTD.  (KHB)",Haiti,2013-12-12,2013-12-12,1,True,0,True
ASN-22266,ABBVIE LOGISTICS (FORMERLY ABBOTT LOGISTICS BV),Tanzania,2013-11-21,2013-11-21,1,True,0,True
ASN-22277,"Standard Diagnostics, Inc.",Dominican Republic,2013-10-29,2013-10-29,2,True,0,True
ASN-22289,MERCK SHARP & DOHME IDEA GMBH (FORMALLY MERCK SHARP & DOHME B.V.),Rwanda,2013-10-19,2013-10-19,1,True,0,True
ASN-223,ABBVIE LOGISTICS (FORMERLY ABBOTT LOGISTICS BV),Zambia,2007-02-16,2007-02-16,1,True,0,True
ASN-2234,"Orgenics, Ltd",Botswana,2009-01-20,2008-09-03,1,True,-139,True
ASN-22342,"Orgenics, Ltd",Nigeria,2013-11-07,2013-11-05,1,True,-2,True
ASN-22343,"Orgenics, Ltd",Nigeria,2013-11-07,2013-11-05,1,True,-2,True
ASN-22344,"Orgenics, Ltd",Nigeria,2013-11-07,2013-11-11,1,True,4,False
ASN-22345,"Orgenics, Ltd",Nigeria,2013-11-07,2013-11-07,1,True,0,True
ASN-22346,"Orgenics, Ltd",Nigeria,2013-11-07,2013-11-08,1,True,1,False
ASN-22347,"Orgenics, Ltd",Nigeria,2013-11-07,2013-11-07,1,True,0,True
ASN-22348,"Orgenics, Ltd",Nigeria,2013-11-07,2013-11-07,1,True,0,True
ASN-22349,"Orgenics, Ltd",Nigeria,2013-11-07,2013-11-11,1,True,4,False
ASN-2235,"Orgenics, Ltd",Botswana,2009-01-20,2009-01-20,1,True,0,True
ASN-22350,"Orgenics, Ltd",Nigeria,2013-11-07,2013-11-07,1,True,0,True
ASN-22351,"Orgenics, Ltd",Nigeria,2013-11-07,2013-11-11,1,True,4,False
ASN-22352,"Orgenics, Ltd",Nigeria,2013-11-07,2013-11-11,1,True,4,False
ASN-22353,"Orgenics, Ltd",Nigeria,2013-11-07,2013-11-11,1,True,4,False
ASN-22354,"Orgenics, Ltd",Nigeria,2013-11-07,2013-11-13,1,True,6,False
ASN-22356,"Orgenics, Ltd",Nigeria,2013-11-07,2013-11-11,1,True,4,False
ASN-22365,"Trinity Biotech, Plc",Tanzania,2013-12-23,2013-12-23,1,True,0,True
ASN-22375,"Orgenics, Ltd",Mozambique,2013-11-04,2013-11-04,1,True,0,True
ASN-22377,"Orgenics, Ltd",Côte d'Ivoire,2013-11-13,2013-11-13,1,True,0,True
ASN-2243,STRIDES ARCOLAB LIMITED,Vietnam,2008-08-11,2008-08-11,1,True,0,True
ASN-2244,STRIDES ARCOLAB LIMITED,Vietnam,2008-08-19,2008-08-19,1,True,0,True
ASN-22462,"CHEMBIO DIAGNOSTIC SYSTEMS, INC.",Côte d'Ivoire,2013-11-27,2013-11-27,1,True,0,True
ASN-22467,STRIDES ARCOLAB LIMITED,Cameroon,2013-11-07,2013-11-07,1,True,0,True
ASN-22493,CIPLA LIMITED,Uganda,2013-11-16,2013-11-16,1,True,0,True
ASN-22494,CIPLA LIMITED,Uganda,2013-11-16,2013-11-16,1,True,0,True
ASN-22495,CIPLA LIMITED,Uganda,2013-11-16,2013-11-16,1,True,0,True
ASN-22496,CIPLA LIMITED,Uganda,2013-11-16,2013-11-16,1,True,0,True
ASN-22498,ABBVIE LOGISTICS (FORMERLY ABBOTT LOGISTICS BV),Uganda,2013-11-15,2013-11-15,1,True,0,True
ASN-22538,"Trinity Biotech, Plc",Zambia,2013-12-02,2013-12-02,1,True,0,True
ASN-2255,ZEPHYR BIOMEDICALS,Guyana,2008-08-15,2008-08-15,1,True,0,True
ASN-2256,"Trinity Biotech, Plc",Rwanda,2008-08-16,2008-08-16,1,True,0,True
ASN-2257,"Trinity Biotech, Plc",Haiti,2008-08-22,2008-08-22,1,True,0,True
ASN-22575,ASPEN PHARMACARE,Mozambique,2013-11-08,2013-11-08,1,True,0,True
ASN-22576,MYLAN LABORATORIES LTD (FORMERLY MATRIX LABORATORIES),Uganda,2013-11-21,2013-11-21,1,True,0,True
ASN-2258,"Trinity Biotech, Plc",Haiti,2008-08-22,2008-08-22,1,True,0,True
ASN-22588,MYLAN LABORATORIES LTD (FORMERLY MATRIX LABORATORIES),Uganda,2013-11-21,2013-11-21,1,True,0,True
ASN-22594,ASPEN PHARMACARE,Uganda,2013-11-20,2013-11-20,1,True,0,True
ASN-22601,ASPEN PHARMACARE,Uganda,2013-11-20,2013-11-20,1,True,0,True
ASN-22654,MYLAN LABORATORIES LTD (FORMERLY MATRIX LABORATORIES),Cameroon,2013-12-16,2013-12-16,1,True,0,True
ASN-2267,"CHEMBIO DIAGNOSTIC SYSTEMS, INC.",Nigeria,2008-09-19,2008-08-20,1,True,-30,True
ASN-22686,MICRO LABS LIMITED,Vietnam,2013-12-05,2013-12-05,1,True,0,True
ASN-22687,MICRO LABS LIMITED,Vietnam,2013-12-13,2013-12-13,1,True,0,True
ASN-22706,ASPEN PHARMACARE,Uganda,2013-11-20,2013-11-20,2,True,0,True
ASN-22712,MYLAN LABORATORIES LTD (FORMERLY MATRIX LABORATORIES),Haiti,2014-01-24,2014-01-24,2,True,0,True
ASN-22715,ABBVIE LOGISTICS (FORMERLY ABBOTT LOGISTICS BV),Haiti,2013-12-12,2013-12-12,1,True,0,True
ASN-2274,Aurobindo Pharma Limited,Vietnam,2008-09-19,2008-09-19,3,True,0,True
ASN-22749,"Orgenics, Ltd",South Sudan,2014-01-24,2014-01-24,3,True,0,True
ASN-2275,Aurobindo Pharma Limited,Vietnam,2008-09-19,2008-09-19,1,True,0,True
ASN-22752,"CHEMBIO DIAGNOSTIC SYSTEMS, INC.",Nigeria,2013-11-25,2013-11-25,1,True,0,True
ASN-2276,Aurobindo Pharma Limited,Vietnam,2008-09-19,2008-09-19,1,True,0,True
ASN-2277,Aurobindo Pharma Limited,Vietnam,2008-09-19,2008-09-19,2,True,0,True
ASN-22771,MYLAN LABORATORIES LTD (FORMERLY MATRIX LABORATORIES),Nigeria,2013-12-17,2013-12-17,1,True,0,True
ASN-22787,Aurobindo Pharma Limited,Cameroon,2013-12-04,2013-12-04,1,True,0,True
ASN-22800,CIPLA LIMITED,Vietnam,2013-12-13,2013-12-13,1,True,0,True
ASN-22818,"Orgenics, Ltd",Zimbabwe,2013-12-09,2013-12-09,2,True,0,True
ASN-22826,ABBVIE LOGISTICS (FORMERLY ABBOTT LOGISTICS BV),Côte d'Ivoire,2013-11-29,2013-11-29,1,True,0,True
ASN-22827,CIPLA LIMITED,Vietnam,2013-12-12,2013-12-12,1,True,0,True
ASN-22828,ABBVIE LOGISTICS (FORMERLY ABBOTT LOGISTICS BV),Côte d'Ivoire,2013-11-29,2013-11-29,1,True,0,True
ASN-22833,CIPLA LIMITED,Tanzania,2013-12-27,2013-12-27,1,True,0,True
ASN-22834,CIPLA LIMITED,Tanzania,2013-12-27,2013-12-27,1,True,0,True
ASN-22835,CIPLA LIMITED,Tanzania,2013-12-27,2013-12-27,1,True,0,True
ASN-22844,Aurobindo Pharma Limited,Tanzania,2013-12-31,2013-12-31,1,True,0,True
ASN-22849,Aurobindo Pharma Limited,Rwanda,2013-12-13,2013-12-13,1,True,0,True
ASN-22850,MYLAN LABORATORIES LTD (FORMERLY MATRIX LABORATORIES),Zimbabwe,2014-01-21,2014-01-21,1,True,0,True
ASN-22877,"Orgenics, Ltd",Nigeria,2013-12-23,2013-12-23,1,True,0,True
ASN-22879,"Orgenics, Ltd",Nigeria,2013-12-23,2013-12-10,1,True,-13,True
ASN-22882,"Orgenics, Ltd",Nigeria,2013-12-23,2013-12-16,1,True,-7,True
ASN-22885,"Orgenics, Ltd",Nigeria,2013-12-23,2013-12-12,1,True,-11,True
ASN-22886,"Orgenics, Ltd",Nigeria,2013-12-23,2013-12-10,1,True,-13,True
ASN-229,ABBVIE LOGISTICS (FORMERLY ABBOTT LOGISTICS BV),Mozambique,2007-02-15,2007-02-15,1,True,0,True
ASN-2291,S. BUYS WHOLESALER,South Africa,2008-04-25,2008-04-25,1,True,0,True
ASN-2292,"JSI R&T INSTITUTE, INC.",South Africa,2008-01-21,2008-04-25,1,True,95,False
ASN-2293,S. BUYS WHOLESALER,South Africa,2008-08-20,2008-05-08,16,True,-104,True
ASN-22935,Aurobindo Pharma Limited,Vietnam,2013-12-24,2013-12-24,1,True,0,True
ASN-22937,Aurobindo Pharma Limited,Vietnam,2013-12-16,2013-12-16,1,True,0,True
ASN-22938,Aurobindo Pharma Limited,Zambia,2014-01-13,2014-01-13,1,True,0,True
ASN-2294,S. BUYS WHOLESALER,South Africa,2008-06-17,2008-06-17,1,True,0,True
ASN-22941,ABBVIE LOGISTICS (FORMERLY ABBOTT LOGISTICS BV),Tanzania,2013-12-31,2013-12-31,1,True,0,True
ASN-2295,S. BUYS WHOLESALER,South Africa,2008-06-12,2008-06-09,2,True,-3,True
ASN-22952,Aurobindo Pharma Limited,Guyana,2013-12-04,2013-12-04,1,True,0,True
ASN-22955,"Trinity Biotech, Plc",South Sudan,2014-02-11,2014-02-11,4,True,0,True
ASN-22956,"Trinity Biotech, Plc",South Sudan,2014-02-20,2014-02-20,1,True,0,True
ASN-2296,S. BUYS WHOLESALER,South Africa,2008-08-20,2008-05-21,1,True,-91,True
ASN-22978,ABBVIE LOGISTICS (FORMERLY ABBOTT LOGISTICS BV),Guyana,2014-03-03,2014-03-03,1,True,0,True
ASN-22982,Aurobindo Pharma Limited,Uganda,2013-12-10,2013-12-10,1,True,0,True
ASN-22983,Aurobindo Pharma Limited,Uganda,2013-12-10,2013-12-12,1,True,2,False
ASN-22984,Aurobindo Pharma Limited,Uganda,2013-12-10,2013-12-12,1,True,2,False
ASN-22985,Aurobindo Pharma Limited,Uganda,2013-12-10,2013-12-12,1,True,2,False
ASN-22986,Aurobindo Pharma Limited,Uganda,2013-12-10,2013-12-12,1,True,2,False
ASN-22987,Aurobindo Pharma Limited,Uganda,2013-12-12,2013-12-12,1,True,0,True
ASN-2299,S. BUYS WHOLESALER,South Africa,2008-08-20,2008-05-14,1,True,-98,True
ASN-22999,MYLAN LABORATORIES LTD (FORMERLY MATRIX LABORATORIES),Vietnam,2013-12-23,2013-12-23,1,True,0,True
ASN-2300,S. BUYS WHOLESALER,South Africa,2008-08-20,2008-05-14,6,True,-98,True
ASN-23000,MYLAN LABORATORIES LTD (FORMERLY MATRIX LABORATORIES),Vietnam,2013-12-23,2013-12-23,1,True,0,True
ASN-23016,ABBVIE LOGISTICS (FORMERLY ABBOTT LOGISTICS BV),Haiti,2014-01-23,2014-01-23,1,True,0,True
ASN-23017,ABBVIE LOGISTICS (FORMERLY ABBOTT LOGISTICS BV),Haiti,2014-01-23,2014-01-23,1,True,0,True
ASN-23076,MYLAN LABORATORIES LTD (FORMERLY MATRIX LABORATORIES),Uganda,2014-01-15,2014-01-15,1,True,0,True
ASN-23125,"SHANGHAI KEHUA BIOENGINEERING CO.,LTD.  (KHB)",Rwanda,2013-12-14,2013-12-14,1,True,0,True
ASN-23138,ABBVIE LOGISTICS (FORMERLY ABBOTT LOGISTICS BV),Vietnam,2014-01-06,2014-01-06,1,True,0,True
ASN-23139,ABBVIE LOGISTICS (FORMERLY ABBOTT LOGISTICS BV),Vietnam,2014-01-06,2014-01-06,1,True,0,True
ASN-23156,"Orgenics, Ltd",South Sudan,2014-02-27,2014-02-27,1,True,0,True
ASN-23174,HETERO LABS LIMITED,Vietnam,2014-01-08,2014-01-08,1,True,0,True
ASN-23182,ABBVIE LOGISTICS (FORMERLY ABBOTT LOGISTICS BV),Vietnam,2014-01-08,2014-01-08,2,True,0,True
ASN-23200,"CHEMBIO DIAGNOSTIC SYSTEMS, INC.",Nigeria,2014-01-03,2014-01-03,1,True,0,True
ASN-23207,ABBVIE LOGISTICS (FORMERLY ABBOTT LOGISTICS BV),Côte d'Ivoire,2013-12-23,2013-12-23,1,True,0,True
ASN-23208,HETERO LABS LIMITED,Vietnam,2014-01-07,2014-01-07,1,True,0,True
ASN-23213,MYLAN LABORATORIES LTD (FORMERLY MATRIX LABORATORIES),Tanzania,2014-01-28,2014-01-28,1,True,0,True
ASN-23215,MYLAN LABORATORIES LTD (FORMERLY MATRIX LABORATORIES),Vietnam,2014-01-09,2014-01-09,1,True,0,True
ASN-23223,ABBVIE LOGISTICS (FORMERLY ABBOTT LOGISTICS BV),Uganda,2014-03-04,2014-03-04,1,True,0,True
ASN-23225,CIPLA LIMITED,Uganda,2014-01-17,2014-01-17,1,True,0,True
ASN-2325,"Orgenics, Ltd",Botswana,2008-10-09,2008-10-02,1,True,-7,True
ASN-23308,Aurobindo Pharma Limited,Uganda,2014-01-17,2014-01-17,1,True,0,True
ASN-23311,MERCK SHARP & DOHME IDEA GMBH (FORMALLY MERCK SHARP & DOHME B.V.),Mozambique,2013-12-18,2013-12-18,1,True,0,True
ASN-23338,Aurobindo Pharma Limited,Cameroon,2014-01-08,2014-01-08,1,True,0,True
ASN-23339,Aurobindo Pharma Limited,Cameroon,2014-01-08,2014-01-08,1,True,0,True
ASN-23340,Aurobindo Pharma Limited,Zambia,2013-12-23,2013-12-23,1,True,0,True
ASN-2335,MYLAN LABORATORIES LTD (FORMERLY MATRIX LABORATORIES),Vietnam,2008-09-20,2008-09-20,4,True,0,True
ASN-23353,Aurobindo Pharma Limited,Côte d'Ivoire,2014-01-03,2014-01-03,1,True,0,True
ASN-2336,MYLAN LABORATORIES LTD (FORMERLY MATRIX LABORATORIES),Vietnam,2008-09-19,2008-09-19,4,True,0,True
ASN-2337,MYLAN LABORATORIES LTD (FORMERLY MATRIX LABORATORIES),Vietnam,2008-09-19,2008-09-19,1,True,0,True
ASN-23373,ABBVIE LOGISTICS (FORMERLY ABBOTT LOGISTICS BV),Nigeria,2013-12-30,2013-12-30,1,True,0,True
ASN-23375,ABBVIE LOGISTICS (FORMERLY ABBOTT LOGISTICS BV),Nigeria,2014-01-10,2014-01-10,1,True,0,True
ASN-2338,MYLAN LABORATORIES LTD (FORMERLY MATRIX LABORATORIES),Vietnam,2008-09-20,2008-09-20,1,True,0,True
ASN-23388,ABBVIE LOGISTICS (FORMERLY ABBOTT LOGISTICS BV),Côte d'Ivoire,2014-01-10,2014-01-10,1,True,0,True
ASN-2339,Aurobindo Pharma Limited,Vietnam,2008-09-03,2008-09-03,1,True,0,True
ASN-23390,ABBVIE LOGISTICS (FORMERLY ABBOTT LOGISTICS BV),Zambia,2014-02-07,2014-02-07,1,True,0,True
ASN-23392,"Orgenics, Ltd",Côte d'Ivoire,2014-01-23,2014-01-23,1,True,0,True
ASN-23397,Aurobindo Pharma Limited,Tanzania,2014-01-28,2014-01-28,1,True,0,True
ASN-23425,Aurobindo Pharma Limited,Cameroon,2014-01-08,2014-01-08,1,True,0,True
ASN-23441,"Trinity Biotech, Plc",Nigeria,2014-01-24,2014-01-24,1,True,0,True
ASN-23448,Aurobindo Pharma Limited,Côte d'Ivoire,2014-01-03,2014-01-03,2,True,0,True
ASN-23519,INVERNESS MEDICAL INNOVATIONS HONG KONG LTD,Pakistan,2014-03-17,2014-03-17,1,True,0,True
ASN-2352,"Orgenics, Ltd",Nigeria,2008-09-12,2008-09-12,1,True,0,True
ASN-2353,"Orgenics, Ltd",Nigeria,2008-09-12,2008-09-03,1,True,-9,True
ASN-2356,"Orgenics, Ltd",Kyrgyzstan,2008-09-19,2008-09-19,1,True,0,True
ASN-2359,"CHEMBIO DIAGNOSTIC SYSTEMS, INC.",Nigeria,2008-09-19,2008-09-19,1,True,0,True
ASN-23606,ABBVIE LOGISTICS (FORMERLY ABBOTT LOGISTICS BV),Rwanda,2014-01-22,2014-01-22,1,True,0,True
ASN-23608,S. BUYS WHOLESALER,South Africa,2013-12-09,2013-12-09,1,True,0,True
ASN-23622,Aurobindo Pharma Limited,Vietnam,2014-01-22,2014-01-22,1,True,0,True
ASN-23647,MYLAN LABORATORIES LTD (FORMERLY MATRIX LABORATORIES),Vietnam,2014-06-13,2014-06-13,1,True,0,True
ASN-23648,MYLAN LABORATORIES LTD (FORMERLY MATRIX LABORATORIES),Vietnam,2014-06-13,2014-01-22,1,True,-142,True
ASN-23656,MYLAN LABORATORIES LTD (FORMERLY MATRIX LABORATORIES),Rwanda,2014-01-31,2014-01-31,1,True,0,True
ASN-2366,IDA FOUNDATION,Nigeria,2009-02-25,2008-09-09,1,True,-169,True
ASN-23661,"Trinity Biotech, Plc",Ethiopia,2014-01-14,2014-01-14,1,True,0,True
ASN-23666,MYLAN LABORATORIES LTD (FORMERLY MATRIX LABORATORIES),Vietnam,2014-02-17,2014-02-17,1,True,0,True
ASN-23667,HETERO LABS LIMITED,Vietnam,2014-01-22,2014-01-22,1,True,0,True
ASN-23668,HETERO LABS LIMITED,Vietnam,2014-01-21,2014-01-21,1,True,0,True
ASN-2367,IDA FOUNDATION,Nigeria,2008-10-23,2008-10-23,1,True,0,True
ASN-23686,MYLAN LABORATORIES LTD (FORMERLY MATRIX LABORATORIES),Zambia,2014-02-14,2014-02-14,1,True,0,True
ASN-23721,Aurobindo Pharma Limited,Uganda,2014-02-22,2014-02-22,1,True,0,True
ASN-23737,"Orgenics, Ltd",Côte d'Ivoire,2014-01-22,2014-01-22,1,True,0,True
ASN-23738,Aurobindo Pharma Limited,Côte d'Ivoire,2014-01-17,2014-01-17,1,True,0,True
ASN-23739,CIPLA LIMITED,Nigeria,2014-02-11,2014-02-11,1,True,0,True
ASN-2378,ABBVIE LOGISTICS (FORMERLY ABBOTT LOGISTICS BV),Haiti,2008-09-29,2008-09-29,1,True,0,True
ASN-23812,ABBVIE LOGISTICS (FORMERLY ABBOTT LOGISTICS BV),Côte d'Ivoire,2014-01-24,2014-01-24,1,True,0,True
ASN-23820,ABBVIE LOGISTICS (FORMERLY ABBOTT LOGISTICS BV),Haiti,2014-02-28,2014-02-28,1,True,0,True
ASN-23834,"CHEMBIO DIAGNOSTIC SYSTEMS, INC.",Côte d'Ivoire,2014-01-31,2014-01-31,1,True,0,True
ASN-23840,STRIDES ARCOLAB LIMITED,Haiti,2014-02-17,2014-02-17,1,True,0,True
ASN-23851,MERCK SHARP & DOHME IDEA GMBH (FORMALLY MERCK SHARP & DOHME B.V.),Haiti,2014-02-12,2014-02-12,1,True,0,True
ASN-23855,CIPLA LIMITED,Haiti,2014-05-09,2014-05-09,1,True,0,True
ASN-23875,S. BUYS WHOLESALER,South Africa,2014-01-13,2014-01-13,26,True,0,True
ASN-23877,"Orgenics, Ltd",Côte d'Ivoire,2014-01-24,2014-01-24,1,True,0,True
ASN-2390,HETERO LABS LIMITED,Rwanda,2008-09-23,2008-09-23,1,True,0,True
ASN-2391,BRISTOL-MYERS SQUIBB,Uganda,2008-09-09,2008-09-09,1,True,0,True
ASN-23916,Aurobindo Pharma Limited,Tanzania,2014-03-07,2014-03-07,1,True,0,True
ASN-23946,"Orgenics, Ltd",Nigeria,2014-02-18,2014-02-18,1,True,0,True
ASN-23947,"Orgenics, Ltd",Nigeria,2014-02-18,2014-02-13,1,True,-5,True
ASN-23948,"Orgenics, Ltd",Nigeria,2014-02-18,2014-02-12,1,True,-6,True
ASN-23949,"Orgenics, Ltd",Nigeria,2014-02-18,2014-02-18,1,True,0,True
ASN-23950,"Orgenics, Ltd",Nigeria,2014-02-18,2014-02-14,1,True,-4,True
ASN-2396,"Trinity Biotech, Plc",Rwanda,2008-10-18,2008-10-18,1,True,0,True
ASN-23967,ABBVIE LOGISTICS (FORMERLY ABBOTT LOGISTICS BV),Tanzania,2014-03-07,2014-03-07,1,True,0,True
ASN-2397,"Trinity Biotech, Plc",Botswana,2008-11-18,2008-11-18,1,True,0,True
ASN-23970,ABBVIE LOGISTICS (FORMERLY ABBOTT LOGISTICS BV),Côte d'Ivoire,2014-02-07,2014-02-07,1,True,0,True
ASN-23979,"Standard Diagnostics, Inc.",Côte d'Ivoire,2014-01-31,2014-01-31,1,True,0,True
ASN-2399,"Trinity Biotech, Plc",Zambia,2008-09-26,2008-09-26,1,True,0,True
ASN-2400,"Trinity Biotech, Plc",Botswana,2008-11-18,2008-11-18,1,True,0,True
ASN-24026,MYLAN LABORATORIES LTD (FORMERLY MATRIX LABORATORIES),Uganda,2014-01-22,2014-01-22,1,True,0,True
ASN-2403,"Orgenics, Ltd",Mozambique,2008-10-03,2008-10-03,2,True,0,True
ASN-24041,MYLAN LABORATORIES LTD (FORMERLY MATRIX LABORATORIES),Vietnam,2014-05-30,2014-05-30,2,True,0,True
ASN-24044,Aurobindo Pharma Limited,Mozambique,2014-03-02,2014-03-02,1,True,0,True
ASN-2408,GLAXOSMITHKLINE EXPORT LIMITED,Tanzania,2008-09-08,2008-09-08,1,True,0,True
ASN-24094,"Standard Diagnostics, Inc.",Côte d'Ivoire,2014-02-11,2014-02-11,1,True,0,True
ASN-24097,"Orgenics, Ltd",Mozambique,2014-02-10,2014-02-10,1,True,0,True
ASN-24127,HETERO LABS LIMITED,Mozambique,2014-02-14,2014-02-14,1,True,0,True
ASN-24149,ABBVIE LOGISTICS (FORMERLY ABBOTT LOGISTICS BV),Côte d'Ivoire,2014-02-07,2014-02-07,1,True,0,True
ASN-24156,Orasure Technologies Inc.,Mali,2014-02-12,2014-02-12,1,True,0,True
ASN-24162,"CHEMBIO DIAGNOSTIC SYSTEMS, INC.",Nigeria,2014-02-06,2014-02-06,1,True,0,True
ASN-24164,Aurobindo Pharma Limited,Côte d'Ivoire,2014-02-14,2014-02-14,1,True,0,True
ASN-242,CIPLA LIMITED,Rwanda,2007-02-27,2007-02-27,3,True,0,True
ASN-24256,MYLAN LABORATORIES LTD (FORMERLY MATRIX LABORATORIES),Zambia,2014-02-14,2014-02-14,1,True,0,True
ASN-24273,ASPEN PHARMACARE,Uganda,2014-02-14,2014-02-14,1,True,0,True
ASN-24301,Aurobindo Pharma Limited,Tanzania,2014-03-22,2014-03-22,1,True,0,True
ASN-24302,Aurobindo Pharma Limited,Tanzania,2014-03-22,2014-03-22,1,True,0,True
ASN-24339,Aurobindo Pharma Limited,Uganda,2014-02-27,2014-02-27,1,True,0,True
ASN-2434,"Orgenics, Ltd",Zimbabwe,2008-11-17,2008-11-17,1,True,0,True
ASN-2435,"Orgenics, Ltd",Zimbabwe,2008-11-17,2008-10-21,1,True,-27,True
ASN-24362,S. BUYS WHOLESALER,South Africa,2014-02-05,2014-02-05,1,True,0,True
ASN-24368,MYLAN LABORATORIES LTD (FORMERLY MATRIX LABORATORIES),Haiti,2014-06-17,2014-06-17,1,True,0,True
ASN-24369,Aurobindo Pharma Limited,Haiti,2014-05-09,2014-05-09,1,True,0,True
ASN-24370,Aurobindo Pharma Limited,Haiti,2014-05-09,2014-05-09,1,True,0,True
ASN-24371,Aurobindo Pharma Limited,Haiti,2014-05-09,2014-05-09,1,True,0,True
ASN-24373,MYLAN LABORATORIES LTD (FORMERLY MATRIX LABORATORIES),Haiti,2014-05-09,2014-05-09,2,True,0,True
ASN-2438,"Orgenics, Ltd",Nigeria,2008-10-15,2008-10-15,2,True,0,True
ASN-24393,LAWRENCE LABORATORIES (SUBSIDIARY OF BRISTOL MYERS SQUIBB),Zimbabwe,2014-03-13,2014-03-13,1,True,0,True
ASN-24394,HETERO LABS LIMITED,Vietnam,2014-04-23,2014-04-23,4,True,0,True
ASN-24398,HETERO LABS LIMITED,Vietnam,2014-04-23,2014-04-23,4,True,0,True
ASN-24412,HETERO LABS LIMITED,Haiti,2014-05-09,2014-05-09,2,True,0,True
ASN-24413,CIPLA LIMITED,Haiti,2014-03-25,2014-03-25,1,True,0,True
ASN-24415,S. BUYS WHOLESALER,South Africa,2014-02-06,2014-02-06,38,True,0,True
ASN-24416,CIPLA LIMITED,Uganda,2014-03-21,2014-03-21,1,True,0,True
ASN-24417,CIPLA LIMITED,Uganda,2014-03-21,2014-03-21,1,True,0,True
ASN-24418,"Trinity Biotech, Plc",Nigeria,2014-03-19,2014-03-19,1,True,0,True
ASN-24427,ABBVIE LOGISTICS (FORMERLY ABBOTT LOGISTICS BV),Côte d'Ivoire,2014-03-17,2014-03-17,1,True,0,True
ASN-24431,Aurobindo Pharma Limited,Vietnam,2014-03-20,2014-03-20,1,True,0,True
ASN-24432,Aurobindo Pharma Limited,Côte d'Ivoire,2014-02-27,2014-02-27,2,True,0,True
ASN-24433,S. BUYS WHOLESALER,South Africa,2014-02-07,2014-02-07,15,True,0,True
ASN-24439,"SHANGHAI KEHUA BIOENGINEERING CO.,LTD.  (KHB)",Rwanda,2014-03-27,2014-03-27,1,True,0,True
ASN-24449,MYLAN LABORATORIES LTD (FORMERLY MATRIX LABORATORIES),Côte d'Ivoire,2014-03-03,2014-03-03,1,True,0,True
ASN-24455,"RAININ INSTRUMENT, LLC.",South Africa,2014-02-10,2014-02-10,1,True,0,True
ASN-24474,"Trinity Biotech, Plc",Mozambique,2014-04-02,2014-04-02,1,True,0,True
ASN-2448,"Orgenics, Ltd",Zambia,2008-09-22,2008-09-22,2,True,0,True
ASN-2449,"Orgenics, Ltd",Côte d'Ivoire,2008-09-26,2008-09-26,1,True,0,True
ASN-2450,"Trinity Biotech, Plc",Namibia,2008-09-18,2008-09-18,1,True,0,True
ASN-24507,"Orgenics, Ltd",Mali,2014-03-19,2014-03-19,2,True,0,True
ASN-24545,ABBVIE LOGISTICS (FORMERLY ABBOTT LOGISTICS BV),Mozambique,2014-03-07,2014-03-07,1,True,0,True
ASN-24547,PHARMACY DIRECT,South Africa,2014-02-17,2014-02-17,3,True,0,True
ASN-24548,PHARMACY DIRECT,South Africa,2014-02-05,2014-02-05,1,True,0,True
ASN-24552,Aurobindo Pharma Limited,Nigeria,2014-04-14,2014-04-14,1,True,0,True
ASN-24564,Aurobindo Pharma Limited,Tanzania,2014-04-11,2014-04-11,1,True,0,True
ASN-24569,HETERO LABS LIMITED,Vietnam,2014-04-21,2014-04-21,1,True,0,True
ASN-24570,HETERO LABS LIMITED,Vietnam,2014-04-22,2014-04-22,1,True,0,True
ASN-24571,HETERO LABS LIMITED,Vietnam,2014-04-22,2014-04-22,1,True,0,True
ASN-24573,"Orgenics, Ltd",Mali,2014-03-25,2014-03-25,1,True,0,True
ASN-24629,ETHNOR DEL ISTMO S.A.,Haiti,2014-02-24,2014-02-24,1,True,0,True
ASN-24648,"Orgenics, Ltd",Mali,2014-03-31,2014-03-31,1,True,0,True
ASN-24662,HETERO LABS LIMITED,Tanzania,2014-04-25,2014-04-25,1,True,0,True
ASN-24696,ABBVIE LOGISTICS (FORMERLY ABBOTT LOGISTICS BV),Vietnam,2014-04-07,2014-04-07,1,True,0,True
ASN-24697,ABBVIE LOGISTICS (FORMERLY ABBOTT LOGISTICS BV),Vietnam,2014-04-07,2014-04-07,1,True,0,True
ASN-24703,Aurobindo Pharma Limited,Mozambique,2014-04-09,2014-04-09,1,True,0,True
ASN-24711,"CHEMBIO DIAGNOSTIC SYSTEMS, INC.",Burundi,2014-03-24,2014-03-24,1,True,0,True
ASN-24712,"Orgenics, Ltd",Burundi,2014-03-24,2014-03-24,1,True,0,True
ASN-24715,"SHANGHAI KEHUA BIOENGINEERING CO.,LTD.  (KHB)",Rwanda,2014-03-27,2014-03-27,1,True,0,True
ASN-24716,"SHANGHAI KEHUA BIOENGINEERING CO.,LTD.  (KHB)",Rwanda,2014-03-27,2014-03-27,1,True,0,True
ASN-24717,"SHANGHAI KEHUA BIOENGINEERING CO.,LTD.  (KHB)",Rwanda,2014-03-27,2014-03-27,1,True,0,True
ASN-24718,"SHANGHAI KEHUA BIOENGINEERING CO.,LTD.  (KHB)",Rwanda,2014-03-27,2014-03-27,1,True,0,True
ASN-24719,"SHANGHAI KEHUA BIOENGINEERING CO.,LTD.  (KHB)",Rwanda,2014-03-27,2014-03-27,1,True,0,True
ASN-2472,BIO-RAD LABORATORIES (FRANCE),Côte d'Ivoire,2008-10-02,2008-10-02,1,True,0,True
ASN-24720,"SHANGHAI KEHUA BIOENGINEERING CO.,LTD.  (KHB)",Rwanda,2014-03-27,2014-03-27,1,True,0,True
ASN-24721,"Trinity Biotech, Plc","Congo, DRC",2014-04-04,2014-04-04,10,True,0,True
ASN-24722,"Orgenics, Ltd",Côte d'Ivoire,2014-03-14,2014-03-14,1,True,0,True
ASN-2473,"Trinity Biotech, Plc",Guyana,2008-10-01,2008-10-01,1,True,0,True
ASN-24764,ABBVIE LOGISTICS (FORMERLY ABBOTT LOGISTICS BV),Vietnam,2014-04-04,2014-04-04,1,True,0,True
ASN-24765,ABBVIE LOGISTICS (FORMERLY ABBOTT LOGISTICS BV),Vietnam,2014-04-04,2014-04-04,1,True,0,True
ASN-2484,S. BUYS WHOLESALER,South Africa,2008-08-20,2008-08-14,1,True,-6,True
ASN-2485,CIPLA LIMITED,Vietnam,2008-10-06,2008-10-06,1,True,0,True
ASN-2486,CIPLA LIMITED,Vietnam,2008-10-11,2008-10-11,1,True,0,True
ASN-2487,S. BUYS WHOLESALER,South Africa,2008-07-10,2008-07-14,2,True,4,False
ASN-2488,S. BUYS WHOLESALER,South Africa,2008-07-10,2008-07-08,8,True,-2,True
ASN-24884,HETERO LABS LIMITED,Haiti,2014-03-28,2014-03-28,1,True,0,True
ASN-2489,ABBVIE LOGISTICS (FORMERLY ABBOTT LOGISTICS BV),Vietnam,2008-11-16,2008-11-16,1,True,0,True
ASN-24897,"Standard Diagnostics, Inc.",Côte d'Ivoire,2014-03-17,2014-03-17,1,True,0,True
ASN-2490,ABBVIE LOGISTICS (FORMERLY ABBOTT LOGISTICS BV),Vietnam,2008-11-16,2008-11-16,1,True,0,True
ASN-24931,MICRO LABS LIMITED,Rwanda,2014-04-04,2014-04-04,1,True,0,True
ASN-24980,"Orgenics, Ltd",Haiti,2014-04-14,2014-04-14,1,True,0,True
ASN-24982,"SHANGHAI KEHUA BIOENGINEERING CO.,LTD.  (KHB)",Haiti,2014-04-14,2014-04-14,1,True,0,True
ASN-24983,"Orgenics, Ltd",Tanzania,2014-05-24,2014-05-24,1,True,0,True
ASN-24994,CIPLA LIMITED,Côte d'Ivoire,2014-04-07,2014-04-07,1,True,0,True
ASN-25,Abbott GmbH & Co. KG,Zambia,2006-08-28,2006-08-28,1,True,0,True
ASN-2502,S. BUYS WHOLESALER,South Africa,2008-08-25,2008-08-18,4,True,-7,True
ASN-2503,S. BUYS WHOLESALER,South Africa,2008-08-25,2008-08-14,10,True,-11,True
ASN-2504,Orasure Technologies Inc.,Haiti,2008-09-30,2008-09-30,1,True,0,True
ASN-25073,HETERO LABS LIMITED,Tanzania,2014-05-19,2014-05-19,1,True,0,True
ASN-2508,"Orgenics, Ltd",Côte d'Ivoire,2008-10-13,2008-10-13,1,True,0,True
ASN-25080,"Orgenics, Ltd",Zimbabwe,2014-04-04,2014-04-04,1,True,0,True
ASN-2513,"Orgenics, Ltd",Namibia,2008-09-25,2008-09-25,2,True,0,True
ASN-2515,Aurobindo Pharma Limited,Vietnam,2008-09-25,2008-09-25,2,True,0,True
ASN-25195,"Trinity Biotech, Plc",Mozambique,2014-06-13,2014-06-13,1,True,0,True
ASN-25196,"Orgenics, Ltd",Mozambique,2014-05-02,2014-05-02,1,True,0,True
ASN-25197,"Orgenics, Ltd",Mozambique,2014-05-02,2014-05-30,1,True,28,False
ASN-2523,BRISTOL-MYERS SQUIBB,Vietnam,2008-10-03,2008-10-03,1,True,0,True
ASN-2524,BRISTOL-MYERS SQUIBB,Vietnam,2008-09-30,2008-09-30,1,True,0,True
ASN-25267,Aurobindo Pharma Limited,Rwanda,2014-05-06,2014-05-06,1,True,0,True
ASN-25268,Aurobindo Pharma Limited,Rwanda,2014-05-06,2014-05-06,1,True,0,True
ASN-25269,Aurobindo Pharma Limited,Rwanda,2014-05-06,2014-05-06,1,True,0,True
ASN-25280,"Trinity Biotech, Plc",Dominican Republic,2014-04-11,2014-04-11,1,True,0,True
ASN-2532,"Trinity Biotech, Plc",Mozambique,2008-10-17,2008-10-17,1,True,0,True
ASN-25327,MYLAN LABORATORIES LTD (FORMERLY MATRIX LABORATORIES),Vietnam,2014-05-15,2014-05-15,1,True,0,True
ASN-25332,MYLAN LABORATORIES LTD (FORMERLY MATRIX LABORATORIES),Tanzania,2014-06-24,2014-06-24,1,True,0,True
ASN-25337,MYLAN LABORATORIES LTD (FORMERLY MATRIX LABORATORIES),Tanzania,2014-06-24,2014-06-24,1,True,0,True
ASN-25451,HETERO LABS LIMITED,Mozambique,2014-05-02,2014-05-02,1,True,0,True
ASN-25452,HETERO LABS LIMITED,Mozambique,2014-05-02,2014-05-02,1,True,0,True
ASN-25453,HETERO LABS LIMITED,Mozambique,2014-05-02,2014-05-02,1,True,0,True
ASN-25454,HETERO LABS LIMITED,Mozambique,2014-05-02,2014-05-02,1,True,0,True
ASN-25455,HETERO LABS LIMITED,Mozambique,2014-05-02,2014-05-02,1,True,0,True
ASN-25464,"Trinity Biotech, Plc",Uganda,2014-05-13,2014-05-13,1,True,0,True
ASN-25469,"Orgenics, Ltd",Uganda,2014-04-22,2014-04-22,1,True,0,True
ASN-25470,"Orgenics, Ltd",Dominican Republic,2014-04-24,2014-04-24,1,True,0,True
ASN-25473,"Orgenics, Ltd",Haiti,2014-05-15,2014-05-15,1,True,0,True
ASN-25486,Aurobindo Pharma Limited,Côte d'Ivoire,2014-04-29,2014-04-29,1,True,0,True
ASN-25499,ABBVIE LOGISTICS (FORMERLY ABBOTT LOGISTICS BV),Côte d'Ivoire,2014-04-16,2014-04-16,1,True,0,True
ASN-25504,"Orgenics, Ltd",Lesotho,2014-04-25,2014-04-25,1,True,0,True
ASN-25539,"Trinity Biotech, Plc",Lesotho,2014-05-07,2014-05-07,1,True,0,True
ASN-2554,IDA FOUNDATION,Nigeria,2008-10-09,2008-10-09,1,True,0,True
ASN-25540,"SHANGHAI KEHUA BIOENGINEERING CO.,LTD.  (KHB)",Rwanda,2014-04-28,2014-04-28,1,True,0,True
ASN-25541,"SHANGHAI KEHUA BIOENGINEERING CO.,LTD.  (KHB)",Rwanda,2014-04-28,2014-04-28,1,True,0,True
ASN-25542,"SHANGHAI KEHUA BIOENGINEERING CO.,LTD.  (KHB)",Rwanda,2014-04-28,2014-04-28,1,True,0,True
ASN-25543,"SHANGHAI KEHUA BIOENGINEERING CO.,LTD.  (KHB)",Rwanda,2014-04-28,2014-04-28,1,True,0,True
ASN-25559,MYLAN LABORATORIES LTD (FORMERLY MATRIX LABORATORIES),Tanzania,2014-06-24,2014-06-24,1,True,0,True
ASN-25566,"Orgenics, Ltd",Mozambique,2014-05-02,2014-05-02,2,True,0,True
ASN-25567,MYLAN LABORATORIES LTD (FORMERLY MATRIX LABORATORIES),Tanzania,2014-05-27,2014-05-27,2,True,0,True
ASN-25570,Aurobindo Pharma Limited,Haiti,2014-06-03,2014-06-03,1,True,0,True
ASN-25595,"Orgenics, Ltd",Burundi,2014-05-09,2014-05-09,1,True,0,True
ASN-25596,"Standard Diagnostics, Inc.",Côte d'Ivoire,2014-04-30,2014-04-30,1,True,0,True
ASN-25604,MYLAN LABORATORIES LTD (FORMERLY MATRIX LABORATORIES),Tanzania,2014-05-27,2014-05-27,1,True,0,True
ASN-2562,Aurobindo Pharma Limited,Vietnam,2008-10-03,2008-10-03,1,True,0,True
ASN-25625,ABBVIE LOGISTICS (FORMERLY ABBOTT LOGISTICS BV),Uganda,2014-04-25,2014-04-25,1,True,0,True
ASN-2563,Aurobindo Pharma Limited,Vietnam,2008-10-08,2008-10-08,1,True,0,True
ASN-25670,ABBVIE LOGISTICS (FORMERLY ABBOTT LOGISTICS BV),Côte d'Ivoire,2014-04-25,2014-04-25,1,True,0,True
ASN-2569,"Trinity Biotech, Plc",Haiti,2008-10-10,2008-10-10,1,True,0,True
ASN-2572,"CHEMBIO DIAGNOSTIC SYSTEMS, INC.",Nigeria,2008-11-07,2008-10-21,1,True,-17,True
ASN-2575,"SHANGHAI KEHUA BIOENGINEERING CO.,LTD.  (KHB)",Ethiopia,2008-10-07,2008-10-06,1,True,-1,True
ASN-25755,Orasure Technologies Inc.,Cameroon,2014-05-15,2014-05-15,1,True,0,True
ASN-2576,"SHANGHAI KEHUA BIOENGINEERING CO.,LTD.  (KHB)",Ethiopia,2008-10-07,2008-10-07,1,True,0,True
ASN-2577,"SHANGHAI KEHUA BIOENGINEERING CO.,LTD.  (KHB)",Ethiopia,2008-10-06,2008-10-06,1,True,0,True
ASN-25784,EMCURE PHARMACEUTICALS LTD,Vietnam,2014-06-06,2014-06-06,1,True,0,True
ASN-25785,EMCURE PHARMACEUTICALS LTD,Vietnam,2014-06-07,2014-06-07,1,True,0,True
ASN-25786,Aurobindo Pharma Limited,Vietnam,2014-06-06,2014-06-06,1,True,0,True
ASN-2579,"SHANGHAI KEHUA BIOENGINEERING CO.,LTD.  (KHB)",Ethiopia,2008-10-06,2008-10-03,1,True,-3,True
ASN-25795,WAGENIA,"Congo, DRC",2014-04-07,2014-04-07,2,True,0,True
ASN-25800,LAWRENCE LABORATORIES (SUBSIDIARY OF BRISTOL MYERS SQUIBB),Côte d'Ivoire,2014-05-13,2014-05-13,1,True,0,True
ASN-25803,Aurobindo Pharma Limited,Vietnam,2014-06-07,2014-06-07,1,True,0,True
ASN-25828,"SHANGHAI KEHUA BIOENGINEERING CO.,LTD.  (KHB)",Haiti,2014-06-23,2014-06-23,1,True,0,True
ASN-25839,ABBVIE LOGISTICS (FORMERLY ABBOTT LOGISTICS BV),Tanzania,2014-06-24,2014-06-24,1,True,0,True
ASN-2586,"Trinity Biotech, Plc",Namibia,2008-10-08,2008-10-08,1,True,0,True
ASN-25862,CIPLA LIMITED,Ghana,2014-06-17,2014-06-17,1,True,0,True
ASN-25888,STRIDES ARCOLAB LIMITED,Zimbabwe,2014-06-14,2014-06-14,1,True,0,True
ASN-2589,MERCK SHARP & DOHME IDEA GMBH (FORMALLY MERCK SHARP & DOHME B.V.),Nigeria,2008-10-10,2008-10-10,1,True,0,True
ASN-25890,STRIDES ARCOLAB LIMITED,Zimbabwe,2014-06-14,2014-06-14,1,True,0,True
ASN-259,BIO-RAD LABORATORIES (FRANCE),Nigeria,2007-03-15,2007-03-30,1,True,15,False
ASN-25903,STRIDES ARCOLAB LIMITED,Tanzania,2014-06-24,2014-06-24,1,True,0,True
ASN-25904,STRIDES ARCOLAB LIMITED,Tanzania,2014-06-24,2014-06-24,1,True,0,True
ASN-2591,"Trinity Biotech, Plc",Ethiopia,2008-10-06,2008-10-06,1,True,0,True
ASN-2592,"CHEMBIO DIAGNOSTIC SYSTEMS, INC.",Ethiopia,2008-11-03,2008-10-13,1,True,-21,True
ASN-25924,"SHANGHAI KEHUA BIOENGINEERING CO.,LTD.  (KHB)",Rwanda,2014-04-28,2014-06-16,1,True,49,False
ASN-25925,"SHANGHAI KEHUA BIOENGINEERING CO.,LTD.  (KHB)",Rwanda,2014-04-28,2014-06-16,1,True,49,False
ASN-25953,MICRO LABS LIMITED,Zimbabwe,2014-06-14,2014-06-14,1,True,0,True
ASN-25986,"Orgenics, Ltd",Cameroon,2014-06-10,2014-06-10,1,True,0,True
ASN-25988,"Orgenics, Ltd",Tanzania,2014-07-15,2014-07-15,1,True,0,True
ASN-25990,BIO-RAD LABORATORIES (FRANCE),Uganda,2014-06-10,2014-06-10,1,True,0,True
ASN-26,RANBAXY Fine Chemicals LTD.,Côte d'Ivoire,2006-08-08,2006-08-08,1,True,0,True
ASN-26068,MYLAN LABORATORIES LTD (FORMERLY MATRIX LABORATORIES),Haiti,2014-06-23,2014-06-23,1,True,0,True
ASN-26077,"Orgenics, Ltd",Tanzania,2014-07-15,2014-07-15,1,True,0,True
ASN-26091,"CHEMBIO DIAGNOSTIC SYSTEMS, INC.",Uganda,2014-06-14,2014-06-14,1,True,0,True
ASN-261,"GILEAD SCIENCES IRELAND, INC.",Vietnam,2007-03-16,2007-03-16,1,True,0,True
ASN-26109,STRIDES ARCOLAB LIMITED,Ghana,2014-06-12,2014-06-12,1,True,0,True
ASN-26117,Aurobindo Pharma Limited,Zimbabwe,2014-06-14,2014-06-14,1,True,0,True
ASN-26118,Aurobindo Pharma Limited,Zimbabwe,2014-06-14,2014-06-14,1,True,0,True
ASN-26119,Aurobindo Pharma Limited,Zimbabwe,2014-06-14,2014-06-14,1,True,0,True
ASN-26120,Aurobindo Pharma Limited,Zimbabwe,2014-06-14,2014-06-14,1,True,0,True
ASN-26124,"Trinity Biotech, Plc",Tanzania,2014-07-15,2014-07-15,1,True,0,True
ASN-26131,"Trinity Biotech, Plc",Mozambique,2014-06-02,2014-06-02,1,True,0,True
ASN-26134,Aurobindo Pharma Limited,Haiti,2014-06-25,2014-06-25,1,True,0,True
ASN-26146,CIPLA LIMITED,Zimbabwe,2014-06-14,2014-06-14,1,True,0,True
ASN-26148,CIPLA LIMITED,Zimbabwe,2014-06-14,2014-06-14,1,True,0,True
ASN-2615,IDA FOUNDATION,Haiti,2008-12-16,2008-10-16,1,True,-61,True
ASN-26174,"Orgenics, Ltd",Burundi,2014-06-13,2014-06-13,1,True,0,True
ASN-26184,HETERO LABS LIMITED,Zimbabwe,2014-06-14,2014-06-14,1,True,0,True
ASN-26209,CIPLA LIMITED,Haiti,2014-07-19,2014-07-19,1,True,0,True
ASN-26283,"Orgenics, Ltd",Zimbabwe,2014-06-18,2014-06-18,2,True,0,True
ASN-26314,ABBVIE LOGISTICS (FORMERLY ABBOTT LOGISTICS BV),Zimbabwe,2014-06-24,2014-06-24,1,True,0,True
ASN-2632,"Standard Diagnostics, Inc.",Zimbabwe,2008-11-17,2008-11-17,1,True,0,True
ASN-26329,BIO-RAD LABORATORIES (FRANCE),Uganda,2014-06-26,2014-06-26,1,True,0,True
ASN-26334,Aurobindo Pharma Limited,Côte d'Ivoire,2014-06-11,2014-06-11,1,True,0,True
ASN-26338,Aurobindo Pharma Limited,Côte d'Ivoire,2014-06-20,2014-06-20,1,True,0,True
ASN-26347,ABBVIE LOGISTICS (FORMERLY ABBOTT LOGISTICS BV),Vietnam,2014-07-02,2014-07-02,1,True,0,True
ASN-26372,Aurobindo Pharma Limited,Ghana,2014-06-12,2014-06-12,1,True,0,True
ASN-26373,Aurobindo Pharma Limited,Ghana,2014-06-12,2014-06-12,1,True,0,True
ASN-26374,Aurobindo Pharma Limited,Ghana,2014-06-12,2014-06-12,1,True,0,True
ASN-2638,"Orgenics, Ltd",Guyana,2008-10-29,2008-10-29,1,True,0,True
ASN-26381,ABBVIE LOGISTICS (FORMERLY ABBOTT LOGISTICS BV),Tanzania,2014-09-30,2014-09-30,1,True,0,True
ASN-26388,ABBVIE LOGISTICS (FORMERLY ABBOTT LOGISTICS BV),Guyana,2014-08-11,2014-08-11,1,True,0,True
ASN-2639,"Orgenics, Ltd",Guyana,2008-10-29,2008-10-13,1,True,-16,True
ASN-26391,"Trinity Biotech, Plc",Zambia,2014-07-28,2014-07-28,1,True,0,True
ASN-2640,"Orgenics, Ltd",Haiti,2008-10-27,2008-10-27,1,True,0,True
ASN-26408,Aurobindo Pharma Limited,"Congo, DRC",2014-08-26,2014-08-26,1,True,0,True
ASN-2641,"Orgenics, Ltd",Zambia,2008-10-20,2008-10-20,2,True,0,True
ASN-26424,"CHEMBIO DIAGNOSTIC SYSTEMS, INC.",Burundi,2014-06-26,2014-06-26,1,True,0,True
ASN-26436,Aurobindo Pharma Limited,Ghana,2014-07-24,2014-07-24,1,True,0,True
ASN-26439,Aurobindo Pharma Limited,"Congo, DRC",2014-08-26,2014-08-26,1,True,0,True
ASN-26443,"Trinity Biotech, Plc",Tanzania,2014-08-08,2014-08-08,1,True,0,True
ASN-26447,"Orgenics, Ltd",Uganda,2014-06-14,2014-06-14,1,True,0,True
ASN-26454,Aurobindo Pharma Limited,Haiti,2014-07-14,2014-07-14,2,True,0,True
ASN-26456,CIPLA LIMITED,Haiti,2014-08-01,2014-08-01,1,True,0,True
ASN-26460,STRIDES ARCOLAB LIMITED,Ghana,2014-07-17,2014-07-17,1,True,0,True
ASN-26462,STRIDES ARCOLAB LIMITED,Ghana,2014-07-17,2014-07-23,1,True,6,False
ASN-26464,STRIDES ARCOLAB LIMITED,Ghana,2014-07-17,2014-07-24,1,True,7,False
ASN-26465,Aurobindo Pharma Limited,Zambia,2014-07-20,2014-07-20,1,True,0,True
ASN-26466,Aurobindo Pharma Limited,Zambia,2014-07-20,2014-07-21,1,True,1,False
ASN-26467,Aurobindo Pharma Limited,Zambia,2014-07-20,2014-07-21,1,True,1,False
ASN-26468,Aurobindo Pharma Limited,Zambia,2014-07-20,2014-07-20,1,True,0,True
ASN-26469,Aurobindo Pharma Limited,Zambia,2014-07-20,2014-07-20,1,True,0,True
ASN-26472,Aurobindo Pharma Limited,Zambia,2014-07-20,2014-07-20,1,True,0,True
ASN-26517,"Orgenics, Ltd",Tanzania,2014-08-29,2014-08-29,1,True,0,True
ASN-26518,"Orgenics, Ltd",Côte d'Ivoire,2014-06-24,2014-06-24,1,True,0,True
ASN-26537,Aurobindo Pharma Limited,Ghana,2014-07-17,2014-07-17,1,True,0,True
ASN-26540,AMSTELFARMA B.V.,"Congo, DRC",2014-10-09,2014-10-09,1,True,0,True
ASN-26559,Aurobindo Pharma Limited,Haiti,2014-07-18,2014-07-18,2,True,0,True
ASN-26564,"Orgenics, Ltd",Haiti,2014-08-07,2014-08-07,1,True,0,True
ASN-26571,"Orgenics, Ltd",Zambia,2014-07-23,2014-07-23,1,True,0,True
ASN-26572,"Orgenics, Ltd",Zambia,2014-09-12,2014-09-12,1,True,0,True
ASN-2658,"Orgenics, Ltd",Mozambique,2008-11-01,2008-11-01,2,True,0,True
ASN-26594,MYLAN LABORATORIES LTD (FORMERLY MATRIX LABORATORIES),Uganda,2014-06-26,2014-06-26,1,True,0,True
ASN-26596,MYLAN LABORATORIES LTD (FORMERLY MATRIX LABORATORIES),Côte d'Ivoire,2014-06-30,2014-06-30,1,True,0,True
ASN-26603,Aurobindo Pharma Limited,Ghana,2014-06-23,2014-06-23,1,True,0,True
ASN-26604,Aurobindo Pharma Limited,Ghana,2014-07-17,2014-07-17,1,True,0,True
ASN-26608,"Trinity Biotech, Plc",Uganda,2014-06-26,2014-06-26,1,True,0,True
ASN-26614,Aurobindo Pharma Limited,"Congo, DRC",2014-08-29,2014-08-29,1,True,0,True
ASN-26632,CIPLA LIMITED,"Congo, DRC",2014-08-22,2014-08-22,1,True,0,True
ASN-26692,ABBVIE LOGISTICS (FORMERLY ABBOTT LOGISTICS BV),Haiti,2014-09-09,2014-09-09,1,True,0,True
ASN-26736,"Orgenics, Ltd","Congo, DRC",2014-08-11,2014-08-11,2,True,0,True
ASN-26738,"Trinity Biotech, Plc","Congo, DRC",2014-09-05,2014-09-05,11,True,0,True
ASN-26755,MYLAN LABORATORIES LTD (FORMERLY MATRIX LABORATORIES),Rwanda,2014-07-24,2014-07-24,1,True,0,True
ASN-26758,"Orgenics, Ltd",Nigeria,2014-07-09,2014-07-09,1,True,0,True
ASN-26759,"Orgenics, Ltd",Nigeria,2014-07-09,2014-07-09,1,True,0,True
ASN-26760,"Orgenics, Ltd",Nigeria,2014-07-09,2014-07-10,1,True,1,False
ASN-26767,ABBVIE LOGISTICS (FORMERLY ABBOTT LOGISTICS BV),Tanzania,2014-08-26,2014-08-26,1,True,0,True
ASN-26826,Aurobindo Pharma Limited,Haiti,2014-10-20,2014-10-20,1,True,0,True
ASN-26833,"Standard Diagnostics, Inc.",Côte d'Ivoire,2014-07-08,2014-07-08,1,True,0,True
ASN-26834,"Standard Diagnostics, Inc.",Côte d'Ivoire,2014-07-08,2014-07-08,1,True,0,True
ASN-26847,B&C GROUP S.A.,Uganda,2014-07-16,2014-07-16,1,True,0,True
ASN-26863,STRIDES ARCOLAB LIMITED,Zimbabwe,2014-07-18,2014-07-18,1,True,0,True
ASN-26864,ABBVIE LOGISTICS (FORMERLY ABBOTT LOGISTICS BV),Rwanda,2014-07-16,2014-07-16,1,True,0,True
ASN-26882,PHARMACY DIRECT,South Africa,2014-06-25,2014-06-25,14,True,0,True
ASN-26885,PHARMACY DIRECT,South Africa,2014-06-25,2014-06-25,1,True,0,True
ASN-26891,"CHEMBIO DIAGNOSTIC SYSTEMS, INC.",Côte d'Ivoire,2014-07-17,2014-07-17,1,True,0,True
ASN-26903,Aurobindo Pharma Limited,South Sudan,2014-09-29,2014-09-29,1,True,0,True
ASN-26905,Aurobindo Pharma Limited,Haiti,2014-10-20,2014-10-20,1,True,0,True
ASN-26906,Aurobindo Pharma Limited,Haiti,2014-10-20,2014-10-20,2,True,0,True
ASN-26923,HETERO LABS LIMITED,Vietnam,2014-07-29,2014-07-29,6,True,0,True
ASN-26924,HETERO LABS LIMITED,Vietnam,2014-07-29,2014-07-29,1,True,0,True
ASN-26927,HETERO LABS LIMITED,Vietnam,2014-08-13,2014-08-13,4,True,0,True
ASN-26928,HETERO LABS LIMITED,Vietnam,,2014-07-30,2,False,,
ASN-26929,HETERO LABS LIMITED,Vietnam,2014-08-13,2014-07-30,1,True,-14,True
ASN-26932,LAWRENCE LABORATORIES (SUBSIDIARY OF BRISTOL MYERS SQUIBB),Rwanda,2014-07-16,2014-07-16,1,True,0,True
ASN-2694,"CHEMBIO DIAGNOSTIC SYSTEMS, INC.",Nigeria,2008-11-07,2008-11-07,1,True,0,True
ASN-26962,"ABBVIE, SRL (FORMALLY ABBOTT LABORATORIES INTERNATIONAL CO.)",Dominican Republic,2014-01-14,2014-01-14,1,True,0,True
ASN-26975,ABBVIE LOGISTICS (FORMERLY ABBOTT LOGISTICS BV),Zimbabwe,2014-09-10,2014-09-10,1,True,0,True
ASN-26977,MICRO LABS LIMITED,Haiti,2014-10-20,2014-10-20,1,True,0,True
ASN-26987,STRIDES ARCOLAB LIMITED,Uganda,2014-08-01,2014-08-01,1,True,0,True
ASN-270,SUN PHARMACEUTICAL INDUSTRIES LTD (RANBAXY LABORATORIES LIMITED),Vietnam,2007-03-14,2007-03-14,2,True,0,True
ASN-2700,"Standard Diagnostics, Inc.",Tanzania,2008-11-19,2008-11-19,1,True,0,True
ASN-27004,HETERO LABS LIMITED,Haiti,2014-08-25,2014-08-25,1,True,0,True
ASN-27005,MYLAN LABORATORIES LTD (FORMERLY MATRIX LABORATORIES),Haiti,2014-08-25,2014-08-25,1,True,0,True
ASN-27030,Aurobindo Pharma Limited,Zimbabwe,2014-07-23,2014-07-23,1,True,0,True
ASN-27033,Aurobindo Pharma Limited,Zimbabwe,2014-07-23,2014-07-22,1,True,-1,True
ASN-27034,Aurobindo Pharma Limited,Zimbabwe,2014-07-23,2014-07-23,1,True,0,True
ASN-27035,Aurobindo Pharma Limited,Zimbabwe,2014-07-23,2014-07-23,1,True,0,True
ASN-27044,S. BUYS WHOLESALER,South Africa,2014-07-04,2014-07-04,1,True,0,True
ASN-27059,ABBVIE LOGISTICS (FORMERLY ABBOTT LOGISTICS BV),Ghana,2014-08-07,2014-08-07,1,True,0,True
ASN-27086,HETERO LABS LIMITED,Haiti,2014-10-20,2014-10-20,1,True,0,True
ASN-27095,MYLAN LABORATORIES LTD (FORMERLY MATRIX LABORATORIES),Zimbabwe,2014-07-30,2014-07-30,1,True,0,True
ASN-27098,ABBVIE LOGISTICS (FORMERLY ABBOTT LOGISTICS BV),Vietnam,2014-08-18,2014-08-18,1,True,0,True
ASN-27099,ABBVIE LOGISTICS (FORMERLY ABBOTT LOGISTICS BV),Vietnam,2014-08-18,2014-08-18,1,True,0,True
ASN-27101,MYLAN LABORATORIES LTD (FORMERLY MATRIX LABORATORIES),Vietnam,2014-08-18,2014-08-18,1,True,0,True
ASN-2711,BIOLYTICAL LABORATORIES INC.,Zimbabwe,2008-11-15,2008-11-15,1,True,0,True
ASN-27114,MYLAN LABORATORIES LTD (FORMERLY MATRIX LABORATORIES),Côte d'Ivoire,2014-07-31,2014-07-31,1,True,0,True
ASN-2712,BIO-RAD LABORATORIES (FRANCE),Côte d'Ivoire,2008-11-24,2008-11-24,1,True,0,True
ASN-27124,ABBVIE LOGISTICS (FORMERLY ABBOTT LOGISTICS BV),Ghana,2014-08-06,2014-08-06,1,True,0,True
ASN-27131,ABBVIE LOGISTICS (FORMERLY ABBOTT LOGISTICS BV),Vietnam,2014-08-16,2014-08-16,1,True,0,True
ASN-27132,MYLAN LABORATORIES LTD (FORMERLY MATRIX LABORATORIES),Vietnam,2014-08-16,2014-08-16,1,True,0,True
ASN-2717,"Orgenics, Ltd",Namibia,2008-10-29,2008-10-29,2,True,0,True
ASN-27170,MERCK SHARP & DOHME IDEA GMBH (FORMALLY MERCK SHARP & DOHME B.V.),Uganda,2014-07-30,2014-07-30,1,True,0,True
ASN-27173,"SHANGHAI KEHUA BIOENGINEERING CO.,LTD.  (KHB)",Ethiopia,2014-07-29,2014-07-29,1,True,0,True
ASN-27174,"Orgenics, Ltd",Uganda,2014-07-30,2014-07-30,1,True,0,True
ASN-27175,"CHEMBIO DIAGNOSTIC SYSTEMS, INC.",Uganda,2014-07-30,2014-07-30,1,True,0,True
ASN-2718,"Orgenics, Ltd",Namibia,2008-10-28,2008-10-28,1,True,0,True
ASN-2719,"SHANGHAI KEHUA BIOENGINEERING CO.,LTD.  (KHB)",Ethiopia,2008-10-30,2008-10-28,1,True,-2,True
ASN-27195,S. BUYS WHOLESALER,South Africa,2014-07-10,2014-07-10,1,True,0,True
ASN-27196,S. BUYS WHOLESALER,South Africa,2014-07-10,2014-07-10,1,True,0,True
ASN-27197,S. BUYS WHOLESALER,South Africa,2014-07-10,2014-07-10,1,True,0,True
ASN-27198,S. BUYS WHOLESALER,South Africa,2014-07-10,2014-07-10,1,True,0,True
ASN-272,CIPLA LIMITED,Vietnam,2007-03-14,2007-03-14,2,True,0,True
ASN-2720,"SHANGHAI KEHUA BIOENGINEERING CO.,LTD.  (KHB)",Ethiopia,2008-10-30,2008-10-30,1,True,0,True
ASN-27200,ABBVIE LOGISTICS (FORMERLY ABBOTT LOGISTICS BV),Haiti,2014-08-29,2014-08-29,1,True,0,True
ASN-27206,STRIDES ARCOLAB LIMITED,Zimbabwe,2014-08-20,2014-08-20,1,True,0,True
ASN-27209,S. BUYS WHOLESALER,South Africa,2014-07-11,2014-07-11,1,True,0,True
ASN-27210,S. BUYS WHOLESALER,South Africa,2014-07-11,2014-07-11,1,True,0,True
ASN-27211,S. BUYS WHOLESALER,South Africa,2014-07-11,2014-07-11,1,True,0,True
ASN-27212,S. BUYS WHOLESALER,South Africa,2014-07-11,2014-07-11,1,True,0,True
ASN-27232,CIPLA LIMITED,Haiti,2014-08-25,2014-08-25,1,True,0,True
ASN-27237,"SHANGHAI KEHUA BIOENGINEERING CO.,LTD.  (KHB)",Haiti,2014-08-28,2014-08-28,1,True,0,True
ASN-27241,"Trinity Biotech, Plc",South Sudan,2014-09-29,2014-09-29,4,True,0,True
ASN-27243,"CHEMBIO DIAGNOSTIC SYSTEMS, INC.",Ethiopia,2014-07-29,2014-07-29,1,True,0,True
ASN-2727,BRISTOL-MYERS SQUIBB,Tanzania,2008-11-03,2008-11-03,1,True,0,True
ASN-273,STRIDES ARCOLAB LIMITED,Vietnam,2007-03-14,2007-03-14,2,True,0,True
ASN-27324,Aurobindo Pharma Limited,"Congo, DRC",2014-09-30,2014-09-30,2,True,0,True
ASN-27328,"Orgenics, Ltd",South Sudan,2014-10-03,2014-10-03,3,True,0,True
ASN-27336,MYLAN LABORATORIES LTD (FORMERLY MATRIX LABORATORIES),Rwanda,2014-08-22,2014-08-22,1,True,0,True
ASN-27340,MYLAN LABORATORIES LTD (FORMERLY MATRIX LABORATORIES),Ghana,2014-09-11,2014-09-11,1,True,0,True
ASN-27344,HETERO LABS LIMITED,Ghana,2014-09-08,2014-09-08,1,True,0,True
ASN-27349,HETERO LABS LIMITED,Haiti,2014-10-29,2014-10-29,1,True,0,True
ASN-2737,Orasure Technologies Inc.,Botswana,2008-11-20,2008-11-20,1,True,0,True
ASN-27372,BIO-RAD LABORATORIES (FRANCE),Mozambique,2014-10-01,2014-10-01,1,True,0,True
ASN-27379,ABBVIE LOGISTICS (FORMERLY ABBOTT LOGISTICS BV),Uganda,2014-08-26,2014-08-26,1,True,0,True
ASN-27384,CIPLA LIMITED,"Congo, DRC",2014-09-29,2014-09-29,1,True,0,True
ASN-27422,CIPLA LIMITED,Haiti,2014-09-12,2014-09-12,1,True,0,True
ASN-27423,CIPLA LIMITED,Haiti,2014-09-12,2014-09-12,1,True,0,True
ASN-27436,B&C GROUP S.A.,Mozambique,2014-10-01,2014-10-01,1,True,0,True
ASN-27466,"Orgenics, Ltd",Nigeria,2014-08-19,2014-08-19,1,True,0,True
ASN-27467,"Orgenics, Ltd",Nigeria,2014-08-19,2014-08-19,1,True,0,True
ASN-27468,"Orgenics, Ltd",Nigeria,2014-08-19,2014-08-27,1,True,8,False
ASN-27469,"Orgenics, Ltd",Nigeria,2014-08-19,2014-09-09,1,True,21,False
ASN-2747,"CHEMBIO DIAGNOSTIC SYSTEMS, INC.",Ethiopia,2008-11-03,2008-11-03,1,True,0,True
ASN-27470,"Orgenics, Ltd",Nigeria,2014-08-19,2014-09-02,1,True,14,False
ASN-27471,"Orgenics, Ltd",Nigeria,2014-08-19,2014-08-27,1,True,8,False
ASN-27472,"Orgenics, Ltd",Nigeria,2014-08-19,2014-08-29,1,True,10,False
ASN-27473,"Orgenics, Ltd",Nigeria,2014-08-19,2014-09-04,1,True,16,False
ASN-27474,"Orgenics, Ltd",Nigeria,2014-08-19,2014-09-05,1,True,17,False
ASN-27475,"Orgenics, Ltd",Nigeria,2014-08-19,2014-08-26,1,True,7,False
ASN-27476,"Orgenics, Ltd",Nigeria,2014-08-19,2014-09-02,1,True,14,False
ASN-27483,STRIDES ARCOLAB LIMITED,"Congo, DRC",2014-09-30,2014-09-30,1,True,0,True
ASN-27495,MYLAN LABORATORIES LTD (FORMERLY MATRIX LABORATORIES),Ghana,2014-09-11,2014-09-11,1,True,0,True
ASN-27525,HETERO LABS LIMITED,Haiti,2014-10-30,2014-10-30,2,True,0,True
ASN-27538,BIO-RAD LABORATORIES (FRANCE),Uganda,2014-08-22,2014-08-22,1,True,0,True
ASN-27544,EMCURE PHARMACEUTICALS LTD,Rwanda,2014-08-22,2014-08-22,1,True,0,True
ASN-27545,MYLAN LABORATORIES LTD (FORMERLY MATRIX LABORATORIES),Haiti,2014-10-20,2014-10-20,2,True,0,True
ASN-27557,HETERO LABS LIMITED,Zambia,2014-10-01,2014-10-01,1,True,0,True
ASN-27581,HETERO LABS LIMITED,Zimbabwe,2014-09-17,2014-09-17,1,True,0,True
ASN-27582,HETERO LABS LIMITED,Zimbabwe,2014-09-17,2014-09-17,2,True,0,True
ASN-27583,HETERO LABS LIMITED,Zimbabwe,2014-09-17,2014-09-17,1,True,0,True
ASN-27584,HETERO LABS LIMITED,Zimbabwe,2014-09-17,2014-09-17,1,True,0,True
ASN-27585,HETERO LABS LIMITED,Zimbabwe,2014-09-17,2014-09-17,1,True,0,True
ASN-27586,HETERO LABS LIMITED,Zimbabwe,2014-09-17,2014-09-17,1,True,0,True
ASN-27587,HETERO LABS LIMITED,Zimbabwe,2014-09-17,2014-09-17,1,True,0,True
ASN-27589,Aurobindo Pharma Limited,Ghana,2014-10-09,2014-10-09,1,True,0,True
ASN-2759,"Trinity Biotech, Plc",Haiti,2008-11-11,2008-11-11,1,True,0,True
ASN-276,Aurobindo Pharma Limited,Vietnam,2007-03-14,2007-03-14,4,True,0,True
ASN-27603,Aurobindo Pharma Limited,Ghana,2014-11-04,2014-11-04,1,True,0,True
ASN-27606,PHARMACY DIRECT,South Africa,2014-08-05,2014-08-05,6,True,0,True
ASN-27608,PHARMACY DIRECT,South Africa,2014-08-05,2014-08-05,3,True,0,True
ASN-27609,PHARMACY DIRECT,South Africa,2014-08-05,2014-08-05,3,True,0,True
ASN-27610,PHARMACY DIRECT,South Africa,2014-08-05,2014-08-05,3,True,0,True
ASN-27659,Aurobindo Pharma Limited,Haiti,2014-10-28,2014-10-28,2,True,0,True
ASN-2766,MYLAN LABORATORIES LTD (FORMERLY MATRIX LABORATORIES),Vietnam,2008-11-25,2008-11-25,1,True,0,True
ASN-27662,ABBVIE LOGISTICS (FORMERLY ABBOTT LOGISTICS BV),Rwanda,2014-08-22,2014-08-22,1,True,0,True
ASN-2767,MYLAN LABORATORIES LTD (FORMERLY MATRIX LABORATORIES),Vietnam,2008-11-27,2008-11-27,1,True,0,True
ASN-27675,HETERO LABS LIMITED,Ghana,2014-10-09,2014-10-09,1,True,0,True
ASN-27693,LAWRENCE LABORATORIES (SUBSIDIARY OF BRISTOL MYERS SQUIBB),Rwanda,2014-08-22,2014-08-22,1,True,0,True
ASN-27709,CIPLA LIMITED,Haiti,2014-10-28,2014-10-28,1,True,0,True
ASN-27710,CIPLA LIMITED,Haiti,2014-10-28,2014-10-28,1,True,0,True
ASN-27716,MICRO LABS LIMITED,Haiti,2014-09-12,2014-09-12,1,True,0,True
ASN-27718,ABBVIE LOGISTICS (FORMERLY ABBOTT LOGISTICS BV),Tanzania,2014-10-02,2014-10-02,2,True,0,True
ASN-27748,S. BUYS WHOLESALER,South Africa,2014-08-13,2014-08-13,1,True,0,True
ASN-27749,S. BUYS WHOLESALER,South Africa,2014-08-13,2014-08-13,1,True,0,True
ASN-27750,S. BUYS WHOLESALER,South Africa,2014-08-13,2014-08-13,1,True,0,True
ASN-27751,S. BUYS WHOLESALER,South Africa,2014-08-13,2014-08-13,1,True,0,True
ASN-27766,"Orgenics, Ltd",Mozambique,2014-09-10,2014-09-10,1,True,0,True
ASN-27768,"Orgenics, Ltd",Mozambique,2014-09-10,2014-09-10,1,True,0,True
ASN-27769,"Orgenics, Ltd",Mozambique,2014-09-10,2014-09-10,1,True,0,True
ASN-27786,IMRES B.V.,"Congo, DRC",2015-02-05,2015-02-05,1,True,0,True
ASN-27793,CIPLA LIMITED,Haiti,2014-10-14,2014-10-14,1,True,0,True
ASN-27794,CIPLA LIMITED,Haiti,2014-10-14,2014-10-14,1,True,0,True
ASN-27795,CIPLA LIMITED,Haiti,2014-10-14,2014-10-14,1,True,0,True
ASN-27796,CIPLA LIMITED,Haiti,2014-10-14,2014-10-14,1,True,0,True
ASN-27804,ABBVIE LOGISTICS (FORMERLY ABBOTT LOGISTICS BV),Uganda,2014-09-23,2014-09-23,1,True,0,True
ASN-27809,HETERO LABS LIMITED,Vietnam,2014-09-16,2014-09-16,3,True,0,True
ASN-27810,HETERO LABS LIMITED,Vietnam,2014-09-16,2014-09-16,1,True,0,True
ASN-27811,HETERO LABS LIMITED,Vietnam,2014-09-16,2014-09-23,1,True,7,False
ASN-27812,HETERO LABS LIMITED,Vietnam,2014-09-22,2014-09-22,3,True,0,True
ASN-27813,HETERO LABS LIMITED,Vietnam,2014-09-22,2014-09-15,1,True,-7,True
ASN-27814,HETERO LABS LIMITED,Vietnam,2014-09-22,2014-09-15,1,True,-7,True
ASN-27821,"Trinity Biotech, Plc",Mozambique,2014-09-08,2014-09-08,1,True,0,True
ASN-27824,ABBVIE LOGISTICS (FORMERLY ABBOTT LOGISTICS BV),Haiti,2014-09-26,2014-09-26,2,True,0,True
ASN-2783,S. BUYS WHOLESALER,South Africa,2008-08-20,2008-08-20,1,True,0,True
ASN-27913,ABBVIE LOGISTICS (FORMERLY ABBOTT LOGISTICS BV),Zimbabwe,2014-09-18,2014-09-18,1,True,0,True
ASN-27917,Aurobindo Pharma Limited,Rwanda,2014-11-12,2014-11-12,1,True,0,True
ASN-2792,Aurobindo Pharma Limited,Vietnam,2008-11-21,2008-11-21,2,True,0,True
ASN-27927,MYLAN LABORATORIES LTD (FORMERLY MATRIX LABORATORIES),Zimbabwe,2014-09-04,2014-09-04,1,True,0,True
ASN-27933,Aurobindo Pharma Limited,"Congo, DRC",2014-11-10,2014-11-10,2,True,0,True
ASN-27939,MYLAN LABORATORIES LTD (FORMERLY MATRIX LABORATORIES),Vietnam,2014-10-27,2014-10-27,1,True,0,True
ASN-2794,"CHEMBIO DIAGNOSTIC SYSTEMS, INC.",Nigeria,2009-01-15,2008-11-20,1,True,-56,True
ASN-27940,MYLAN LABORATORIES LTD (FORMERLY MATRIX LABORATORIES),Zimbabwe,2014-11-03,2014-11-03,1,True,0,True
ASN-27943,MYLAN LABORATORIES LTD (FORMERLY MATRIX LABORATORIES),Vietnam,2014-10-30,2014-10-30,2,True,0,True
ASN-27955,"Standard Diagnostics, Inc.",Côte d'Ivoire,2014-09-04,2014-09-04,1,True,0,True
ASN-27958,PHARMACY DIRECT,South Africa,2014-08-26,2014-08-26,1,True,0,True
ASN-2796,"Trinity Biotech, Plc",Botswana,2008-11-28,2008-11-28,1,True,0,True
ASN-27961,MYLAN LABORATORIES LTD (FORMERLY MATRIX LABORATORIES),Namibia,2014-09-29,2014-09-29,1,True,0,True
ASN-27963,ABBVIE LOGISTICS (FORMERLY ABBOTT LOGISTICS BV),Rwanda,2014-09-16,2014-09-16,1,True,0,True
ASN-27964,MYLAN LABORATORIES LTD (FORMERLY MATRIX LABORATORIES),Vietnam,2014-11-03,2014-11-03,1,True,0,True
ASN-2797,"Trinity Biotech, Plc",Zambia,2008-11-18,2008-11-18,1,True,0,True
ASN-27975,S. BUYS WHOLESALER,South Africa,2014-08-27,2014-08-27,3,True,0,True
ASN-27976,S. BUYS WHOLESALER,South Africa,2014-08-27,2014-08-27,15,True,0,True
ASN-27978,S. BUYS WHOLESALER,South Africa,2014-08-27,2014-08-27,15,True,0,True
ASN-27979,S. BUYS WHOLESALER,South Africa,2014-08-27,2014-08-27,15,True,0,True
ASN-27980,S. BUYS WHOLESALER,South Africa,2014-08-27,2014-08-27,15,True,0,True
ASN-2799,"Orgenics, Ltd",Côte d'Ivoire,2008-12-05,2008-12-05,1,True,0,True
ASN-280,"CHEMBIO DIAGNOSTIC SYSTEMS, INC.",Nigeria,2007-03-15,2007-03-15,1,True,0,True
ASN-2800,"Orgenics, Ltd",Haiti,2008-11-17,2008-11-17,1,True,0,True
ASN-28008,"Orgenics, Ltd",Guyana,2014-09-24,2014-09-24,1,True,0,True
ASN-28009,"Trinity Biotech, Plc",Guyana,2014-09-17,2014-09-17,1,True,0,True
ASN-28019,ASPEN PHARMACARE,Uganda,2014-09-12,2014-09-12,1,True,0,True
ASN-28021,PHARMACY DIRECT,South Africa,2014-08-28,2014-08-28,14,True,0,True
ASN-28024,Aurobindo Pharma Limited,"Congo, DRC",2014-12-19,2014-12-19,1,True,0,True
ASN-28033,S. BUYS WHOLESALER,South Africa,2014-08-29,2014-08-29,17,True,0,True
ASN-28034,S. BUYS WHOLESALER,South Africa,2014-08-29,2014-08-29,17,True,0,True
ASN-28036,S. BUYS WHOLESALER,South Africa,2014-08-29,2014-08-29,17,True,0,True
ASN-28037,S. BUYS WHOLESALER,South Africa,2014-08-29,2014-08-29,16,True,0,True
ASN-28049,ABBVIE LOGISTICS (FORMERLY ABBOTT LOGISTICS BV),Vietnam,2014-10-07,2014-10-07,1,True,0,True
ASN-28050,ABBVIE LOGISTICS (FORMERLY ABBOTT LOGISTICS BV),Vietnam,2014-10-01,2014-10-01,1,True,0,True
ASN-28054,"CHEMBIO DIAGNOSTIC SYSTEMS, INC.",Burundi,2014-09-26,2014-09-26,1,True,0,True
ASN-2806,CIPLA LIMITED,Vietnam,2008-11-29,2008-11-29,1,True,0,True
ASN-28061,STRIDES ARCOLAB LIMITED,Ghana,2014-11-10,2014-11-10,1,True,0,True
ASN-28062,MICRO LABS LIMITED,Vietnam,2014-11-07,2014-11-07,2,True,0,True
ASN-2809,Aurobindo Pharma Limited,Vietnam,2008-11-24,2008-11-24,2,True,0,True
ASN-281,"CHEMBIO DIAGNOSTIC SYSTEMS, INC.",Guyana,2007-03-27,2007-03-27,1,True,0,True
ASN-28194,"Orgenics, Ltd",Burundi,2014-10-06,2014-10-06,1,True,0,True
ASN-28217,ABBVIE LOGISTICS (FORMERLY ABBOTT LOGISTICS BV),Vietnam,2014-10-22,2014-10-22,1,True,0,True
ASN-28220,ABBVIE LOGISTICS (FORMERLY ABBOTT LOGISTICS BV),Vietnam,2014-10-29,2014-10-29,1,True,0,True
ASN-28229,MYLAN LABORATORIES LTD (FORMERLY MATRIX LABORATORIES),Ghana,2014-11-21,2014-11-21,1,True,0,True
ASN-28234,ABBVIE LOGISTICS (FORMERLY ABBOTT LOGISTICS BV),Guyana,2014-11-05,2014-11-05,1,True,0,True
ASN-28239,MYLAN LABORATORIES LTD (FORMERLY MATRIX LABORATORIES),Uganda,2014-10-28,2014-10-28,1,True,0,True
ASN-28245,MYLAN LABORATORIES LTD (FORMERLY MATRIX LABORATORIES),Haiti,2014-11-17,2014-11-17,1,True,0,True
ASN-28246,MYLAN LABORATORIES LTD (FORMERLY MATRIX LABORATORIES),Haiti,2014-11-17,2014-11-17,2,True,0,True
ASN-28248,MYLAN LABORATORIES LTD (FORMERLY MATRIX LABORATORIES),Vietnam,2014-11-03,2014-11-03,2,True,0,True
ASN-28275,"Trinity Biotech, Plc",Tanzania,2014-10-25,2014-10-25,1,True,0,True
ASN-28279,"Trinity Biotech, Plc","Congo, DRC",2014-11-04,2014-11-04,14,True,0,True
ASN-28293,ABBVIE LOGISTICS (FORMERLY ABBOTT LOGISTICS BV),Zimbabwe,2014-10-09,2014-10-09,1,True,0,True
ASN-283,INTERNATIONAL HEALTHCARE DISTRIBUTORS,Zambia,2007-03-08,2007-03-08,1,True,0,True
ASN-28330,"Orgenics, Ltd",Côte d'Ivoire,2014-10-07,2014-10-07,1,True,0,True
ASN-28331,"Orgenics, Ltd",Rwanda,2014-10-17,2014-10-17,1,True,0,True
ASN-28350,"Trinity Biotech, Plc",Uganda,2014-10-14,2014-10-14,1,True,0,True
ASN-28379,"Orgenics, Ltd","Congo, DRC",2014-12-31,2014-12-31,2,True,0,True
ASN-2839,"SHANGHAI KEHUA BIOENGINEERING CO.,LTD.  (KHB)",Ethiopia,2008-11-17,2008-11-17,1,True,0,True
ASN-28398,HETERO LABS LIMITED,Namibia,2014-10-13,2014-10-13,1,True,0,True
ASN-2840,"SHANGHAI KEHUA BIOENGINEERING CO.,LTD.  (KHB)",Ethiopia,2008-11-17,2008-11-17,1,True,0,True
ASN-2843,"Standard Diagnostics, Inc.",Zambia,2008-11-18,2008-11-18,1,True,0,True
ASN-28430,"Orgenics, Ltd",Tanzania,2014-12-10,2014-12-10,1,True,0,True
ASN-28449,MERCK SHARP & DOHME IDEA GMBH (FORMALLY MERCK SHARP & DOHME B.V.),Mozambique,2014-10-21,2014-10-21,1,True,0,True
ASN-28465,"Orgenics, Ltd",Zimbabwe,2014-11-07,2014-11-07,1,True,0,True
ASN-28479,"CHEMBIO DIAGNOSTIC SYSTEMS, INC.",Côte d'Ivoire,2014-10-13,2014-10-13,1,True,0,True
ASN-28481,HETERO LABS LIMITED,Namibia,2014-10-22,2014-10-22,1,True,0,True
ASN-28482,HETERO LABS LIMITED,Namibia,2014-10-22,2014-10-22,1,True,0,True
ASN-28483,HETERO LABS LIMITED,Namibia,2014-10-22,2014-10-22,1,True,0,True
ASN-28484,HETERO LABS LIMITED,Namibia,2014-10-22,2014-10-22,1,True,0,True
ASN-285,BRISTOL-MYERS SQUIBB,Zimbabwe,2007-03-19,2007-03-19,1,True,0,True
ASN-28512,"Orgenics, Ltd",Uganda,2014-11-13,2014-11-13,1,True,0,True
ASN-2853,ABBVIE LOGISTICS (FORMERLY ABBOTT LOGISTICS BV),Vietnam,2008-12-02,2008-12-02,1,True,0,True
ASN-28530,MYLAN LABORATORIES LTD (FORMERLY MATRIX LABORATORIES),Zambia,2014-12-01,2014-12-01,1,True,0,True
ASN-2854,ABBVIE LOGISTICS (FORMERLY ABBOTT LOGISTICS BV),Vietnam,2008-12-02,2008-12-02,1,True,0,True
ASN-2855,ABBVIE LOGISTICS (FORMERLY ABBOTT LOGISTICS BV),Vietnam,2008-12-03,2008-12-03,1,True,0,True
ASN-28552,HETERO LABS LIMITED,Ghana,2014-11-03,2014-11-03,1,True,0,True
ASN-28571,"Trinity Biotech, Plc",Ethiopia,2014-11-17,2014-11-17,1,True,0,True
ASN-28591,"CHEMBIO DIAGNOSTIC SYSTEMS, INC.",Uganda,2014-10-14,2014-10-14,1,True,0,True
ASN-286,BRISTOL-MYERS SQUIBB,Zimbabwe,2007-03-19,2007-03-19,1,True,0,True
ASN-28600,"SHANGHAI KEHUA BIOENGINEERING CO.,LTD.  (KHB)",Haiti,2014-11-03,2014-11-03,1,True,0,True
ASN-2861,BRISTOL-MYERS SQUIBB,Vietnam,2008-11-13,2008-11-13,1,True,0,True
ASN-2862,BRISTOL-MYERS SQUIBB,Vietnam,2008-11-21,2008-11-21,1,True,0,True
ASN-28626,PHARMACY DIRECT,South Africa,2014-10-03,2014-10-03,3,True,0,True
ASN-28627,PHARMACY DIRECT,South Africa,2014-10-03,2014-10-03,10,True,0,True
ASN-28629,PHARMACY DIRECT,South Africa,2014-10-03,2014-10-03,3,True,0,True
ASN-2865,"Trinity Biotech, Plc",Haiti,2008-11-24,2008-11-24,1,True,0,True
ASN-28662,MERCK SHARP & DOHME IDEA GMBH (FORMALLY MERCK SHARP & DOHME B.V.),Uganda,2014-10-28,2014-10-28,1,True,0,True
ASN-28671,Aurobindo Pharma Limited,Ghana,2014-11-10,2014-11-10,1,True,0,True
ASN-28672,Aurobindo Pharma Limited,Ghana,2014-11-10,2014-11-10,1,True,0,True
ASN-28673,Aurobindo Pharma Limited,Ghana,2014-11-10,2014-11-10,1,True,0,True
ASN-28699,ABBVIE LOGISTICS (FORMERLY ABBOTT LOGISTICS BV),Uganda,2014-11-06,2014-11-06,1,True,0,True
ASN-28705,ABBVIE LOGISTICS (FORMERLY ABBOTT LOGISTICS BV),Ghana,2014-11-12,2014-11-12,1,True,0,True
ASN-28715,MYLAN LABORATORIES LTD (FORMERLY MATRIX LABORATORIES),Ghana,2014-11-21,2014-11-21,1,True,0,True
ASN-2873,CIPLA LIMITED,Vietnam,2008-12-03,2008-12-03,1,True,0,True
ASN-28731,"Orgenics, Ltd",Haiti,2014-11-06,2014-11-06,1,True,0,True
ASN-28761,MICRO LABS LIMITED,Haiti,2015-01-09,2015-01-09,3,True,0,True
ASN-28777,MICRO LABS LIMITED,Vietnam,2014-11-26,2014-11-26,3,True,0,True
ASN-28820,"Trinity Biotech, Plc",Zambia,2015-03-26,2015-03-26,1,True,0,True
ASN-28850,MYLAN LABORATORIES LTD (FORMERLY MATRIX LABORATORIES),Rwanda,2014-12-19,2014-12-19,1,True,0,True
ASN-2887,"Orgenics, Ltd",Côte d'Ivoire,2008-12-19,2008-12-19,1,True,0,True
ASN-2888,Aurobindo Pharma Limited,Vietnam,2008-11-27,2008-11-27,1,True,0,True
ASN-2896,MERCK SHARP & DOHME IDEA GMBH (FORMALLY MERCK SHARP & DOHME B.V.),Nigeria,2009-03-10,2008-11-24,1,True,-106,True
ASN-28998,Orasure Technologies Inc.,Cameroon,2014-11-03,2014-11-03,1,True,0,True
ASN-29006,MICRO LABS LIMITED,Zimbabwe,2014-11-28,2014-11-28,1,True,0,True
ASN-29012,ABBVIE LOGISTICS (FORMERLY ABBOTT LOGISTICS BV),Uganda,2014-11-08,2014-11-08,1,True,0,True
ASN-2903,"CHEMBIO DIAGNOSTIC SYSTEMS, INC.",Ethiopia,2009-01-30,2008-11-24,1,True,-67,True
ASN-29067,JANSSEN SCIENCES IRELAND UC (FORMERLY JANSSEN R&D IRELAND),Uganda,2014-11-01,2014-11-01,1,True,0,True
ASN-29074,ABBVIE LOGISTICS (FORMERLY ABBOTT LOGISTICS BV),Côte d'Ivoire,2014-11-03,2014-11-03,1,True,0,True
ASN-2909,"Orgenics, Ltd",Nigeria,2008-12-02,2008-12-02,1,True,0,True
ASN-29092,"Orgenics, Ltd",Zambia,2015-03-11,2015-03-11,1,True,0,True
ASN-29093,"Orgenics, Ltd",Zambia,2015-03-11,2015-03-11,1,True,0,True
ASN-29094,"Orgenics, Ltd",Zambia,2015-03-11,2015-03-26,1,True,15,False
ASN-29095,HETERO LABS LIMITED,Namibia,2014-11-19,2014-11-19,1,True,0,True
ASN-29096,HETERO LABS LIMITED,Namibia,2014-11-19,2014-11-19,1,True,0,True
ASN-29097,HETERO LABS LIMITED,Namibia,2014-11-19,2014-11-19,2,True,0,True
ASN-29098,JANSSEN SCIENCES IRELAND UC (FORMERLY JANSSEN R&D IRELAND),Mozambique,2014-11-21,2014-11-21,1,True,0,True
ASN-2910,ZEPHYR BIOMEDICALS,Guyana,2008-12-15,2008-12-15,1,True,0,True
ASN-29122,PHARMACY DIRECT,South Africa,2014-10-29,2014-10-29,1,True,0,True
ASN-29127,Aurobindo Pharma Limited,Ghana,2014-12-24,2014-12-24,1,True,0,True
ASN-29128,Aurobindo Pharma Limited,Ghana,2014-12-24,2014-12-24,1,True,0,True
ASN-29130,HETERO LABS LIMITED,Guyana,2014-12-10,2014-12-10,1,True,0,True
ASN-29141,"Orgenics, Ltd",Swaziland,2015-02-19,2015-02-19,2,True,0,True
ASN-29167,CIPLA LIMITED,South Sudan,2014-12-11,2014-12-11,1,True,0,True
ASN-29183,MYLAN LABORATORIES LTD (FORMERLY MATRIX LABORATORIES),Namibia,2014-11-25,2014-11-25,2,True,0,True
ASN-29184,MYLAN LABORATORIES LTD (FORMERLY MATRIX LABORATORIES),Namibia,2014-11-25,2014-11-25,1,True,0,True
ASN-29195,MERCK SHARP & DOHME IDEA GMBH (FORMALLY MERCK SHARP & DOHME B.V.),Haiti,2014-11-24,2014-11-24,1,True,0,True
ASN-2921,IDA FOUNDATION,Côte d'Ivoire,2009-01-23,2009-01-23,3,True,0,True
ASN-29216,ABBVIE LOGISTICS (FORMERLY ABBOTT LOGISTICS BV),Uganda,2014-11-14,2014-11-14,1,True,0,True
ASN-2923,IDA FOUNDATION,Côte d'Ivoire,2009-01-23,2009-01-23,1,True,0,True
ASN-29255,PHARMACY DIRECT,South Africa,2014-11-05,2014-11-05,3,True,0,True
ASN-29257,PHARMACY DIRECT,South Africa,2014-11-05,2014-11-05,14,True,0,True
ASN-29261,MYLAN LABORATORIES LTD (FORMERLY MATRIX LABORATORIES),Côte d'Ivoire,2014-12-01,2014-12-01,1,True,0,True
ASN-29320,MYLAN LABORATORIES LTD (FORMERLY MATRIX LABORATORIES),Côte d'Ivoire,2014-12-04,2014-12-04,1,True,0,True
ASN-2933,"SHANGHAI KEHUA BIOENGINEERING CO.,LTD.  (KHB)",Ethiopia,2008-12-03,2008-12-01,1,True,-2,True
ASN-29338,"Orgenics, Ltd",Uganda,2014-12-19,2014-12-19,1,True,0,True
ASN-2934,"SHANGHAI KEHUA BIOENGINEERING CO.,LTD.  (KHB)",Ethiopia,2008-12-03,2008-12-01,1,True,-2,True
ASN-2935,"SHANGHAI KEHUA BIOENGINEERING CO.,LTD.  (KHB)",Ethiopia,2008-12-03,2008-12-03,1,True,0,True
ASN-2936,"SHANGHAI KEHUA BIOENGINEERING CO.,LTD.  (KHB)",Ethiopia,2008-12-03,2008-12-01,1,True,-2,True
ASN-29372,HETERO LABS LIMITED,Vietnam,2014-12-17,2014-12-17,2,True,0,True
ASN-29373,HETERO LABS LIMITED,Vietnam,2014-12-17,2014-12-17,1,True,0,True
ASN-29374,HETERO LABS LIMITED,Vietnam,2014-12-17,2014-12-17,1,True,0,True
ASN-29375,HETERO LABS LIMITED,Vietnam,2014-12-17,2014-12-17,1,True,0,True
ASN-29376,HETERO LABS LIMITED,Vietnam,2014-12-17,2014-12-17,2,True,0,True
ASN-29384,HETERO LABS LIMITED,Vietnam,2014-12-24,2014-12-24,2,True,0,True
ASN-29385,HETERO LABS LIMITED,Vietnam,2014-12-24,2014-12-13,1,True,-11,True
ASN-29386,HETERO LABS LIMITED,Vietnam,,2014-12-19,2,False,,
ASN-294,Hoffmann-La Roche ltd Basel,Vietnam,2007-03-27,2007-03-27,1,True,0,True
ASN-29409,"Orgenics, Ltd",South Sudan,2014-12-22,2014-12-22,3,True,0,True
ASN-2941,AHN (PTY) LTD (AKA UCB (S.A.),Botswana,2008-11-12,2008-11-12,1,True,0,True
ASN-29421,"Orgenics, Ltd",Cameroon,2014-12-02,2014-12-02,1,True,0,True
ASN-29450,S. BUYS WHOLESALER,South Africa,2014-11-19,2014-11-19,4,True,0,True
ASN-2946,"Trinity Biotech, Plc",Mozambique,2008-12-29,2008-12-29,1,True,0,True
ASN-2947,"Trinity Biotech, Plc",Namibia,2008-12-22,2008-12-22,1,True,0,True
ASN-29481,"Orgenics, Ltd","Congo, DRC",2015-05-19,2015-05-19,1,True,0,True
ASN-29497,ABBVIE LOGISTICS (FORMERLY ABBOTT LOGISTICS BV),Haiti,2014-12-10,2014-12-10,1,True,0,True
ASN-29499,JANSSEN SCIENCES IRELAND UC (FORMERLY JANSSEN R&D IRELAND),Haiti,2014-12-10,2014-12-10,1,True,0,True
ASN-29503,"Trinity Biotech, Plc",South Sudan,2015-01-09,2015-01-09,4,True,0,True
ASN-29533,MICRO LABS LIMITED,"Congo, DRC",2015-02-12,2015-02-12,1,True,0,True
ASN-29540,ABBVIE LOGISTICS (FORMERLY ABBOTT LOGISTICS BV),Zimbabwe,2015-01-12,2015-01-12,1,True,0,True
ASN-29588,ABBVIE LOGISTICS (FORMERLY ABBOTT LOGISTICS BV),Vietnam,2015-01-15,2015-01-15,1,True,0,True
ASN-29589,ABBVIE LOGISTICS (FORMERLY ABBOTT LOGISTICS BV),Vietnam,2015-01-15,2015-01-15,1,True,0,True
ASN-29592,ABBVIE LOGISTICS (FORMERLY ABBOTT LOGISTICS BV),Vietnam,2015-01-16,2015-01-16,1,True,0,True
ASN-29593,ABBVIE LOGISTICS (FORMERLY ABBOTT LOGISTICS BV),Vietnam,2015-01-16,2015-01-16,1,True,0,True
ASN-29596,PHARMACY DIRECT,South Africa,2014-11-28,2014-11-28,3,True,0,True
ASN-29597,PHARMACY DIRECT,South Africa,2014-11-28,2014-11-28,12,True,0,True
ASN-29615,Aurobindo Pharma Limited,Haiti,2015-01-05,2015-01-05,1,True,0,True
ASN-29640,STRIDES ARCOLAB LIMITED,Haiti,2015-01-20,2015-01-20,1,True,0,True
ASN-29746,MYLAN LABORATORIES LTD (FORMERLY MATRIX LABORATORIES),Zimbabwe,2015-02-03,2015-02-03,1,True,0,True
ASN-29747,MYLAN LABORATORIES LTD (FORMERLY MATRIX LABORATORIES),Zimbabwe,2015-02-03,2015-02-03,1,True,0,True
ASN-29761,S. BUYS WHOLESALER,South Africa,2014-12-10,2014-12-10,1,True,0,True
ASN-29764,S. BUYS WHOLESALER,South Africa,2014-12-10,2014-12-10,16,True,0,True
ASN-29768,MYLAN LABORATORIES LTD (FORMERLY MATRIX LABORATORIES),Vietnam,2015-02-05,2015-02-05,2,True,0,True
ASN-29769,MYLAN LABORATORIES LTD (FORMERLY MATRIX LABORATORIES),Vietnam,2015-02-05,2015-02-05,1,True,0,True
ASN-29770,MYLAN LABORATORIES LTD (FORMERLY MATRIX LABORATORIES),Vietnam,2015-01-15,2015-01-15,1,True,0,True
ASN-29771,MYLAN LABORATORIES LTD (FORMERLY MATRIX LABORATORIES),Vietnam,2015-01-15,2015-01-15,1,True,0,True
ASN-29854,"Trinity Biotech, Plc",Mozambique,2015-01-13,2015-01-13,1,True,0,True
ASN-29855,"Trinity Biotech, Plc",Tanzania,2015-02-23,2015-02-23,1,True,0,True
ASN-29870,"Orgenics, Ltd",Burundi,2015-02-02,2015-02-02,1,True,0,True
ASN-29876,"CHEMBIO DIAGNOSTIC SYSTEMS, INC.",Burundi,2015-01-26,2015-01-26,1,True,0,True
ASN-29891,Aurobindo Pharma Limited,Rwanda,2015-01-15,2015-01-15,1,True,0,True
ASN-29892,Aurobindo Pharma Limited,Rwanda,2015-01-15,2015-01-15,1,True,0,True
ASN-299,Premier Medical Corporation Ltd.,Rwanda,2007-03-29,2007-03-29,1,True,0,True
ASN-29907,CIPLA LIMITED,Haiti,2015-01-20,2015-01-20,1,True,0,True
ASN-2992,BIO-RAD LABORATORIES (FRANCE),Côte d'Ivoire,2008-12-12,2008-12-12,1,True,0,True
ASN-29928,"Orgenics, Ltd",Nigeria,2015-01-19,2015-01-19,1,True,0,True
ASN-29929,"Orgenics, Ltd",Nigeria,2015-01-19,2015-01-16,1,True,-3,True
ASN-29930,"Orgenics, Ltd",Nigeria,2015-01-19,2015-01-16,1,True,-3,True
ASN-29931,"Orgenics, Ltd",Nigeria,2015-01-19,2015-01-20,1,True,1,False
ASN-29932,"Orgenics, Ltd",Nigeria,2015-01-19,2015-01-19,1,True,0,True
ASN-29933,"Orgenics, Ltd",Nigeria,2015-01-19,2015-01-19,1,True,0,True
ASN-29934,"Orgenics, Ltd",Nigeria,2015-01-19,2015-01-16,1,True,-3,True
ASN-29935,"Orgenics, Ltd",Nigeria,2015-01-19,2015-01-16,1,True,-3,True
ASN-29936,"Orgenics, Ltd",Nigeria,2015-01-19,2015-01-20,1,True,1,False
ASN-29937,"Orgenics, Ltd",Nigeria,2015-01-19,2015-01-20,1,True,1,False
ASN-29944,"Trinity Biotech, Plc",Zambia,2015-01-21,2015-01-21,1,True,0,True
ASN-29946,"Orgenics, Ltd",Côte d'Ivoire,2015-02-16,2015-02-16,1,True,0,True
ASN-2997,"Orgenics, Ltd",Zimbabwe,2009-01-22,2009-01-22,2,True,0,True
ASN-29971,"CHEMBIO DIAGNOSTIC SYSTEMS, INC.",Côte d'Ivoire,2015-01-23,2015-01-23,1,True,0,True
ASN-29972,"Standard Diagnostics, Inc.",Côte d'Ivoire,2015-01-23,2015-01-23,1,True,0,True
ASN-3001,BRISTOL-MYERS SQUIBB,Uganda,2008-12-09,2008-12-09,1,True,0,True
ASN-30019,"Orgenics, Ltd",Côte d'Ivoire,2015-02-18,2015-02-18,1,True,0,True
ASN-30066,MYLAN LABORATORIES LTD (FORMERLY MATRIX LABORATORIES),Haiti,2015-03-11,2015-03-11,1,True,0,True
ASN-30067,MYLAN LABORATORIES LTD (FORMERLY MATRIX LABORATORIES),Haiti,2015-03-13,2015-03-13,1,True,0,True
ASN-30068,Aurobindo Pharma Limited,Haiti,2015-02-16,2015-02-16,1,True,0,True
ASN-30093,HETERO LABS LIMITED,Haiti,2015-02-12,2015-02-12,1,True,0,True
ASN-30164,MYLAN LABORATORIES LTD (FORMERLY MATRIX LABORATORIES),Vietnam,2015-03-19,2015-03-19,1,True,0,True
ASN-30166,MYLAN LABORATORIES LTD (FORMERLY MATRIX LABORATORIES),Vietnam,2015-03-23,2015-03-23,1,True,0,True
ASN-30174,PHARMACY DIRECT,South Africa,2015-01-09,2015-01-09,1,True,0,True
ASN-30183,Aurobindo Pharma Limited,Haiti,2015-03-13,2015-03-13,2,True,0,True
ASN-30184,Aurobindo Pharma Limited,Haiti,2015-03-13,2015-03-13,1,True,0,True
ASN-30187,"SHANGHAI KEHUA BIOENGINEERING CO.,LTD.  (KHB)",Haiti,2015-02-20,2015-02-20,1,True,0,True
ASN-30196,HETERO LABS LIMITED,Haiti,2015-04-09,2015-04-09,1,True,0,True
ASN-30197,MERCK SHARP & DOHME IDEA GMBH (FORMALLY MERCK SHARP & DOHME B.V.),Mozambique,2015-01-20,2015-01-20,1,True,0,True
ASN-302,ABBVIE LOGISTICS (FORMERLY ABBOTT LOGISTICS BV),Vietnam,2007-04-16,2007-04-16,1,True,0,True
ASN-30228,PHARMACY DIRECT,South Africa,2015-01-14,2015-01-14,1,True,0,True
ASN-30231,HETERO LABS LIMITED,Haiti,2015-02-06,2015-02-06,1,True,0,True
ASN-3024,"CHEMBIO DIAGNOSTIC SYSTEMS, INC.",Côte d'Ivoire,2009-02-18,2009-02-18,1,True,0,True
ASN-30241,"Orgenics, Ltd",Mali,2015-02-18,2015-02-18,1,True,0,True
ASN-30242,"Orgenics, Ltd",Zambia,2015-05-05,2015-05-05,1,True,0,True
ASN-30243,"Orgenics, Ltd",Tanzania,2015-04-28,2015-04-28,1,True,0,True
ASN-30244,"Orgenics, Ltd",Zambia,2015-05-05,2015-05-12,1,True,7,False
ASN-30261,"Orgenics, Ltd",Mozambique,2015-02-10,2015-02-10,2,True,0,True
ASN-30276,"Trinity Biotech, Plc",Rwanda,2015-02-18,2015-02-18,1,True,0,True
ASN-30320,HETERO LABS LIMITED,Vietnam,2015-03-10,2015-03-10,2,True,0,True
ASN-30327,HETERO LABS LIMITED,Haiti,2015-02-24,2015-02-24,1,True,0,True
ASN-30328,"Orgenics, Ltd",Haiti,2015-02-26,2015-02-26,1,True,0,True
ASN-30364,MYLAN LABORATORIES LTD (FORMERLY MATRIX LABORATORIES),Haiti,2015-03-31,2015-03-31,1,True,0,True
ASN-30367,HETERO LABS LIMITED,Haiti,2015-02-26,2015-02-26,1,True,0,True
ASN-30376,PHARMACY DIRECT,South Africa,2015-01-26,2015-01-26,3,True,0,True
ASN-30377,PHARMACY DIRECT,South Africa,2015-01-26,2015-01-26,14,True,0,True
ASN-30382,"Standard Diagnostics, Inc.",Côte d'Ivoire,2015-02-20,2015-02-20,1,True,0,True
ASN-30383,"Orgenics, Ltd",Rwanda,2015-02-25,2015-02-25,1,True,0,True
ASN-30384,"CHEMBIO DIAGNOSTIC SYSTEMS, INC.",Burundi,2015-02-18,2015-02-18,1,True,0,True
ASN-30399,EMCURE PHARMACEUTICALS LTD,Rwanda,2015-02-17,2015-02-17,1,True,0,True
ASN-30448,PHARMACY DIRECT,South Africa,2015-01-29,2015-01-29,1,True,0,True
ASN-30463,HETERO LABS LIMITED,Haiti,2015-04-09,2015-04-09,6,True,0,True
ASN-3047,Abbott GmbH & Co. KG,Mozambique,2009-02-17,2009-02-17,1,True,0,True
ASN-30481,"SHANGHAI KEHUA BIOENGINEERING CO.,LTD.  (KHB)",Rwanda,2015-02-18,2015-02-18,1,True,0,True
ASN-30485,"SHANGHAI KEHUA BIOENGINEERING CO.,LTD.  (KHB)",Rwanda,2015-02-18,2015-02-18,1,True,0,True
ASN-30487,"SHANGHAI KEHUA BIOENGINEERING CO.,LTD.  (KHB)",Rwanda,2015-02-18,2015-02-18,1,True,0,True
ASN-30488,"SHANGHAI KEHUA BIOENGINEERING CO.,LTD.  (KHB)",Rwanda,2015-02-18,2015-02-18,1,True,0,True
ASN-30492,"Orgenics, Ltd",Uganda,2015-02-27,2015-02-27,1,True,0,True
ASN-30498,MYLAN LABORATORIES LTD (FORMERLY MATRIX LABORATORIES),Ghana,2015-04-10,2015-04-10,1,True,0,True
ASN-30499,MYLAN LABORATORIES LTD (FORMERLY MATRIX LABORATORIES),Ghana,2015-04-10,2015-04-10,2,True,0,True
ASN-30553,MYLAN LABORATORIES LTD (FORMERLY MATRIX LABORATORIES),Vietnam,2015-03-23,2015-03-23,1,True,0,True
ASN-30554,MYLAN LABORATORIES LTD (FORMERLY MATRIX LABORATORIES),Vietnam,2015-03-23,2015-03-23,1,True,0,True
ASN-30555,MYLAN LABORATORIES LTD (FORMERLY MATRIX LABORATORIES),Vietnam,2015-03-23,2015-03-26,1,True,3,False
ASN-30556,MYLAN LABORATORIES LTD (FORMERLY MATRIX LABORATORIES),Vietnam,2015-03-26,2015-03-26,1,True,0,True
ASN-30566,HETERO LABS LIMITED,Haiti,2015-04-20,2015-04-20,1,True,0,True
ASN-30567,MYLAN LABORATORIES LTD (FORMERLY MATRIX LABORATORIES),Haiti,2015-03-13,2015-03-13,1,True,0,True
ASN-30569,JANSSEN SCIENCES IRELAND UC (FORMERLY JANSSEN R&D IRELAND),Mozambique,2015-02-16,2015-02-16,1,True,0,True
ASN-30570,"CHEMBIO DIAGNOSTIC SYSTEMS, INC.",Côte d'Ivoire,2015-02-20,2015-02-20,1,True,0,True
ASN-30623,"Orgenics, Ltd",Burundi,2015-04-21,2015-04-21,1,True,0,True
ASN-30652,ABBVIE LOGISTICS (FORMERLY ABBOTT LOGISTICS BV),Haiti,2015-03-11,2015-03-11,1,True,0,True
ASN-30671,PHARMACY DIRECT,South Africa,2015-02-12,2015-02-12,14,True,0,True
ASN-30672,ABBVIE LOGISTICS (FORMERLY ABBOTT LOGISTICS BV),Vietnam,2015-03-19,2015-03-19,2,True,0,True
ASN-30673,PHARMACY DIRECT,South Africa,2015-02-12,2015-02-12,1,True,0,True
ASN-30674,ABBVIE LOGISTICS (FORMERLY ABBOTT LOGISTICS BV),Vietnam,2015-03-31,2015-03-31,2,True,0,True
ASN-30715,PHARMACY DIRECT,South Africa,2015-02-16,2015-02-16,1,True,0,True
ASN-30737,ABBVIE LOGISTICS (FORMERLY ABBOTT LOGISTICS BV),Côte d'Ivoire,2015-03-10,2015-03-10,1,True,0,True
ASN-30748,AMSTELFARMA B.V.,"Congo, DRC",2015-04-03,2015-04-03,1,True,0,True
ASN-3079,"Trinity Biotech, Plc",Namibia,2009-01-14,2009-01-14,1,True,0,True
ASN-30792,PHARMACY DIRECT,South Africa,2015-02-19,2015-02-19,17,True,0,True
ASN-3080,"Trinity Biotech, Plc",Tanzania,2009-01-19,2009-01-19,1,True,0,True
ASN-30803,MYLAN LABORATORIES LTD (FORMERLY MATRIX LABORATORIES),Haiti,2015-03-12,2015-03-12,1,True,0,True
ASN-30806,"Orgenics, Ltd",Mali,2015-04-04,2015-04-04,1,True,0,True
ASN-30809,MYLAN LABORATORIES LTD (FORMERLY MATRIX LABORATORIES),Haiti,2015-03-27,2015-03-27,1,True,0,True
ASN-30810,MYLAN LABORATORIES LTD (FORMERLY MATRIX LABORATORIES),Haiti,2015-03-27,2015-03-26,1,True,-1,True
ASN-30811,HETERO LABS LIMITED,Haiti,2015-03-26,2015-03-26,1,True,0,True
ASN-30812,HETERO LABS LIMITED,Haiti,2015-03-26,2015-03-26,1,True,0,True
ASN-30813,Aurobindo Pharma Limited,Haiti,2015-03-30,2015-03-30,1,True,0,True
ASN-30816,ABBVIE LOGISTICS (FORMERLY ABBOTT LOGISTICS BV),Zimbabwe,2015-02-28,2015-02-28,1,True,0,True
ASN-30861,IMRES B.V.,Afghanistan,2015-07-12,2015-07-12,2,True,0,True
ASN-3087,Orasure Technologies Inc.,Haiti,2009-01-14,2009-01-14,1,True,0,True
ASN-30880,"CHEMBIO DIAGNOSTIC SYSTEMS, INC.",Côte d'Ivoire,2015-04-09,2015-04-09,1,True,0,True
ASN-30881,"Trinity Biotech, Plc",Zambia,2015-05-29,2015-05-29,1,True,0,True
ASN-30907,"CHEMBIO DIAGNOSTIC SYSTEMS, INC.",Côte d'Ivoire,2015-04-09,2015-04-09,1,True,0,True
ASN-30940,HETERO LABS LIMITED,Vietnam,2015-03-31,2015-03-31,2,True,0,True
ASN-30941,HETERO LABS LIMITED,Vietnam,2015-03-31,2015-03-31,3,True,0,True
ASN-30942,HETERO LABS LIMITED,Vietnam,2015-04-14,2015-04-14,3,True,0,True
ASN-30989,CIPLA LIMITED,Haiti,2015-05-25,2015-05-25,1,True,0,True
ASN-30994,ABBVIE LOGISTICS (FORMERLY ABBOTT LOGISTICS BV),Uganda,2015-03-20,2015-03-20,1,True,0,True
ASN-31018,"Trinity Biotech, Plc",Tanzania,2015-04-28,2015-04-28,1,True,0,True
ASN-31028,Aurobindo Pharma Limited,Haiti,2015-05-09,2015-05-09,1,True,0,True
ASN-31045,ABBVIE LOGISTICS (FORMERLY ABBOTT LOGISTICS BV),Rwanda,2015-04-02,2015-04-02,1,True,0,True
ASN-31069,PHARMACY DIRECT,South Africa,2015-03-09,2015-03-09,3,True,0,True
ASN-31070,PHARMACY DIRECT,South Africa,2015-03-09,2015-03-09,14,True,0,True
ASN-31073,ABBVIE LOGISTICS (FORMERLY ABBOTT LOGISTICS BV),Zimbabwe,2015-03-19,2015-03-19,1,True,0,True
ASN-31081,HETERO LABS LIMITED,Togo,2015-04-23,2015-04-23,1,True,0,True
ASN-3110,INVERNESS MEDICAL INNOVATIONS SOUTH AFRICA (PTY) LTD,Namibia,2009-01-27,2009-01-27,2,True,0,True
ASN-31105,CIPLA LIMITED,Haiti,2015-05-25,2015-05-25,1,True,0,True
ASN-31106,CIPLA LIMITED,Haiti,2015-05-25,2015-05-25,1,True,0,True
ASN-31129,"Trinity Biotech, Plc",South Sudan,2015-05-08,2015-05-08,6,True,0,True
ASN-31132,"Orgenics, Ltd",Zimbabwe,2015-05-14,2015-05-14,3,True,0,True
ASN-31133,"Orgenics, Ltd",Tanzania,2015-04-28,2015-04-28,1,True,0,True
ASN-31141,ABBVIE LOGISTICS (FORMERLY ABBOTT LOGISTICS BV),Haiti,2015-04-24,2015-04-24,1,True,0,True
ASN-31155,Aurobindo Pharma Limited,Uganda,2015-04-08,2015-04-08,1,True,0,True
ASN-31156,Aurobindo Pharma Limited,Uganda,2015-04-08,2015-04-08,1,True,0,True
ASN-31157,Aurobindo Pharma Limited,Uganda,2015-04-08,2015-04-08,1,True,0,True
ASN-31163,"Orgenics, Ltd",Mali,2015-05-13,2015-05-13,1,True,0,True
ASN-31164,"Orgenics, Ltd",Zambia,2015-05-12,2015-05-12,1,True,0,True
ASN-31165,"Orgenics, Ltd",Zambia,2015-05-12,2015-05-08,1,True,-4,True
ASN-31166,"Orgenics, Ltd",Zambia,2015-05-12,2015-05-06,1,True,-6,True
ASN-31173,ABBVIE LOGISTICS (FORMERLY ABBOTT LOGISTICS BV),Côte d'Ivoire,2015-04-09,2015-04-09,1,True,0,True
ASN-31187,EMCURE PHARMACEUTICALS LTD,Uganda,2015-04-08,2015-04-08,1,True,0,True
ASN-31188,ABBVIE LOGISTICS (FORMERLY ABBOTT LOGISTICS BV),Zimbabwe,2015-05-07,2015-05-07,1,True,0,True
ASN-31190,ABBVIE LOGISTICS (FORMERLY ABBOTT LOGISTICS BV),Zimbabwe,2015-05-14,2015-05-14,1,True,0,True
ASN-31197,EMCURE PHARMACEUTICALS LTD,Haiti,2015-03-26,2015-03-26,1,True,0,True
ASN-31199,AMSTELFARMA B.V.,Afghanistan,2015-08-18,2015-08-18,1,True,0,True
ASN-31235,"SHANGHAI KEHUA BIOENGINEERING CO.,LTD.  (KHB)",Haiti,2015-04-21,2015-04-21,1,True,0,True
ASN-31240,ABBVIE LOGISTICS (FORMERLY ABBOTT LOGISTICS BV),Rwanda,2015-03-26,2015-03-26,1,True,0,True
ASN-31313,"Trinity Biotech, Plc",Nigeria,2015-04-22,2015-04-22,1,True,0,True
ASN-31318,"Trinity Biotech, Plc",Nigeria,2015-04-15,2015-04-15,1,True,0,True
ASN-31321,"Orgenics, Ltd",South Sudan,2015-06-03,2015-06-03,3,True,0,True
ASN-31323,"Orgenics, Ltd",South Sudan,2015-06-03,2015-06-03,3,True,0,True
ASN-31331,"Orgenics, Ltd",South Sudan,2015-06-03,2015-06-03,3,True,0,True
ASN-31335,"Orgenics, Ltd",South Sudan,2015-06-03,2015-06-03,3,True,0,True
ASN-31337,"Orgenics, Ltd",South Sudan,2015-06-03,2015-06-03,2,True,0,True
ASN-31338,"Orgenics, Ltd",South Sudan,2015-06-03,2015-06-03,3,True,0,True
ASN-31352,BIO-RAD LABORATORIES (FRANCE),Mozambique,2015-04-14,2015-04-14,1,True,0,True
ASN-31390,HETERO LABS LIMITED,Botswana,2015-06-02,2015-06-02,1,True,0,True
ASN-31391,HETERO LABS LIMITED,Botswana,2015-06-02,2015-06-04,1,True,2,False
ASN-31392,HETERO LABS LIMITED,Botswana,2015-06-02,2015-06-02,1,True,0,True
ASN-31408,"CHEMBIO DIAGNOSTIC SYSTEMS, INC.",Burundi,2015-04-21,2015-04-21,1,True,0,True
ASN-31431,Orasure Technologies Inc.,Mali,2015-05-20,2015-05-20,1,True,0,True
ASN-31432,Orasure Technologies Inc.,Mali,2015-05-20,2015-05-20,1,True,0,True
ASN-31449,ABBVIE LOGISTICS (FORMERLY ABBOTT LOGISTICS BV),Zimbabwe,2015-04-22,2015-04-22,2,True,0,True
ASN-31452,"Orgenics, Ltd",Haiti,2015-05-05,2015-05-05,1,True,0,True
ASN-31453,"Orgenics, Ltd",Haiti,2015-05-05,2015-04-22,1,True,-13,True
ASN-31454,SWORDS LABORATORIES,Rwanda,2015-04-27,2015-04-27,1,True,0,True
ASN-31456,ABBVIE LOGISTICS (FORMERLY ABBOTT LOGISTICS BV),Mozambique,2015-05-06,2015-05-06,1,True,0,True
ASN-31496,"Orgenics, Ltd",Uganda,2015-05-05,2015-05-05,1,True,0,True
ASN-31497,"Orgenics, Ltd",Uganda,2015-05-05,2015-05-05,1,True,0,True
ASN-31498,"Orgenics, Ltd",Uganda,2015-05-05,2015-05-05,1,True,0,True
ASN-3151,IDA FOUNDATION,Côte d'Ivoire,2009-01-20,2009-01-20,1,True,0,True
ASN-3154,"SHANGHAI KEHUA BIOENGINEERING CO.,LTD.  (KHB)",Ethiopia,2009-01-26,2009-01-26,1,True,0,True
ASN-3155,"SHANGHAI KEHUA BIOENGINEERING CO.,LTD.  (KHB)",Ethiopia,2009-01-26,2009-01-20,1,True,-6,True
ASN-31553,ABBVIE LOGISTICS (FORMERLY ABBOTT LOGISTICS BV),Mozambique,2015-04-15,2015-04-15,1,True,0,True
ASN-31555,BIO-RAD LABORATORIES (FRANCE),Uganda,2015-04-17,2015-04-17,1,True,0,True
ASN-31556,"Orgenics, Ltd",Mozambique,2015-04-22,2015-04-22,1,True,0,True
ASN-3156,"SHANGHAI KEHUA BIOENGINEERING CO.,LTD.  (KHB)",Ethiopia,2009-01-26,2009-01-20,1,True,-6,True
ASN-3157,"SHANGHAI KEHUA BIOENGINEERING CO.,LTD.  (KHB)",Ethiopia,2009-01-26,2009-01-26,1,True,0,True
ASN-31571,MYLAN LABORATORIES LTD (FORMERLY MATRIX LABORATORIES),Haiti,2015-06-17,2015-06-17,1,True,0,True
ASN-31572,Aurobindo Pharma Limited,Haiti,2015-05-11,2015-05-11,2,True,0,True
ASN-31573,Aurobindo Pharma Limited,Haiti,2015-05-11,2015-05-11,1,True,0,True
ASN-31590,JANSSEN SCIENCES IRELAND UC (FORMERLY JANSSEN R&D IRELAND),Haiti,2015-05-13,2015-05-13,1,True,0,True
ASN-31603,EMCURE PHARMACEUTICALS LTD,Rwanda,2015-05-04,2015-05-04,1,True,0,True
ASN-31624,"SHANGHAI KEHUA BIOENGINEERING CO.,LTD.  (KHB)",Ethiopia,2015-04-28,2015-04-28,1,True,0,True
ASN-31631,ABBVIE LOGISTICS (FORMERLY ABBOTT LOGISTICS BV),Zambia,2015-04-23,2015-04-23,1,True,0,True
ASN-31638,ABBVIE LOGISTICS (FORMERLY ABBOTT LOGISTICS BV),Zambia,2015-04-25,2015-04-25,1,True,0,True
ASN-31639,ABBVIE LOGISTICS (FORMERLY ABBOTT LOGISTICS BV),Zambia,2015-06-09,2015-06-09,1,True,0,True
ASN-31640,ABBVIE LOGISTICS (FORMERLY ABBOTT LOGISTICS BV),Zambia,2015-05-18,2015-05-18,1,True,0,True
ASN-31646,MYLAN LABORATORIES LTD (FORMERLY MATRIX LABORATORIES),Vietnam,2015-06-01,2015-06-01,1,True,0,True
ASN-31647,MYLAN LABORATORIES LTD (FORMERLY MATRIX LABORATORIES),Vietnam,2015-06-01,2015-06-01,1,True,0,True
ASN-31648,MYLAN LABORATORIES LTD (FORMERLY MATRIX LABORATORIES),Vietnam,2015-06-01,2015-06-01,1,True,0,True
ASN-31659,SWORDS LABORATORIES,Rwanda,2015-05-12,2015-05-12,1,True,0,True
ASN-3166,"CHEMBIO DIAGNOSTIC SYSTEMS, INC.",Guyana,2009-02-25,2009-01-27,1,True,-29,True
ASN-3170,ABBVIE LOGISTICS (FORMERLY ABBOTT LOGISTICS BV),Tanzania,2009-02-23,2009-02-23,1,True,0,True
ASN-31704,"CHEMBIO DIAGNOSTIC SYSTEMS, INC.",Uganda,2015-04-28,2015-04-28,1,True,0,True
ASN-3172,"Standard Diagnostics, Inc.",Zambia,2009-01-23,2009-01-23,1,True,0,True
ASN-31720,"CHEMBIO DIAGNOSTIC SYSTEMS, INC.",Ethiopia,2015-04-27,2015-04-27,1,True,0,True
ASN-31730,HETERO LABS LIMITED,Guyana,2015-06-16,2015-06-16,1,True,0,True
ASN-31739,SWORDS LABORATORIES,Rwanda,2015-05-08,2015-05-08,1,True,0,True
ASN-31750,"Trinity Biotech, Plc","Congo, DRC",2015-07-02,2015-07-02,15,True,0,True
ASN-31756,ABBVIE LOGISTICS (FORMERLY ABBOTT LOGISTICS BV),Rwanda,2015-05-11,2015-05-11,1,True,0,True
ASN-31765,"Trinity Biotech, Plc",South Sudan,2015-07-25,2015-07-25,5,True,0,True
ASN-31768,"CHEMBIO DIAGNOSTIC SYSTEMS, INC.",Nigeria,2015-04-30,2015-04-30,1,True,0,True
ASN-31775,JANSSEN SCIENCES IRELAND UC (FORMERLY JANSSEN R&D IRELAND),Haiti,2015-05-13,2015-05-13,1,True,0,True
ASN-3178,"CHEMBIO DIAGNOSTIC SYSTEMS, INC.",Ethiopia,2009-01-30,2009-01-20,1,True,-10,True
ASN-31785,"Orgenics, Ltd",Nigeria,2015-05-07,2015-05-07,1,True,0,True
ASN-31786,"Orgenics, Ltd",Nigeria,2015-05-07,2015-05-07,1,True,0,True
ASN-31818,"Trinity Biotech, Plc",Uganda,2015-05-14,2015-05-14,1,True,0,True
ASN-31819,"Standard Diagnostics, Inc.",Sierra Leone,2015-05-06,2015-05-06,1,True,0,True
ASN-31820,MYLAN LABORATORIES LTD (FORMERLY MATRIX LABORATORIES),Haiti,2015-07-03,2015-07-03,3,True,0,True
ASN-31821,MYLAN LABORATORIES LTD (FORMERLY MATRIX LABORATORIES),Haiti,2015-07-03,2015-07-03,1,True,0,True
ASN-31822,MYLAN LABORATORIES LTD (FORMERLY MATRIX LABORATORIES),Haiti,2015-07-03,2015-07-03,1,True,0,True
ASN-31826,Aurobindo Pharma Limited,Haiti,2015-06-10,2015-06-10,1,True,0,True
ASN-31852,"Orgenics, Ltd",Sierra Leone,2015-05-11,2015-05-11,1,True,0,True
ASN-31854,PHARMACY DIRECT,South Africa,2015-04-28,2015-04-28,13,True,0,True
ASN-31861,JANSSEN SCIENCES IRELAND UC (FORMERLY JANSSEN R&D IRELAND),Mozambique,2015-05-06,2015-05-06,1,True,0,True
ASN-31866,ABBVIE LOGISTICS (FORMERLY ABBOTT LOGISTICS BV),Haiti,2015-06-05,2015-06-05,1,True,0,True
ASN-31869,"Orgenics, Ltd",Côte d'Ivoire,2015-05-20,2015-05-20,1,True,0,True
ASN-3190,"Orgenics, Ltd",Guyana,2009-01-30,2009-01-23,1,True,-7,True
ASN-3192,"Orgenics, Ltd",Namibia,2009-01-22,2009-01-22,1,True,0,True
ASN-31929,"Trinity Biotech, Plc",Sierra Leone,2015-05-20,2015-05-20,1,True,0,True
ASN-31958,"Orgenics, Ltd",South Sudan,2015-07-02,2015-07-02,3,True,0,True
ASN-32010,ABBVIE LOGISTICS (FORMERLY ABBOTT LOGISTICS BV),Nigeria,2015-06-02,2015-06-02,1,True,0,True
ASN-32017,HETERO LABS LIMITED,Vietnam,2015-07-13,2015-07-13,1,True,0,True
ASN-3202,BUNDI INTERNATIONAL DIAGNOSTICS LTD,Nigeria,2008-08-27,2008-08-27,1,True,0,True
ASN-32047,EMCURE PHARMACEUTICALS LTD,Uganda,2015-05-26,2015-05-26,1,True,0,True
ASN-32051,ABBVIE LOGISTICS (FORMERLY ABBOTT LOGISTICS BV),Zimbabwe,2015-05-21,2015-05-21,1,True,0,True
ASN-32057,EMCURE PHARMACEUTICALS LTD,Haiti,2015-05-28,2015-05-28,1,True,0,True
ASN-32073,PHARMACY DIRECT,South Africa,2015-05-07,2015-05-07,1,True,0,True
ASN-3208,"Trinity Biotech, Plc",Guyana,2009-01-30,2009-01-30,1,True,0,True
ASN-3209,ZEPHYR BIOMEDICALS,Guyana,2009-02-06,2009-02-06,1,True,0,True
ASN-32092,"Orgenics, Ltd",Burundi,2015-07-07,2015-07-07,1,True,0,True
ASN-3210,"Orgenics, Ltd",Namibia,2009-01-23,2009-01-23,1,True,0,True
ASN-32106,"Orgenics, Ltd",South Sudan,2015-07-02,2015-07-07,3,True,5,False
ASN-32107,"Orgenics, Ltd",South Sudan,2015-07-02,2015-07-07,3,True,5,False
ASN-32108,"Orgenics, Ltd",South Sudan,2015-07-02,2015-07-07,3,True,5,False
ASN-32109,"Orgenics, Ltd",South Sudan,2015-07-02,2015-07-07,2,True,5,False
ASN-32118,EMCURE PHARMACEUTICALS LTD,Nigeria,2015-06-02,2015-06-02,1,True,0,True
ASN-32121,PHARMACY DIRECT,South Africa,2015-05-12,2015-05-12,2,True,0,True
ASN-32122,PHARMACY DIRECT,South Africa,2015-05-12,2015-05-12,13,True,0,True
ASN-32137,PHARMACY DIRECT,South Africa,2015-05-12,2015-05-12,4,True,0,True
ASN-32138,PHARMACY DIRECT,South Africa,2015-05-12,2015-05-12,19,True,0,True
ASN-32156,EMCURE PHARMACEUTICALS LTD,Rwanda,2015-05-27,2015-05-27,1,True,0,True
ASN-32231,"Orgenics, Ltd","Congo, DRC",2015-07-23,2015-07-23,15,True,0,True
ASN-32234,"Trinity Biotech, Plc",Nigeria,2015-06-12,2015-06-12,1,True,0,True
ASN-32255,ABBVIE LOGISTICS (FORMERLY ABBOTT LOGISTICS BV),Vietnam,2015-07-15,2015-07-15,1,True,0,True
ASN-32256,ABBVIE LOGISTICS (FORMERLY ABBOTT LOGISTICS BV),Vietnam,2015-07-09,2015-07-09,1,True,0,True
ASN-32258,HETERO LABS LIMITED,Vietnam,2015-07-13,2015-07-13,4,True,0,True
ASN-32259,HETERO LABS LIMITED,Vietnam,2015-07-13,2015-07-13,1,True,0,True
ASN-32260,HETERO LABS LIMITED,Vietnam,2015-07-13,2015-07-13,1,True,0,True
ASN-32261,HETERO LABS LIMITED,Vietnam,2015-07-13,2015-07-13,1,True,0,True
ASN-32262,HETERO LABS LIMITED,Vietnam,2015-07-13,2015-07-13,2,True,0,True
ASN-32265,HETERO LABS LIMITED,Vietnam,2015-07-10,2015-07-10,4,True,0,True
ASN-32266,HETERO LABS LIMITED,Vietnam,2015-07-10,2015-07-10,1,True,0,True
ASN-32267,HETERO LABS LIMITED,Vietnam,2015-07-10,2015-07-07,1,True,-3,True
ASN-32268,HETERO LABS LIMITED,Vietnam,2015-07-10,2015-07-07,1,True,-3,True
ASN-32269,HETERO LABS LIMITED,Vietnam,2015-07-10,2015-07-07,1,True,-3,True
ASN-32270,HETERO LABS LIMITED,Vietnam,2015-07-10,2015-07-10,2,True,0,True
ASN-3228,BIOLYTICAL LABORATORIES INC.,Zimbabwe,2009-02-03,2009-02-03,1,True,0,True
ASN-3229,"Trinity Biotech, Plc",Tanzania,2009-03-02,2009-03-02,1,True,0,True
ASN-3231,"Orgenics, Ltd",Nigeria,2009-02-05,2009-02-05,1,True,0,True
ASN-3234,"Orgenics, Ltd",Ethiopia,2009-01-27,2009-01-27,1,True,0,True
ASN-32394,PHARMACY DIRECT,South Africa,2015-05-26,2015-05-26,1,True,0,True
ASN-32400,ACOUNS NIGERIA LTD,Nigeria,2015-05-25,2015-05-25,1,True,0,True
ASN-32412,PHARMACY DIRECT,South Africa,2015-05-27,2015-05-27,1,True,0,True
ASN-3242,IDA FOUNDATION,Côte d'Ivoire,2009-03-02,2009-03-02,1,True,0,True
ASN-32420,MERCK SHARP & DOHME IDEA GMBH (FORMALLY MERCK SHARP & DOHME B.V.),Mozambique,2015-06-09,2015-06-09,3,True,0,True
ASN-32442,HETERO LABS LIMITED,Vietnam,2015-07-07,2015-07-07,1,True,0,True
ASN-32495,HETERO LABS LIMITED,Haiti,2015-08-10,2015-08-10,1,True,0,True
ASN-32498,MYLAN LABORATORIES LTD (FORMERLY MATRIX LABORATORIES),Uganda,2015-06-20,2015-06-20,1,True,0,True
ASN-32512,Aurobindo Pharma Limited,Haiti,2015-07-02,2015-07-02,1,True,0,True
ASN-32524,PHARMACY DIRECT,South Africa,2015-06-02,2015-06-02,11,True,0,True
ASN-32525,PHARMACY DIRECT,South Africa,2015-06-02,2015-06-02,1,True,0,True
ASN-32527,HETERO LABS LIMITED,Nigeria,2015-06-24,2015-06-24,2,True,0,True
ASN-32534,EMCURE PHARMACEUTICALS LTD,Uganda,2015-06-15,2015-06-15,1,True,0,True
ASN-32540,HETERO LABS LIMITED,Cameroon,2015-06-16,2015-06-16,1,True,0,True
ASN-32557,"Trinity Biotech, Plc",Ethiopia,2015-06-24,2015-06-24,1,True,0,True
ASN-32560,"CHEMBIO DIAGNOSTIC SYSTEMS, INC.",Burundi,2015-07-06,2015-07-06,1,True,0,True
ASN-32567,Aurobindo Pharma Limited,Cameroon,2015-06-17,2015-06-17,1,True,0,True
ASN-3259,"CHEMBIO DIAGNOSTIC SYSTEMS, INC.",Ethiopia,2009-01-30,2009-01-30,1,True,0,True
ASN-32670,HETERO LABS LIMITED,Senegal,2015-06-23,2015-06-23,1,True,0,True
ASN-32676,ABBVIE LOGISTICS (FORMERLY ABBOTT LOGISTICS BV),Haiti,2015-07-07,2015-07-07,1,True,0,True
ASN-32682,HETERO LABS LIMITED,Haiti,2015-08-13,2015-08-13,2,True,0,True
ASN-32716,ABBVIE LOGISTICS (FORMERLY ABBOTT LOGISTICS BV),Haiti,2015-07-07,2015-07-07,2,True,0,True
ASN-32748,"Orgenics, Ltd",Côte d'Ivoire,2015-07-21,2015-07-21,1,True,0,True
ASN-32754,"Orgenics, Ltd",Nigeria,2015-06-30,2015-06-30,1,True,0,True
ASN-32756,"Orgenics, Ltd",Nigeria,2015-06-30,2015-06-29,1,True,-1,True
ASN-32757,"Orgenics, Ltd",Nigeria,2015-06-30,2015-07-06,1,True,6,False
ASN-32758,"Orgenics, Ltd",Nigeria,2015-06-30,2015-06-26,1,True,-4,True
ASN-32760,EMCURE PHARMACEUTICALS LTD,Haiti,2015-07-23,2015-07-23,1,True,0,True
ASN-32761,EMCURE PHARMACEUTICALS LTD,Haiti,2015-07-23,2015-07-23,1,True,0,True
ASN-32776,MYLAN LABORATORIES LTD (FORMERLY MATRIX LABORATORIES),Vietnam,2015-07-27,2015-07-27,2,True,0,True
ASN-32777,MYLAN LABORATORIES LTD (FORMERLY MATRIX LABORATORIES),Vietnam,2015-07-27,2015-07-27,1,True,0,True
ASN-32779,MYLAN LABORATORIES LTD (FORMERLY MATRIX LABORATORIES),Vietnam,2015-07-30,2015-07-30,1,True,0,True
ASN-32780,MYLAN LABORATORIES LTD (FORMERLY MATRIX LABORATORIES),Vietnam,2015-07-30,2015-07-30,1,True,0,True
ASN-32782,MYLAN LABORATORIES LTD (FORMERLY MATRIX LABORATORIES),Vietnam,2015-07-30,2015-08-02,1,True,3,False
ASN-32854,EMCURE PHARMACEUTICALS LTD,Haiti,2015-07-21,2015-07-21,1,True,0,True
ASN-32901,EMCURE PHARMACEUTICALS LTD,Nigeria,2015-08-05,2015-08-05,1,True,0,True
ASN-32902,EMCURE PHARMACEUTICALS LTD,Nigeria,2015-08-05,2015-08-05,1,True,0,True
ASN-32933,ABBVIE LOGISTICS (FORMERLY ABBOTT LOGISTICS BV),Nigeria,2015-07-07,2015-07-07,1,True,0,True
ASN-32954,"Orgenics, Ltd",Nigeria,2015-07-14,2015-07-14,1,True,0,True
ASN-32957,"Orgenics, Ltd",Nigeria,2015-07-14,2015-07-14,1,True,0,True
ASN-32958,"Orgenics, Ltd",Nigeria,2015-07-14,2015-07-09,1,True,-5,True
ASN-32959,"Orgenics, Ltd",Nigeria,2015-07-14,2015-07-09,1,True,-5,True
ASN-32962,EMCURE PHARMACEUTICALS LTD,Nigeria,2015-07-23,2015-07-23,1,True,0,True
ASN-32998,HETERO LABS LIMITED,Burkina Faso,2015-07-11,2015-07-11,1,True,0,True
ASN-3303,"Trinity Biotech, Plc",Namibia,2009-03-02,2009-03-02,1,True,0,True
ASN-3308,BRISTOL-MYERS SQUIBB,Zambia,2009-02-20,2009-02-20,1,True,0,True
ASN-33116,MYLAN LABORATORIES LTD (FORMERLY MATRIX LABORATORIES),Cameroon,2015-07-18,2015-07-18,1,True,0,True
ASN-3312,Aurobindo Pharma Limited,Vietnam,2009-02-27,2009-02-27,2,True,0,True
ASN-3313,Aurobindo Pharma Limited,Vietnam,2009-02-23,2009-02-23,3,True,0,True
ASN-33143,HETERO LABS LIMITED,Vietnam,2015-09-07,2015-09-07,2,True,0,True
ASN-33144,HETERO LABS LIMITED,Vietnam,2015-09-07,2015-09-07,1,True,0,True
ASN-33145,HETERO LABS LIMITED,Vietnam,2015-09-07,2015-09-07,1,True,0,True
ASN-33146,HETERO LABS LIMITED,Vietnam,2015-09-07,2015-09-07,2,True,0,True
ASN-33152,ABBVIE LOGISTICS (FORMERLY ABBOTT LOGISTICS BV),Vietnam,2015-08-13,2015-08-13,2,True,0,True
ASN-33165,EMCURE PHARMACEUTICALS LTD,Uganda,2015-07-27,2015-07-27,1,True,0,True
ASN-33189,Orasure Technologies Inc.,Cameroon,2015-07-23,2015-07-23,1,True,0,True
ASN-33205,ABBVIE LOGISTICS (FORMERLY ABBOTT LOGISTICS BV),Vietnam,2015-08-12,2015-08-12,1,True,0,True
ASN-33209,ABBVIE LOGISTICS (FORMERLY ABBOTT LOGISTICS BV),Vietnam,2015-08-11,2015-08-11,1,True,0,True
ASN-3322,"Trinity Biotech, Plc",Ethiopia,2009-02-18,2009-02-18,1,True,0,True
ASN-33245,"Trinity Biotech, Plc",Tanzania,2015-08-24,2015-08-24,1,True,0,True
ASN-33266,HETERO LABS LIMITED,Vietnam,2015-09-03,2015-09-03,2,True,0,True
ASN-33267,HETERO LABS LIMITED,Vietnam,2015-09-03,2015-09-03,1,True,0,True
ASN-33268,HETERO LABS LIMITED,Vietnam,2015-09-03,2015-09-03,1,True,0,True
ASN-33269,HETERO LABS LIMITED,Vietnam,2015-09-03,2015-09-03,2,True,0,True
ASN-33289,HETERO LABS LIMITED,Haiti,2015-08-10,2015-08-10,1,True,0,True
ASN-33290,Aurobindo Pharma Limited,Vietnam,2015-09-07,2015-09-07,1,True,0,True
ASN-33291,Aurobindo Pharma Limited,Vietnam,2015-09-01,2015-09-01,1,True,0,True
ASN-33317,"Trinity Biotech, Plc",Zambia,2015-07-31,2015-07-31,1,True,0,True
ASN-33318,ABBVIE LOGISTICS (FORMERLY ABBOTT LOGISTICS BV),Cameroon,2015-07-22,2015-07-22,1,True,0,True
ASN-3332,MERCK SHARP & DOHME IDEA GMBH (FORMALLY MERCK SHARP & DOHME B.V.),Tanzania,2009-04-21,2009-04-21,1,True,0,True
ASN-33327,ABBVIE LOGISTICS (FORMERLY ABBOTT LOGISTICS BV),Vietnam,2015-08-31,2015-08-31,1,True,0,True
ASN-33330,PHARMACY DIRECT,South Africa,2015-07-14,2015-07-14,1,True,0,True
ASN-33331,PHARMACY DIRECT,South Africa,2015-07-14,2015-07-14,1,True,0,True
ASN-33333,PHARMACY DIRECT,South Africa,2015-07-14,2015-07-14,1,True,0,True
ASN-33334,EMCURE PHARMACEUTICALS LTD,Nigeria,2015-08-07,2015-08-07,1,True,0,True
ASN-33339,PHARMACY DIRECT,South Africa,2015-07-15,2015-07-15,1,True,0,True
ASN-33340,EMCURE PHARMACEUTICALS LTD,Rwanda,2015-08-28,2015-08-28,1,True,0,True
ASN-33357,"Orgenics, Ltd",Tanzania,2015-08-24,2015-08-24,1,True,0,True
ASN-33362,"Orgenics, Ltd",Zambia,2015-08-06,2015-08-06,1,True,0,True
ASN-33413,"CHEMBIO DIAGNOSTIC SYSTEMS, INC.",Nigeria,2015-08-07,2015-08-07,1,True,0,True
ASN-33424,MERCK SHARP & DOHME IDEA GMBH (FORMALLY MERCK SHARP & DOHME B.V.),Cameroon,2015-08-26,2015-08-26,1,True,0,True
ASN-33453,PHARMACY DIRECT,South Africa,2015-07-23,2015-07-23,1,True,0,True
ASN-33454,PHARMACY DIRECT,South Africa,2015-07-23,2015-07-23,1,True,0,True
ASN-33458,ABBVIE LOGISTICS (FORMERLY ABBOTT LOGISTICS BV),Burkina Faso,2015-08-04,2015-08-04,1,True,0,True
ASN-33470,PHARMACY DIRECT,South Africa,2015-07-24,2015-07-24,13,True,0,True
ASN-33472,PHARMACY DIRECT,South Africa,2015-07-24,2015-07-24,4,True,0,True
ASN-33473,PHARMACY DIRECT,South Africa,2015-07-24,2015-07-24,3,True,0,True
ASN-33477,PHARMACY DIRECT,South Africa,2015-07-24,2015-07-24,12,True,0,True
ASN-33478,PHARMACY DIRECT,South Africa,2015-07-24,2015-07-24,3,True,0,True
ASN-33479,PHARMACY DIRECT,South Africa,2015-07-24,2015-07-24,1,True,0,True
ASN-33483,"Trinity Biotech, Plc",Guyana,2015-08-28,2015-08-28,1,True,0,True
ASN-33511,ABBVIE LOGISTICS (FORMERLY ABBOTT LOGISTICS BV),Vietnam,2015-09-08,2015-09-08,1,True,0,True
ASN-33515,ABBVIE LOGISTICS (FORMERLY ABBOTT LOGISTICS BV),Rwanda,2015-08-21,2015-08-21,1,True,0,True
ASN-33517,"Orgenics, Ltd",Burundi,2015-08-21,2015-08-21,1,True,0,True
ASN-33526,ABBVIE LOGISTICS (FORMERLY ABBOTT LOGISTICS BV),Vietnam,2015-09-14,2015-09-14,2,True,0,True
ASN-33568,"Orgenics, Ltd",Guyana,2015-08-28,2015-08-28,1,True,0,True
ASN-33569,"Orgenics, Ltd",Cameroon,2015-08-11,2015-08-11,1,True,0,True
ASN-33571,"MSD LATIN AMERICA SERVICES, S. DE R.L. DE C.V.",Haiti,2015-08-26,2015-08-26,1,True,0,True
ASN-33599,EMCURE PHARMACEUTICALS LTD,Haiti,2015-09-02,2015-09-02,1,True,0,True
ASN-33614,EMCURE PHARMACEUTICALS LTD,Rwanda,2015-08-27,2015-08-27,2,True,0,True
ASN-33622,ABBVIE LOGISTICS (FORMERLY ABBOTT LOGISTICS BV),Zimbabwe,2015-08-20,2015-08-20,1,True,0,True
ASN-33650,HETERO LABS LIMITED,Zambia,2015-08-18,2015-08-18,1,True,0,True
ASN-33666,"MSD LATIN AMERICA SERVICES, S. DE R.L. DE C.V.",Haiti,2015-09-07,2015-09-07,1,True,0,True
ASN-33674,PHARMACY DIRECT,South Africa,2015-08-11,2015-08-11,1,True,0,True
ASN-33749,CIPLA LIMITED,Nigeria,2015-09-02,2015-09-02,1,True,0,True
ASN-33750,CIPLA LIMITED,Nigeria,2015-09-02,2015-09-02,1,True,0,True
ASN-33764,CIPLA LIMITED,Nigeria,2015-08-31,2015-08-31,1,True,0,True
ASN-33776,STRIDES ARCOLAB LIMITED,Uganda,2015-08-28,2015-08-28,1,True,0,True
ASN-33851,PHARMACY DIRECT,South Africa,2015-08-24,2015-08-24,13,True,0,True
ASN-33852,PHARMACY DIRECT,South Africa,2015-08-24,2015-08-24,14,True,0,True
ASN-33854,PHARMACY DIRECT,South Africa,2015-08-24,2015-08-24,4,True,0,True
ASN-33855,PHARMACY DIRECT,South Africa,2015-08-24,2015-08-24,2,True,0,True
ASN-33864,PHARMACY DIRECT,South Africa,2015-08-24,2015-08-24,3,True,0,True
ASN-33865,PHARMACY DIRECT,South Africa,2015-08-24,2015-08-24,13,True,0,True
ASN-3415,"Orgenics, Ltd",Tanzania,2009-03-31,2009-03-31,1,True,0,True
ASN-3423,ZEPHYR BIOMEDICALS,Guyana,2009-03-06,2009-03-06,1,True,0,True
ASN-3424,Orasure Technologies Inc.,Botswana,2009-03-03,2009-03-03,1,True,0,True
ASN-343,"Trinity Biotech, Plc",Guyana,2007-04-30,2007-04-30,1,True,0,True
ASN-3434,"Standard Diagnostics, Inc.",Côte d'Ivoire,2009-03-19,2009-03-19,1,True,0,True
ASN-3435,"Standard Diagnostics, Inc.",Côte d'Ivoire,2009-03-19,2009-03-19,1,True,0,True
ASN-3454,Aurobindo Pharma Limited,Vietnam,2009-03-16,2009-03-16,1,True,0,True
ASN-3455,Aurobindo Pharma Limited,Vietnam,2009-03-10,2009-03-10,1,True,0,True
ASN-3457,"Orgenics, Ltd",Haiti,2009-03-16,2009-03-16,1,True,0,True
ASN-3458,Premier Medical Corporation Ltd.,Rwanda,2009-04-28,2009-03-11,1,True,-48,True
ASN-3465,"CHEMBIO DIAGNOSTIC SYSTEMS, INC.",Côte d'Ivoire,2009-03-04,2009-03-04,1,True,0,True
ASN-3479,KAS MEDICS LIMITED,Tanzania,2009-02-23,2009-02-23,1,True,0,True
ASN-3481,"Trinity Biotech, Plc",Guyana,2009-03-17,2009-03-13,1,True,-4,True
ASN-3490,"Trinity Biotech, Plc",Namibia,2009-03-13,2009-03-13,1,True,0,True
ASN-3497,MERCK SHARP & DOHME IDEA GMBH (FORMALLY MERCK SHARP & DOHME B.V.),Nigeria,2009-04-08,2009-04-08,1,True,0,True
ASN-3505,CIPLA LIMITED,Rwanda,2009-03-10,2009-03-10,1,True,0,True
ASN-3507,"Orgenics, Ltd",Mozambique,2009-04-14,2009-04-14,1,True,0,True
ASN-3508,"Orgenics, Ltd",Zambia,2009-03-18,2009-03-18,2,True,0,True
ASN-3509,"Trinity Biotech, Plc",Mozambique,2009-03-23,2009-03-23,1,True,0,True
ASN-3511,"Orgenics, Ltd",Guyana,2009-03-17,2009-03-17,1,True,0,True
ASN-3521,CIPLA LIMITED,Vietnam,2009-03-23,2009-03-23,1,True,0,True
ASN-3522,CIPLA LIMITED,Vietnam,2009-03-27,2009-03-27,1,True,0,True
ASN-3546,"Orgenics, Ltd",Senegal,2009-03-25,2009-03-25,1,True,0,True
ASN-3553,S. BUYS WHOLESALER,South Africa,2009-05-17,2008-10-09,14,True,-220,True
ASN-3561,Aurobindo Pharma Limited,Vietnam,2009-04-07,2009-04-07,5,True,0,True
ASN-3562,Aurobindo Pharma Limited,Vietnam,2009-04-10,2009-04-10,5,True,0,True
ASN-3575,S. BUYS WHOLESALER,South Africa,2009-03-24,2008-12-01,4,True,-113,True
ASN-3577,S. BUYS WHOLESALER,South Africa,2009-03-24,2008-12-01,1,True,-113,True
ASN-3578,S. BUYS WHOLESALER,South Africa,2009-04-28,2008-12-19,1,True,-130,True
ASN-3581,S. BUYS WHOLESALER,South Africa,2009-06-23,2009-01-29,1,True,-145,True
ASN-3582,S. BUYS WHOLESALER,South Africa,2009-06-30,2009-01-30,2,True,-151,True
ASN-3585,S. BUYS WHOLESALER,South Africa,2009-05-19,2009-01-02,1,True,-137,True
ASN-3607,S. BUYS WHOLESALER,South Africa,2009-03-17,2008-11-28,10,True,-109,True
ASN-3609,S. BUYS WHOLESALER,South Africa,2009-04-14,2008-12-04,2,True,-131,True
ASN-3610,S. BUYS WHOLESALER,South Africa,2009-07-07,2009-02-02,2,True,-155,True
ASN-3611,S. BUYS WHOLESALER,South Africa,2009-06-16,2009-01-28,2,True,-139,True
ASN-362,"Trinity Biotech, Plc",Haiti,2007-05-08,2007-05-08,1,True,0,True
ASN-3623,S. BUYS WHOLESALER,South Africa,2009-04-07,2008-12-03,6,True,-125,True
ASN-3624,S. BUYS WHOLESALER,South Africa,2009-05-05,2008-12-23,3,True,-133,True
ASN-3625,S. BUYS WHOLESALER,South Africa,2009-05-12,2008-12-30,3,True,-133,True
ASN-3626,S. BUYS WHOLESALER,South Africa,2009-06-09,2009-01-27,2,True,-133,True
ASN-3627,ABBVIE LOGISTICS (FORMERLY ABBOTT LOGISTICS BV),Tanzania,2009-05-04,2009-05-04,1,True,0,True
ASN-3628,Aurobindo Pharma Limited,Haiti,2009-04-02,2009-04-02,2,True,0,True
ASN-3629,Aurobindo Pharma Limited,Haiti,2009-04-07,2009-04-07,1,True,0,True
ASN-3630,MYLAN LABORATORIES LTD (FORMERLY MATRIX LABORATORIES),Vietnam,2009-04-09,2009-04-09,1,True,0,True
ASN-3631,MYLAN LABORATORIES LTD (FORMERLY MATRIX LABORATORIES),Vietnam,2009-04-11,2009-04-11,1,True,0,True
ASN-3632,"Orgenics, Ltd",Côte d'Ivoire,2009-03-24,2009-03-24,1,True,0,True
ASN-3633,"Orgenics, Ltd",Rwanda,2009-04-01,2009-04-01,1,True,0,True
ASN-3634,S. BUYS WHOLESALER,South Africa,2009-03-31,2008-12-02,7,True,-119,True
ASN-3635,S. BUYS WHOLESALER,South Africa,2009-04-21,2008-12-05,3,True,-137,True
ASN-3637,S. BUYS WHOLESALER,South Africa,2009-05-26,2009-01-22,3,True,-124,True
ASN-3638,S. BUYS WHOLESALER,South Africa,2009-05-26,2009-01-22,1,True,-124,True
ASN-364,Abbott GmbH & Co. KG,Haiti,2007-05-03,2007-05-03,1,True,0,True
ASN-3653,MERCK SHARP & DOHME IDEA GMBH (FORMALLY MERCK SHARP & DOHME B.V.),Nigeria,2009-03-10,2009-04-08,1,True,29,False
ASN-3664,"Trinity Biotech, Plc",Haiti,2009-03-24,2009-03-24,1,True,0,True
ASN-3665,"Orgenics, Ltd",Nigeria,2009-04-08,2009-04-08,1,True,0,True
ASN-3673,BRISTOL-MYERS SQUIBB,Vietnam,2009-03-26,2009-03-26,1,True,0,True
ASN-3675,BRISTOL-MYERS SQUIBB,Haiti,2009-03-31,2009-03-31,3,True,0,True
ASN-3676,"Standard Diagnostics, Inc.",Zambia,2009-03-26,2009-03-26,1,True,0,True
ASN-3678,"Trinity Biotech, Plc",Rwanda,2009-04-06,2009-04-06,1,True,0,True
ASN-3694,ABBVIE LOGISTICS (FORMERLY ABBOTT LOGISTICS BV),Tanzania,2009-05-27,2009-05-27,1,True,0,True
ASN-3697,"Trinity Biotech, Plc",Rwanda,2009-04-06,2009-04-06,1,True,0,True
ASN-3698,"Trinity Biotech, Plc",Zambia,2009-04-09,2009-04-09,1,True,0,True
ASN-3699,"Trinity Biotech, Plc",Tanzania,2009-05-17,2009-05-17,1,True,0,True
ASN-37,Abbott GmbH & Co. KG,Zambia,2006-09-19,2006-09-19,1,True,0,True
ASN-3706,MERCK SHARP & DOHME IDEA GMBH (FORMALLY MERCK SHARP & DOHME B.V.),Nigeria,2009-03-10,2009-03-10,1,True,0,True
ASN-3710,Premier Medical Corporation Ltd.,Rwanda,2009-04-28,2009-04-28,1,True,0,True
ASN-3712,ABBVIE LOGISTICS (FORMERLY ABBOTT LOGISTICS BV),Haiti,2009-04-20,2009-04-20,1,True,0,True
ASN-3732,S. BUYS WHOLESALER,South Africa,2009-03-30,2009-01-21,15,True,-68,True
ASN-3735,S. BUYS WHOLESALER,South Africa,2009-03-30,2009-01-21,1,True,-68,True
ASN-3737,S. BUYS WHOLESALER,South Africa,2009-03-30,2009-01-23,2,True,-66,True
ASN-3739,S. BUYS WHOLESALER,South Africa,2009-03-30,2009-01-23,1,True,-66,True
ASN-3743,MYLAN LABORATORIES LTD (FORMERLY MATRIX LABORATORIES),Haiti,2009-04-21,2009-04-21,1,True,0,True
ASN-3748,ABBVIE LOGISTICS (FORMERLY ABBOTT LOGISTICS BV),Haiti,2009-04-15,2009-04-15,1,True,0,True
ASN-3749,ABBVIE LOGISTICS (FORMERLY ABBOTT LOGISTICS BV),Haiti,2009-04-15,2009-04-15,1,True,0,True
ASN-3750,ABBVIE LOGISTICS (FORMERLY ABBOTT LOGISTICS BV),Haiti,2009-04-15,2009-04-15,1,True,0,True
ASN-3751,ABBVIE LOGISTICS (FORMERLY ABBOTT LOGISTICS BV),Tanzania,2009-05-28,2009-05-28,1,True,0,True
ASN-3752,S. BUYS WHOLESALER,South Africa,2009-03-31,2008-11-21,13,True,-130,True
ASN-3753,ABBVIE LOGISTICS (FORMERLY ABBOTT LOGISTICS BV),Haiti,2009-04-15,2009-04-15,1,True,0,True
ASN-3758,S. BUYS WHOLESALER,South Africa,2009-04-01,2009-02-11,3,True,-49,True
ASN-3759,S. BUYS WHOLESALER,South Africa,2009-04-01,2008-11-21,2,True,-131,True
ASN-3760,S. BUYS WHOLESALER,South Africa,2009-04-01,2008-11-26,4,True,-126,True
ASN-3761,"Orgenics, Ltd",Côte d'Ivoire,2009-05-14,2009-05-14,1,True,0,True
ASN-3770,S. BUYS WHOLESALER,South Africa,2009-03-18,2009-03-18,1,True,0,True
ASN-3778,S. BUYS WHOLESALER,South Africa,2009-04-03,2009-02-11,1,True,-51,True
ASN-3779,S. BUYS WHOLESALER,South Africa,2009-04-03,2009-04-03,1,True,0,True
ASN-3780,Orasure Technologies Inc.,Botswana,2009-04-17,2009-04-17,1,True,0,True
ASN-3808,"Trinity Biotech, Plc",Haiti,2009-04-24,2009-04-24,1,True,0,True
ASN-3851,CIPLA LIMITED,Rwanda,2009-04-20,2009-04-20,1,True,0,True
ASN-3852,CIPLA LIMITED,Rwanda,2009-04-21,2009-04-21,1,True,0,True
ASN-3853,MERCK SHARP & DOHME IDEA GMBH (FORMALLY MERCK SHARP & DOHME B.V.),Tanzania,2009-06-15,2009-06-15,3,True,0,True
ASN-3857,"Orgenics, Ltd",Mozambique,2009-05-26,2009-05-26,1,True,0,True
ASN-386,CIPLA LIMITED,Vietnam,2007-05-12,2007-05-12,1,True,0,True
ASN-387,Aurobindo Pharma Limited,Vietnam,2007-03-14,2007-05-16,1,True,63,False
ASN-3892,S. BUYS WHOLESALER,South Africa,2009-05-17,2009-05-17,1,True,0,True
ASN-3894,"Standard Diagnostics, Inc.",Kenya,2009-05-20,2009-05-20,1,True,0,True
ASN-3896,"Trinity Biotech, Plc",Guyana,2009-05-18,2009-05-18,1,True,0,True
ASN-3897,"Trinity Biotech, Plc",Namibia,2009-06-05,2009-06-05,1,True,0,True
ASN-3904,BRISTOL-MYERS SQUIBB,Uganda,2009-05-04,2009-05-04,1,True,0,True
ASN-3984,ABBVIE LOGISTICS (FORMERLY ABBOTT LOGISTICS BV),Nigeria,2009-05-20,2009-05-20,2,True,0,True
ASN-3985,BIO-RAD LABORATORIES (FRANCE),Côte d'Ivoire,2009-06-10,2009-06-09,1,True,-1,True
ASN-3987,"Orgenics, Ltd",Guyana,2009-06-05,2009-06-05,1,True,0,True
ASN-3988,"Orgenics, Ltd",Namibia,2009-05-15,2009-05-15,1,True,0,True
ASN-4,OMEGA DIAGNOSTICS LTD,Côte d'Ivoire,2006-05-10,2006-05-10,1,True,0,True
ASN-4005,Orasure Technologies Inc.,Haiti,2009-06-03,2009-06-03,1,True,0,True
ASN-4018,S. BUYS WHOLESALER,South Africa,2009-06-17,2009-04-03,2,True,-75,True
ASN-4046,BIO-RAD LABORATORIES (FRANCE),Côte d'Ivoire,2009-06-09,2009-06-09,1,True,0,True
ASN-4047,"Orgenics, Ltd",Namibia,2009-05-20,2009-05-20,1,True,0,True
ASN-4079,Aurobindo Pharma Limited,Namibia,2009-06-08,2009-06-08,1,True,0,True
ASN-4081,"Trinity Biotech, Plc",Namibia,2009-05-27,2009-05-27,1,True,0,True
ASN-4086,ABBVIE LOGISTICS (FORMERLY ABBOTT LOGISTICS BV),Côte d'Ivoire,2009-06-30,2009-06-30,1,True,0,True
ASN-409,BRISTOL-MYERS SQUIBB,Tanzania,2007-06-06,2007-06-06,1,True,0,True
ASN-4094,Aurobindo Pharma Limited,Vietnam,2009-06-08,2009-06-08,1,True,0,True
ASN-4095,BIO-RAD LABORATORIES (FRANCE),Côte d'Ivoire,2009-06-10,2009-06-17,1,True,7,False
ASN-4098,"Trinity Biotech, Plc",Kenya,2009-06-18,2009-06-18,1,True,0,True
ASN-4099,"Trinity Biotech, Plc",Kenya,2009-06-18,2009-06-18,1,True,0,True
ASN-4100,"Orgenics, Ltd",Nigeria,2009-06-24,2009-06-08,1,True,-16,True
ASN-4144,Orasure Technologies Inc.,Botswana,2009-06-12,2009-06-12,1,True,0,True
ASN-417,Abbott GmbH & Co. KG,Nigeria,2007-05-31,2007-05-31,1,True,0,True
ASN-4179,BRISTOL-MYERS SQUIBB,Vietnam,2009-06-22,2009-06-22,1,True,0,True
ASN-4180,S. BUYS WHOLESALER,South Africa,2009-04-14,2009-04-14,1,True,0,True
ASN-4184,"Trinity Biotech, Plc",Botswana,2009-06-19,2009-06-19,1,True,0,True
ASN-4185,"Trinity Biotech, Plc",Botswana,2009-07-10,2009-07-10,1,True,0,True
ASN-4186,"Orgenics, Ltd",Namibia,2009-06-15,2009-06-15,1,True,0,True
ASN-4196,S. BUYS WHOLESALER,South Africa,2009-06-25,2009-04-14,2,True,-72,True
ASN-4206,ABBVIE LOGISTICS (FORMERLY ABBOTT LOGISTICS BV),Nigeria,2009-07-14,2009-07-14,1,True,0,True
ASN-4215,"Orgenics, Ltd",Botswana,2009-07-10,2009-07-10,1,True,0,True
ASN-4216,"Orgenics, Ltd",Botswana,2009-07-07,2009-07-07,1,True,0,True
ASN-4223,Hoffmann-La Roche ltd Basel,Tanzania,2009-07-30,2009-07-30,1,True,0,True
ASN-4224,S. BUYS WHOLESALER,South Africa,2009-05-15,2009-05-15,3,True,0,True
ASN-4226,S. BUYS WHOLESALER,South Africa,2009-05-15,2009-05-15,1,True,0,True
ASN-4242,"Standard Diagnostics, Inc.",Côte d'Ivoire,2009-07-01,2009-07-01,1,True,0,True
ASN-4244,S. BUYS WHOLESALER,South Africa,2009-05-15,2009-04-17,2,True,-28,True
ASN-4280,S. BUYS WHOLESALER,South Africa,2009-07-31,2009-04-20,1,True,-102,True
ASN-4281,S. BUYS WHOLESALER,South Africa,2009-05-15,2009-04-20,1,True,-25,True
ASN-4284,S. BUYS WHOLESALER,South Africa,2009-04-21,2009-04-21,1,True,0,True
ASN-4285,S. BUYS WHOLESALER,South Africa,2009-05-15,2009-04-21,2,True,-24,True
ASN-4286,S. BUYS WHOLESALER,South Africa,2009-07-31,2009-05-04,1,True,-88,True
ASN-4287,S. BUYS WHOLESALER,South Africa,2009-05-15,2009-05-04,1,True,-11,True
ASN-4289,BIO-RAD LABORATORIES (FRANCE),Côte d'Ivoire,2009-06-10,2009-07-15,1,True,35,False
ASN-4291,"Orgenics, Ltd",Guyana,2009-07-01,2009-07-01,1,True,0,True
ASN-4294,"Orgenics, Ltd",Nigeria,2009-06-24,2009-06-24,1,True,0,True
ASN-43,Abbott GmbH & Co. KG,Zambia,2006-09-30,2006-09-30,1,True,0,True
ASN-4302,ABBVIE LOGISTICS (FORMERLY ABBOTT LOGISTICS BV),Vietnam,2009-07-17,2009-07-17,1,True,0,True
ASN-4303,CIPLA LIMITED,Vietnam,2009-07-11,2009-07-11,1,True,0,True
ASN-4304,S. BUYS WHOLESALER,South Africa,2009-06-25,2009-04-08,4,True,-78,True
ASN-4310,"Trinity Biotech, Plc",Namibia,2009-06-29,2009-06-29,1,True,0,True
ASN-4311,"Trinity Biotech, Plc",Namibia,2009-06-29,2009-06-29,1,True,0,True
ASN-4318,"Trinity Biotech, Plc",Guyana,2009-07-09,2009-07-09,1,True,0,True
ASN-4322,Orasure Technologies Inc.,Haiti,2009-07-06,2009-07-06,1,True,0,True
ASN-4323,Orasure Technologies Inc.,Botswana,2009-07-10,2009-07-10,1,True,0,True
ASN-4324,Orasure Technologies Inc.,Botswana,2009-06-12,2009-07-10,1,True,28,False
ASN-4326,"Orgenics, Ltd",Côte d'Ivoire,2009-07-14,2009-07-14,1,True,0,True
ASN-4332,S. BUYS WHOLESALER,South Africa,2009-05-15,2009-04-23,6,True,-22,True
ASN-4333,S. BUYS WHOLESALER,South Africa,2009-04-21,2009-04-17,1,True,-4,True
ASN-4339,S. BUYS WHOLESALER,South Africa,2009-06-25,2009-04-09,2,True,-77,True
ASN-4343,"Orgenics, Ltd",Kenya,2009-07-10,2009-07-10,1,True,0,True
ASN-4357,"Trinity Biotech, Plc",Zambia,2009-07-10,2009-07-10,1,True,0,True
ASN-4358,S. BUYS WHOLESALER,South Africa,2009-06-25,2009-04-29,1,True,-57,True
ASN-4359,S. BUYS WHOLESALER,South Africa,2009-06-25,2009-04-17,1,True,-69,True
ASN-4360,S. BUYS WHOLESALER,South Africa,2009-06-25,2009-04-20,1,True,-66,True
ASN-4361,S. BUYS WHOLESALER,South Africa,2009-06-25,2009-04-21,1,True,-65,True
ASN-4362,S. BUYS WHOLESALER,South Africa,2009-04-17,2009-04-17,1,True,0,True
ASN-4371,CIPLA LIMITED,Vietnam,2009-07-21,2009-07-21,1,True,0,True
ASN-4374,"Trinity Biotech, Plc",Haiti,2009-07-06,2009-07-06,1,True,0,True
ASN-4378,BRISTOL-MYERS SQUIBB,Uganda,2009-07-06,2009-07-06,1,True,0,True
ASN-4381,ABBVIE LOGISTICS (FORMERLY ABBOTT LOGISTICS BV),Tanzania,2009-08-11,2009-08-11,2,True,0,True
ASN-4385,S. BUYS WHOLESALER,South Africa,2009-06-25,2009-04-20,4,True,-66,True
ASN-4386,S. BUYS WHOLESALER,South Africa,2009-06-25,2009-04-21,6,True,-65,True
ASN-4387,S. BUYS WHOLESALER,South Africa,2009-06-25,2009-04-15,3,True,-71,True
ASN-4402,S. BUYS WHOLESALER,South Africa,2009-07-31,2009-04-21,2,True,-101,True
ASN-4403,MYLAN LABORATORIES LTD (FORMERLY MATRIX LABORATORIES),Vietnam,2009-08-03,2009-08-03,1,True,0,True
ASN-4412,"Orgenics, Ltd",Namibia,2009-07-29,2009-07-29,1,True,0,True
ASN-4416,"Orgenics, Ltd",Namibia,2009-07-27,2009-07-27,1,True,0,True
ASN-4419,Aurobindo Pharma Limited,Vietnam,2009-07-10,2009-07-10,3,True,0,True
ASN-4420,Aurobindo Pharma Limited,Vietnam,2009-07-10,2009-07-10,3,True,0,True
ASN-4423,ABBVIE LOGISTICS (FORMERLY ABBOTT LOGISTICS BV),Côte d'Ivoire,2009-07-22,2009-07-22,1,True,0,True
ASN-4437,"Orgenics, Ltd",Nigeria,2009-08-18,2009-08-18,1,True,0,True
ASN-4439,"Orgenics, Ltd",Zambia,2009-07-23,2009-07-23,1,True,0,True
ASN-4446,MYLAN LABORATORIES LTD (FORMERLY MATRIX LABORATORIES),Vietnam,2009-08-03,2009-08-03,1,True,0,True
ASN-4448,"Trinity Biotech, Plc",Rwanda,2009-08-14,2009-08-14,1,True,0,True
ASN-4457,ABBVIE LOGISTICS (FORMERLY ABBOTT LOGISTICS BV),Côte d'Ivoire,2009-08-24,2009-08-24,1,True,0,True
ASN-4460,MYLAN LABORATORIES LTD (FORMERLY MATRIX LABORATORIES),Rwanda,2009-09-14,2009-09-14,1,True,0,True
ASN-4462,MYLAN LABORATORIES LTD (FORMERLY MATRIX LABORATORIES),Rwanda,2009-07-20,2009-07-20,1,True,0,True
ASN-4487,BRISTOL-MYERS SQUIBB,Vietnam,2009-07-23,2009-07-23,2,True,0,True
ASN-4488,BRISTOL-MYERS SQUIBB,Vietnam,2009-07-28,2009-07-28,2,True,0,True
ASN-4489,BRISTOL-MYERS SQUIBB,Tanzania,2009-08-11,2009-08-11,2,True,0,True
ASN-4500,"Orgenics, Ltd",Kenya,2009-08-07,2009-08-07,1,True,0,True
ASN-4502,S. BUYS WHOLESALER,South Africa,2009-06-25,2009-06-05,1,True,-20,True
ASN-4503,HETERO LABS LIMITED,Rwanda,2009-07-25,2009-07-25,1,True,0,True
ASN-451,"CHEMBIO DIAGNOSTIC SYSTEMS, INC.",Nigeria,2007-06-19,2007-06-19,1,True,0,True
ASN-4511,CIPLA LIMITED,Namibia,2009-08-18,2009-08-18,2,True,0,True
ASN-4512,CIPLA LIMITED,Namibia,2009-08-05,2009-08-05,1,True,0,True
ASN-4514,S. BUYS WHOLESALER,South Africa,2009-06-08,2009-06-08,1,True,0,True
ASN-452,Orasure Technologies Inc.,Côte d'Ivoire,2007-06-28,2007-06-28,1,True,0,True
ASN-4533,MISSIONPHARMA A/S,Nigeria,2009-09-03,2009-09-03,1,True,0,True
ASN-4553,HETERO LABS LIMITED,Rwanda,2009-08-12,2009-08-12,1,True,0,True
ASN-4585,"Standard Diagnostics, Inc.",Côte d'Ivoire,2009-08-17,2009-08-17,1,True,0,True
ASN-4594,GLAXOSMITHKLINE EXPORT LIMITED,Côte d'Ivoire,2009-08-11,2009-08-11,1,True,0,True
ASN-4596,ABBVIE LOGISTICS (FORMERLY ABBOTT LOGISTICS BV),Nigeria,2009-09-03,2009-09-03,1,True,0,True
ASN-46,Orasure Technologies Inc.,Haiti,2006-11-09,2006-11-09,1,True,0,True
ASN-4600,ABBOTT LABORATORIES (PUERTO RICO),Guyana,2009-08-07,2009-08-07,1,True,0,True
ASN-4602,S. BUYS WHOLESALER,South Africa,2009-06-25,2009-04-16,2,True,-70,True
ASN-4603,S. BUYS WHOLESALER,South Africa,2009-06-25,2009-06-05,2,True,-20,True
ASN-4606,"PUETRO RICO PHARMACEUTICAL, INC.",Guyana,2009-08-17,2009-08-17,1,True,0,True
ASN-4609,S. BUYS WHOLESALER,South Africa,2009-06-17,2009-06-17,1,True,0,True
ASN-4610,S. BUYS WHOLESALER,South Africa,2009-06-25,2009-06-25,1,True,0,True
ASN-4612,S. BUYS WHOLESALER,South Africa,2009-07-31,2009-06-08,1,True,-53,True
ASN-4613,S. BUYS WHOLESALER,South Africa,2009-06-25,2009-06-17,1,True,-8,True
ASN-4614,S. BUYS WHOLESALER,South Africa,2009-06-25,2009-06-25,1,True,0,True
ASN-4634,S. BUYS WHOLESALER,South Africa,2009-06-25,2009-06-17,1,True,-8,True
ASN-4636,ABBVIE LOGISTICS (FORMERLY ABBOTT LOGISTICS BV),Tanzania,2009-09-09,2009-09-09,1,True,0,True
ASN-4647,"Orgenics, Ltd",Kenya,2009-07-10,2009-08-28,1,True,49,False
ASN-4648,"Orgenics, Ltd",Kenya,2009-08-07,2009-08-28,1,True,21,False
ASN-465,BRISTOL-MYERS SQUIBB,Zambia,2007-06-06,2007-06-06,1,True,0,True
ASN-4656,HETERO LABS LIMITED,Rwanda,2009-08-10,2009-08-10,1,True,0,True
ASN-4658,"Orgenics, Ltd",Namibia,2009-09-08,2009-09-08,1,True,0,True
ASN-4659,"Orgenics, Ltd",Namibia,2009-09-01,2009-09-01,1,True,0,True
ASN-4660,"Orgenics, Ltd",Namibia,2009-09-01,2009-09-01,1,True,0,True
ASN-4663,"Orgenics, Ltd",Namibia,2009-09-01,2009-09-01,1,True,0,True
ASN-4668,S. BUYS WHOLESALER,South Africa,2009-06-17,2009-04-03,1,True,-75,True
ASN-4670,S. BUYS WHOLESALER,South Africa,2009-06-17,2009-04-17,1,True,-61,True
ASN-4672,"Trinity Biotech, Plc",Mozambique,2009-09-08,2009-09-08,1,True,0,True
ASN-4687,MYLAN LABORATORIES LTD (FORMERLY MATRIX LABORATORIES),Rwanda,2009-09-21,2009-09-21,1,True,0,True
ASN-4696,Hoffmann-La Roche ltd Basel,Tanzania,2009-09-25,2009-09-25,1,True,0,True
ASN-4709,BRISTOL-MYERS SQUIBB,Vietnam,2009-08-19,2009-08-19,1,True,0,True
ASN-4710,BRISTOL-MYERS SQUIBB,Vietnam,2009-08-24,2009-08-24,1,True,0,True
ASN-4720,"CHEMBIO DIAGNOSTIC SYSTEMS, INC.",Côte d'Ivoire,2009-09-11,2009-09-11,1,True,0,True
ASN-4729,"Standard Diagnostics, Inc.",Zimbabwe,2009-09-01,2009-09-01,1,True,0,True
ASN-4747,BRISTOL-MYERS SQUIBB,Nigeria,2009-09-30,2009-09-30,1,True,0,True
ASN-4752,"Orgenics, Ltd",Kenya,2009-10-13,2009-10-13,1,True,0,True
ASN-4753,"Orgenics, Ltd",Zimbabwe,2009-09-07,2009-09-07,1,True,0,True
ASN-4754,"Orgenics, Ltd",Namibia,2009-08-25,2009-08-25,1,True,0,True
ASN-4769,"Trinity Biotech, Plc",Namibia,2009-08-31,2009-08-31,1,True,0,True
ASN-4770,"Trinity Biotech, Plc",Kenya,2009-09-11,2009-09-11,1,True,0,True
ASN-4772,S. BUYS WHOLESALER,South Africa,2009-05-15,2009-07-17,1,True,63,False
ASN-4783,"Orgenics, Ltd",Côte d'Ivoire,2009-09-15,2009-09-15,1,True,0,True
ASN-4787,Orasure Technologies Inc.,Haiti,2009-09-16,2009-09-16,1,True,0,True
ASN-4789,MERCK SHARP & DOHME IDEA GMBH (FORMALLY MERCK SHARP & DOHME B.V.),Côte d'Ivoire,2009-09-30,2009-09-30,1,True,0,True
ASN-4791,BIO-RAD LABORATORIES (FRANCE),Côte d'Ivoire,2009-09-15,2009-09-15,1,True,0,True
ASN-4799,"Trinity Biotech, Plc",Haiti,2009-08-31,2009-08-31,1,True,0,True
ASN-4801,ABBVIE LOGISTICS (FORMERLY ABBOTT LOGISTICS BV),Vietnam,2009-09-29,2009-09-29,1,True,0,True
ASN-4802,ABBVIE LOGISTICS (FORMERLY ABBOTT LOGISTICS BV),Vietnam,2009-10-01,2009-10-01,1,True,0,True
ASN-4803,ABBVIE LOGISTICS (FORMERLY ABBOTT LOGISTICS BV),Vietnam,2009-09-15,2009-09-15,1,True,0,True
ASN-4812,ABBVIE LOGISTICS (FORMERLY ABBOTT LOGISTICS BV),Côte d'Ivoire,2009-09-15,2009-09-15,1,True,0,True
ASN-4815,S. BUYS WHOLESALER,South Africa,2009-07-21,2009-07-21,1,True,0,True
ASN-4819,S. BUYS WHOLESALER,South Africa,2009-10-12,2009-07-21,6,True,-83,True
ASN-4820,S. BUYS WHOLESALER,South Africa,2009-07-21,2009-07-21,1,True,0,True
ASN-4821,S. BUYS WHOLESALER,South Africa,2009-07-28,2009-07-28,1,True,0,True
ASN-4822,S. BUYS WHOLESALER,South Africa,2009-07-28,2009-08-05,1,True,8,False
ASN-4828,ABBVIE LOGISTICS (FORMERLY ABBOTT LOGISTICS BV),Vietnam,2009-09-11,2009-09-11,1,True,0,True
ASN-4829,ABBVIE LOGISTICS (FORMERLY ABBOTT LOGISTICS BV),Nigeria,2009-10-16,2009-10-16,1,True,0,True
ASN-4836,S. BUYS WHOLESALER,South Africa,2009-10-12,2009-07-28,5,True,-76,True
ASN-4837,S. BUYS WHOLESALER,South Africa,2009-10-12,2009-08-03,3,True,-70,True
ASN-4838,S. BUYS WHOLESALER,South Africa,2009-10-12,2009-08-05,1,True,-68,True
ASN-485,Abbott GmbH & Co. KG,Nigeria,2007-06-19,2007-06-19,1,True,0,True
ASN-4850,BIO-RAD LABORATORIES PTY LTD. (SOUTH AFRICA),Nigeria,2009-09-23,2009-09-23,1,True,0,True
ASN-4860,HETERO LABS LIMITED,Rwanda,2009-09-08,2009-09-08,1,True,0,True
ASN-4871,MYLAN LABORATORIES LTD (FORMERLY MATRIX LABORATORIES),Vietnam,2009-09-28,2009-09-28,2,True,0,True
ASN-4872,MYLAN LABORATORIES LTD (FORMERLY MATRIX LABORATORIES),Vietnam,2009-09-30,2009-09-30,2,True,0,True
ASN-4896,Orasure Technologies Inc.,Botswana,2009-11-13,2009-11-13,1,True,0,True
ASN-49,"GILEAD SCIENCES IRELAND, INC.",Vietnam,2006-09-01,2006-09-01,1,True,0,True
ASN-4927,"Trinity Biotech, Plc",Mozambique,2009-09-24,2009-09-24,1,True,0,True
ASN-4928,"Trinity Biotech, Plc",Guyana,2009-09-24,2009-09-24,1,True,0,True
ASN-4929,"Trinity Biotech, Plc",Mozambique,2009-09-29,2009-09-29,1,True,0,True
ASN-4939,S. BUYS WHOLESALER,South Africa,2009-09-03,2009-09-03,1,True,0,True
ASN-4940,S. BUYS WHOLESALER,South Africa,2009-09-08,2009-08-31,1,True,-8,True
ASN-4959,MISSIONPHARMA A/S,Nigeria,2009-10-27,2009-10-27,1,True,0,True
ASN-4974,BRISTOL-MYERS SQUIBB,Tanzania,2009-10-21,2009-10-21,2,True,0,True
ASN-4976,"Orgenics, Ltd",Rwanda,2009-10-27,2009-10-27,1,True,0,True
ASN-4977,"Trinity Biotech, Plc",Tanzania,2009-11-17,2009-11-17,1,True,0,True
ASN-4979,ABBVIE LOGISTICS (FORMERLY ABBOTT LOGISTICS BV),Côte d'Ivoire,2009-10-08,2009-10-08,2,True,0,True
ASN-4980,ABBVIE LOGISTICS (FORMERLY ABBOTT LOGISTICS BV),Côte d'Ivoire,2009-10-16,2009-10-16,1,True,0,True
ASN-4981,"Trinity Biotech, Plc",Kenya,2009-10-13,2009-10-13,1,True,0,True
ASN-4983,ABBVIE LOGISTICS (FORMERLY ABBOTT LOGISTICS BV),Haiti,2009-10-06,2009-10-06,1,True,0,True
ASN-4991,"Orgenics, Ltd",Guyana,2009-10-16,2009-10-16,1,True,0,True
ASN-4995,Orasure Technologies Inc.,Haiti,2009-10-07,2009-10-07,1,True,0,True
ASN-5,BIO-RAD LABORATORIES (FRANCE),Côte d'Ivoire,2006-06-27,2006-06-27,1,True,0,True
ASN-50,SUN PHARMACEUTICAL INDUSTRIES LTD (RANBAXY LABORATORIES LIMITED),Vietnam,2006-09-01,2006-09-01,1,True,0,True
ASN-5002,"Standard Diagnostics, Inc.",Kenya,2009-10-23,2009-10-23,1,True,0,True
ASN-5003,S. BUYS WHOLESALER,South Africa,2009-08-11,2009-08-11,1,True,0,True
ASN-5004,S. BUYS WHOLESALER,South Africa,2009-08-11,2009-08-12,1,True,1,False
ASN-5006,S. BUYS WHOLESALER,South Africa,2009-09-03,2009-09-03,2,True,0,True
ASN-5007,S. BUYS WHOLESALER,South Africa,2009-09-15,2009-09-15,1,True,0,True
ASN-5008,MYLAN LABORATORIES LTD (FORMERLY MATRIX LABORATORIES),Vietnam,2009-10-26,2009-10-26,1,True,0,True
ASN-5048,S. BUYS WHOLESALER,South Africa,2009-08-12,2009-08-12,1,True,0,True
ASN-5049,S. BUYS WHOLESALER,South Africa,2009-08-12,2009-08-12,1,True,0,True
ASN-5050,S. BUYS WHOLESALER,South Africa,2009-08-12,2009-08-14,1,True,2,False
ASN-5051,S. BUYS WHOLESALER,South Africa,2009-08-27,2009-08-27,1,True,0,True
ASN-5052,S. BUYS WHOLESALER,South Africa,2009-08-11,2009-08-11,1,True,0,True
ASN-5053,S. BUYS WHOLESALER,South Africa,2009-08-05,2009-08-05,1,True,0,True
ASN-5055,S. BUYS WHOLESALER,South Africa,2009-08-19,2009-08-19,1,True,0,True
ASN-5056,S. BUYS WHOLESALER,South Africa,2009-08-24,2009-08-24,6,True,0,True
ASN-5057,S. BUYS WHOLESALER,South Africa,2009-08-31,2009-08-31,1,True,0,True
ASN-5059,CIPLA LIMITED,Vietnam,2009-10-27,2009-10-27,1,True,0,True
ASN-5060,ABBVIE LOGISTICS (FORMERLY ABBOTT LOGISTICS BV),Côte d'Ivoire,2009-10-23,2009-10-23,1,True,0,True
ASN-5061,ABBVIE LOGISTICS (FORMERLY ABBOTT LOGISTICS BV),Côte d'Ivoire,2009-10-23,2009-10-23,1,True,0,True
ASN-5062,ABBVIE LOGISTICS (FORMERLY ABBOTT LOGISTICS BV),Uganda,2009-10-20,2009-10-20,1,True,0,True
ASN-5064,ABBVIE LOGISTICS (FORMERLY ABBOTT LOGISTICS BV),Uganda,2009-10-20,2009-10-20,1,True,0,True
ASN-5076,"Standard Diagnostics, Inc.",Tanzania,2009-12-15,2009-12-15,1,True,0,True
ASN-5095,ABBVIE LOGISTICS (FORMERLY ABBOTT LOGISTICS BV),Tanzania,2009-11-17,2009-11-17,1,True,0,True
ASN-51,SUN PHARMACEUTICAL INDUSTRIES LTD (RANBAXY LABORATORIES LIMITED),Vietnam,2006-09-01,2006-09-01,1,True,0,True
ASN-5101,EMCURE PHARMACEUTICALS LTD,Uganda,2009-11-11,2009-11-11,1,True,0,True
ASN-5103,"Orgenics, Ltd",Mozambique,2009-12-01,2009-12-01,1,True,0,True
ASN-5104,"Orgenics, Ltd",Nigeria,2009-11-16,2009-11-16,1,True,0,True
ASN-5131,Aurobindo Pharma Limited,Vietnam,2009-10-26,2009-10-26,4,True,0,True
ASN-5132,Aurobindo Pharma Limited,Vietnam,2009-10-23,2009-10-23,3,True,0,True
ASN-5133,S. BUYS WHOLESALER,South Africa,2009-09-10,2009-09-10,1,True,0,True
ASN-5136,S. BUYS WHOLESALER,South Africa,2009-08-05,2009-08-05,4,True,0,True
ASN-5143,"Orgenics, Ltd",Kenya,2009-11-06,2009-11-06,1,True,0,True
ASN-5157,S. BUYS WHOLESALER,South Africa,2009-08-12,2009-08-12,2,True,0,True
ASN-5159,S. BUYS WHOLESALER,South Africa,2009-08-07,2009-08-07,1,True,0,True
ASN-5160,ASPEN PHARMACARE,Uganda,2009-10-26,2009-10-26,1,True,0,True
ASN-5182,Aurobindo Pharma Limited,Rwanda,2009-10-19,2009-10-19,1,True,0,True
ASN-5183,ABBVIE LOGISTICS (FORMERLY ABBOTT LOGISTICS BV),Vietnam,2009-11-03,2009-11-03,1,True,0,True
ASN-5184,Aurobindo Pharma Limited,Côte d'Ivoire,2009-10-30,2009-10-30,1,True,0,True
ASN-5204,"Trinity Biotech, Plc",Namibia,2009-10-27,2009-10-27,1,True,0,True
ASN-522,"CHEMBIO DIAGNOSTIC SYSTEMS, INC.",Nigeria,2007-07-04,2007-07-04,1,True,0,True
ASN-5221,"Orgenics, Ltd",Zambia,2009-11-11,2009-10-29,1,True,-13,True
ASN-5222,"Standard Diagnostics, Inc.",Tanzania,2009-12-24,2009-12-24,1,True,0,True
ASN-5225,"Orgenics, Ltd",Nigeria,2009-11-16,2009-11-16,1,True,0,True
ASN-5242,S. BUYS WHOLESALER,South Africa,2009-09-11,2009-09-11,1,True,0,True
ASN-5244,S. BUYS WHOLESALER,South Africa,2009-11-19,2009-11-19,2,True,0,True
ASN-5246,Orasure Technologies Inc.,Botswana,2009-11-23,2009-11-23,1,True,0,True
ASN-5257,GLAXOSMITHKLINE EXPORT LIMITED,Mozambique,2009-10-29,2009-10-29,1,True,0,True
ASN-5258,ABBVIE LOGISTICS (FORMERLY ABBOTT LOGISTICS BV),Côte d'Ivoire,2009-11-06,2009-11-06,1,True,0,True
ASN-5279,Aurobindo Pharma Limited,Côte d'Ivoire,2009-11-10,2009-11-10,1,True,0,True
ASN-528,Abbott GmbH & Co. KG,Nigeria,2007-06-19,2007-08-06,1,True,48,False
ASN-5281,MERCK SHARP & DOHME IDEA GMBH (FORMALLY MERCK SHARP & DOHME B.V.),Uganda,2009-11-17,2009-11-17,1,True,0,True
ASN-53,ABBVIE LOGISTICS (FORMERLY ABBOTT LOGISTICS BV),Vietnam,2006-09-15,2006-09-15,1,True,0,True
ASN-5308,"Trinity Biotech, Plc",Namibia,2009-11-11,2009-11-11,1,True,0,True
ASN-5310,Hoffmann-La Roche ltd Basel,Mozambique,2009-11-11,2009-11-11,1,True,0,True
ASN-5318,ABBVIE LOGISTICS (FORMERLY ABBOTT LOGISTICS BV),Uganda,2009-11-04,2009-11-04,1,True,0,True
ASN-5340,S. BUYS WHOLESALER,South Africa,2009-10-07,2009-10-07,1,True,0,True
ASN-5341,S. BUYS WHOLESALER,South Africa,2009-10-07,2009-10-07,1,True,0,True
ASN-5348,S. BUYS WHOLESALER,South Africa,2009-10-21,2009-10-21,1,True,0,True
ASN-5349,S. BUYS WHOLESALER,South Africa,2009-10-19,2009-10-19,1,True,0,True
ASN-5363,"Orgenics, Ltd",Namibia,2009-11-12,2009-11-12,1,True,0,True
ASN-5364,BRISTOL-MYERS SQUIBB,Tanzania,2009-11-27,2009-11-27,2,True,0,True
ASN-5365,"Orgenics, Ltd",Zambia,2009-11-11,2009-11-11,1,True,0,True
ASN-5369,S. BUYS WHOLESALER,South Africa,2009-10-12,2009-10-12,1,True,0,True
ASN-5370,S. BUYS WHOLESALER,South Africa,2009-10-12,2009-10-08,1,True,-4,True
ASN-5372,S. BUYS WHOLESALER,South Africa,2009-10-21,2009-10-21,4,True,0,True
ASN-5373,S. BUYS WHOLESALER,South Africa,2009-10-19,2009-10-19,10,True,0,True
ASN-54,CIPLA LIMITED,Vietnam,2006-09-04,2006-09-04,1,True,0,True
ASN-5402,"Orgenics, Ltd",Tanzania,2010-01-18,2010-01-18,1,True,0,True
ASN-5409,Aurobindo Pharma Limited,Rwanda,2009-11-19,2009-11-19,1,True,0,True
ASN-542,CIPLA LIMITED,Vietnam,2007-07-09,2007-07-09,1,True,0,True
ASN-5420,S. BUYS WHOLESALER,South Africa,2009-06-25,2009-10-30,1,True,127,False
ASN-5424,S. BUYS WHOLESALER,South Africa,2009-10-08,2009-10-08,2,True,0,True
ASN-544,"CHEMBIO DIAGNOSTIC SYSTEMS, INC.",Nigeria,2007-07-10,2007-07-10,1,True,0,True
ASN-5441,S. BUYS WHOLESALER,South Africa,2009-09-30,2009-09-30,1,True,0,True
ASN-5443,S. BUYS WHOLESALER,South Africa,2009-09-14,2009-09-14,1,True,0,True
ASN-5444,S. BUYS WHOLESALER,South Africa,2009-09-14,2009-10-09,1,True,25,False
ASN-5445,Aurobindo Pharma Limited,Vietnam,2009-11-27,2009-11-27,1,True,0,True
ASN-5446,S. BUYS WHOLESALER,South Africa,,2009-09-30,2,False,,
ASN-5447,S. BUYS WHOLESALER,South Africa,2009-10-08,2009-10-08,1,True,0,True
ASN-5448,Aurobindo Pharma Limited,Vietnam,2009-12-03,2009-12-03,1,True,0,True
ASN-5449,S. BUYS WHOLESALER,South Africa,2009-10-08,2009-10-08,1,True,0,True
ASN-5450,S. BUYS WHOLESALER,South Africa,2009-10-27,2009-10-27,1,True,0,True
ASN-5451,S. BUYS WHOLESALER,South Africa,2009-10-29,2009-10-29,2,True,0,True
ASN-5452,HETERO LABS LIMITED,Rwanda,2009-11-23,2009-11-23,1,True,0,True
ASN-5453,S. BUYS WHOLESALER,South Africa,2009-10-28,2009-10-28,1,True,0,True
ASN-5454,S. BUYS WHOLESALER,South Africa,2009-10-27,2009-10-27,2,True,0,True
ASN-5455,HETERO LABS LIMITED,Rwanda,2009-11-23,2009-11-23,1,True,0,True
ASN-5458,S. BUYS WHOLESALER,South Africa,,2009-10-27,2,False,,
ASN-5459,S. BUYS WHOLESALER,South Africa,2009-10-29,2009-10-29,1,True,0,True
ASN-5460,S. BUYS WHOLESALER,South Africa,2009-10-29,2009-10-29,2,True,0,True
ASN-5461,S. BUYS WHOLESALER,South Africa,2009-10-28,2009-10-28,1,True,0,True
ASN-5472,S. BUYS WHOLESALER,South Africa,2009-10-08,2009-10-14,1,True,6,False
ASN-5473,S. BUYS WHOLESALER,South Africa,2009-10-27,2009-10-27,1,True,0,True
ASN-5474,Hoffmann-La Roche ltd Basel,Mozambique,2009-11-23,2009-11-23,1,True,0,True
ASN-5475,S. BUYS WHOLESALER,South Africa,2009-10-27,2009-10-27,1,True,0,True
ASN-5487,MERCK SHARP & DOHME IDEA GMBH (FORMALLY MERCK SHARP & DOHME B.V.),Haiti,2009-11-30,2009-11-30,1,True,0,True
ASN-5488,BRISTOL-MYERS SQUIBB,Côte d'Ivoire,2009-11-25,2009-11-25,1,True,0,True
ASN-5491,Orasure Technologies Inc.,Botswana,2009-11-30,2009-11-30,1,True,0,True
ASN-5497,S. BUYS WHOLESALER,South Africa,2009-10-30,2009-10-30,1,True,0,True
ASN-5498,S. BUYS WHOLESALER,South Africa,2009-10-30,2009-10-30,2,True,0,True
ASN-55,Aurobindo Pharma Limited,Vietnam,2006-08-11,2006-08-11,3,True,0,True
ASN-5501,"Standard Diagnostics, Inc.",Zimbabwe,2010-01-04,2010-01-04,1,True,0,True
ASN-5524,Hoffmann-La Roche ltd Basel,Nigeria,2009-12-15,2009-12-15,1,True,0,True
ASN-5525,GLAXOSMITHKLINE EXPORT LIMITED,Mozambique,2009-12-04,2009-12-04,2,True,0,True
ASN-5536,Hoffmann-La Roche ltd Basel,Uganda,2009-12-03,2009-12-03,1,True,0,True
ASN-5539,ABBVIE LOGISTICS (FORMERLY ABBOTT LOGISTICS BV),Vietnam,2009-12-11,2009-12-11,1,True,0,True
ASN-5572,ABBVIE LOGISTICS (FORMERLY ABBOTT LOGISTICS BV),Haiti,2009-12-21,2009-12-21,1,True,0,True
ASN-5580,MERCK SHARP & DOHME IDEA GMBH (FORMALLY MERCK SHARP & DOHME B.V.),Côte d'Ivoire,2009-12-18,2009-12-18,1,True,0,True
ASN-5582,MERCK SHARP & DOHME IDEA GMBH (FORMALLY MERCK SHARP & DOHME B.V.),Côte d'Ivoire,2009-12-18,2009-12-18,1,True,0,True
ASN-5587,Aurobindo Pharma Limited,Haiti,2009-12-17,2009-12-17,1,True,0,True
ASN-5589,HETERO LABS LIMITED,Rwanda,2009-12-15,2009-12-15,1,True,0,True
ASN-5591,"Standard Diagnostics, Inc.",Tanzania,2009-12-24,2009-12-24,1,True,0,True
ASN-5592,"Standard Diagnostics, Inc.",Tanzania,2009-12-24,2009-12-24,1,True,0,True
ASN-5595,"Standard Diagnostics, Inc.",Kenya,2010-01-07,2010-01-07,1,True,0,True
ASN-56,Aurobindo Pharma Limited,Vietnam,2006-10-03,2006-10-03,1,True,0,True
ASN-5606,Orasure Technologies Inc.,Botswana,2010-02-05,2010-02-05,1,True,0,True
ASN-5607,ABBVIE LOGISTICS (FORMERLY ABBOTT LOGISTICS BV),Uganda,2009-12-19,2009-12-19,1,True,0,True
ASN-5618,"Orgenics, Ltd",Zimbabwe,2010-01-08,2010-01-08,1,True,0,True
ASN-5619,"Orgenics, Ltd",Côte d'Ivoire,2010-01-21,2010-01-21,1,True,0,True
ASN-5620,"Orgenics, Ltd",Côte d'Ivoire,2010-01-21,2010-01-21,1,True,0,True
ASN-5621,"Orgenics, Ltd",Tanzania,2009-12-11,2009-12-11,1,True,0,True
ASN-5630,BRISTOL-MYERS SQUIBB,Haiti,2009-12-21,2009-12-21,1,True,0,True
ASN-5633,IDA FOUNDATION,Nigeria,2010-01-06,2010-01-06,1,True,0,True
ASN-5639,"Trinity Biotech, Plc",Kenya,2010-01-11,2010-01-11,1,True,0,True
ASN-5651,MERCK SHARP & DOHME IDEA GMBH (FORMALLY MERCK SHARP & DOHME B.V.),Côte d'Ivoire,2010-01-06,2010-01-06,1,True,0,True
ASN-5652,GLAXOSMITHKLINE EXPORT LIMITED,Côte d'Ivoire,2010-01-06,2010-01-06,1,True,0,True
ASN-5660,"Orgenics, Ltd",Kenya,2010-01-18,2010-01-18,1,True,0,True
ASN-5661,"Orgenics, Ltd",Kenya,2010-01-18,2010-01-18,1,True,0,True
ASN-5662,"Orgenics, Ltd",Kenya,2010-01-18,2010-01-18,1,True,0,True
ASN-5683,CIPLA LIMITED,Vietnam,2010-01-07,2010-01-07,1,True,0,True
ASN-5689,"Standard Diagnostics, Inc.",Kenya,2010-01-07,2010-01-07,1,True,0,True
ASN-57,Aurobindo Pharma Limited,Nigeria,2006-09-28,2006-09-28,4,True,0,True
ASN-5721,Aurobindo Pharma Limited,Ethiopia,2009-12-24,2009-12-24,1,True,0,True
ASN-5725,Orasure Technologies Inc.,Botswana,2010-02-05,2010-02-05,1,True,0,True
ASN-5732,ASPEN PHARMACARE,Uganda,2010-01-19,2010-01-19,1,True,0,True
ASN-5739,CIPLA LIMITED,Vietnam,2010-01-19,2010-01-19,1,True,0,True
ASN-5740,HETERO LABS LIMITED,Rwanda,2010-01-04,2010-01-04,1,True,0,True
ASN-5746,ABBVIE LOGISTICS (FORMERLY ABBOTT LOGISTICS BV),Haiti,2010-03-03,2010-03-03,1,True,0,True
ASN-5747,MYLAN LABORATORIES LTD (FORMERLY MATRIX LABORATORIES),Ethiopia,2009-12-30,2009-12-30,1,True,0,True
ASN-575,"Trinity Biotech, Plc",Guyana,2007-08-07,2007-08-07,1,True,0,True
ASN-5752,MERCK SHARP & DOHME IDEA GMBH (FORMALLY MERCK SHARP & DOHME B.V.),Haiti,2010-01-27,2010-01-27,1,True,0,True
ASN-5781,BRISTOL-MYERS SQUIBB,Côte d'Ivoire,2010-01-15,2010-01-15,1,True,0,True
ASN-5791,"Standard Diagnostics, Inc.",Tanzania,2010-02-10,2010-02-10,1,True,0,True
ASN-5799,Aurobindo Pharma Limited,Rwanda,2010-01-27,2010-01-27,1,True,0,True
ASN-5800,Aurobindo Pharma Limited,Rwanda,2010-01-27,2010-01-27,1,True,0,True
ASN-5819,BIO-RAD LABORATORIES (FRANCE),Côte d'Ivoire,2010-01-26,2010-01-26,1,True,0,True
ASN-582,Abbott GmbH & Co. KG,Nigeria,2007-08-06,2007-08-06,1,True,0,True
ASN-5820,BRISTOL-MYERS SQUIBB,Haiti,2010-02-24,2010-02-24,2,True,0,True
ASN-5827,MYLAN LABORATORIES LTD (FORMERLY MATRIX LABORATORIES),Rwanda,2010-02-03,2010-02-03,1,True,0,True
ASN-5830,"Orgenics, Ltd",Botswana,2010-03-03,2010-03-03,1,True,0,True
ASN-5831,"Orgenics, Ltd",Rwanda,2010-02-16,2010-02-16,1,True,0,True
ASN-5840,Aurobindo Pharma Limited,Rwanda,2010-01-27,2010-01-27,1,True,0,True
ASN-5841,STRIDES ARCOLAB LIMITED,Vietnam,2010-01-25,2010-01-25,1,True,0,True
ASN-5842,STRIDES ARCOLAB LIMITED,Vietnam,2010-01-27,2010-01-27,1,True,0,True
ASN-5843,STRIDES ARCOLAB LIMITED,Ethiopia,2010-01-22,2010-01-22,1,True,0,True
ASN-5853,"Orgenics, Ltd",Zambia,2010-01-28,2010-01-28,2,True,0,True
ASN-5854,"Orgenics, Ltd",Zambia,2010-01-28,2010-01-28,1,True,0,True
ASN-5855,"Orgenics, Ltd",Zambia,2010-01-28,2010-01-27,1,True,-1,True
ASN-5857,"Trinity Biotech, Plc",Zambia,2010-02-03,2010-02-03,1,True,0,True
ASN-5862,S. BUYS WHOLESALER,South Africa,2009-12-08,2009-12-08,1,True,0,True
ASN-5864,MYLAN LABORATORIES LTD (FORMERLY MATRIX LABORATORIES),Côte d'Ivoire,2010-02-05,2010-02-05,1,True,0,True
ASN-5866,S. BUYS WHOLESALER,South Africa,2009-12-08,2009-12-08,1,True,0,True
ASN-587,"CHEMBIO DIAGNOSTIC SYSTEMS, INC.",Nigeria,2007-07-10,2007-08-03,1,True,24,False
ASN-5877,"Orgenics, Ltd",Kenya,2010-02-16,2010-02-16,1,True,0,True
ASN-5878,"Orgenics, Ltd",Kenya,2010-02-16,2010-02-19,1,True,3,False
ASN-588,"CHEMBIO DIAGNOSTIC SYSTEMS, INC.",Guyana,2007-08-08,2007-08-08,1,True,0,True
ASN-5880,Aurobindo Pharma Limited,Rwanda,2010-01-27,2010-01-27,1,True,0,True
ASN-5898,"Orgenics, Ltd",Kenya,2010-02-16,2010-02-19,1,True,3,False
ASN-5899,"Orgenics, Ltd",Kenya,2010-02-16,2010-02-19,1,True,3,False
ASN-59,"Trinity Biotech, Plc",Haiti,2006-10-09,2006-10-09,1,True,0,True
ASN-5900,"Orgenics, Ltd",Kenya,2010-02-16,2010-02-19,1,True,3,False
ASN-5901,"Orgenics, Ltd",Kenya,2010-02-16,2010-02-19,1,True,3,False
ASN-5907,S. BUYS WHOLESALER,South Africa,2009-12-29,2009-12-29,3,True,0,True
ASN-5909,"CHEMBIO DIAGNOSTIC SYSTEMS, INC.",Ethiopia,2010-01-29,2010-01-29,1,True,0,True
ASN-5931,S. BUYS WHOLESALER,South Africa,2010-01-12,2010-01-12,1,True,0,True
ASN-5933,S. BUYS WHOLESALER,South Africa,2009-12-29,2009-12-29,10,True,0,True
ASN-5934,S. BUYS WHOLESALER,South Africa,2009-12-28,2009-12-28,5,True,0,True
ASN-5935,EMCURE PHARMACEUTICALS LTD,Uganda,2010-02-02,2010-02-02,1,True,0,True
ASN-5946,ABBVIE LOGISTICS (FORMERLY ABBOTT LOGISTICS BV),Vietnam,2010-03-11,2010-03-11,1,True,0,True
ASN-5947,MERCK SHARP & DOHME IDEA GMBH (FORMALLY MERCK SHARP & DOHME B.V.),Uganda,2010-02-18,2010-02-18,1,True,0,True
ASN-5951,"Trinity Biotech, Plc",Botswana,2010-03-03,2010-03-03,1,True,0,True
ASN-5952,"Trinity Biotech, Plc",Namibia,2010-02-12,2010-02-12,1,True,0,True
ASN-5953,"Trinity Biotech, Plc",Mozambique,2010-02-23,2010-02-23,2,True,0,True
ASN-5992,ABBVIE LOGISTICS (FORMERLY ABBOTT LOGISTICS BV),Côte d'Ivoire,2010-02-08,2010-02-08,1,True,0,True
ASN-6,"Standard Diagnostics, Inc.",Côte d'Ivoire,2006-05-02,2006-05-02,1,True,0,True
ASN-6004,STRIDES ARCOLAB LIMITED,Ethiopia,2010-02-09,2010-02-09,1,True,0,True
ASN-6012,Orasure Technologies Inc.,Botswana,2010-03-01,2010-03-01,1,True,0,True
ASN-6026,"Orgenics, Ltd",Namibia,2010-02-18,2010-02-18,1,True,0,True
ASN-6027,"Orgenics, Ltd",Côte d'Ivoire,2010-02-19,2010-02-19,1,True,0,True
ASN-6032,Orasure Technologies Inc.,Botswana,2010-03-01,2010-03-01,1,True,0,True
ASN-6033,"Trinity Biotech, Plc",Botswana,2010-03-04,2010-03-04,1,True,0,True
ASN-6034,"SHANGHAI KEHUA BIOENGINEERING CO.,LTD.  (KHB)",Ethiopia,2010-02-11,2010-02-11,1,True,0,True
ASN-6042,MYLAN LABORATORIES LTD (FORMERLY MATRIX LABORATORIES),Ethiopia,2010-02-15,2010-02-15,1,True,0,True
ASN-606,"Orgenics, Ltd",Haiti,2007-08-13,2007-08-07,1,True,-6,True
ASN-6060,MYLAN LABORATORIES LTD (FORMERLY MATRIX LABORATORIES),Vietnam,2010-03-10,2010-03-10,1,True,0,True
ASN-6062,MYLAN LABORATORIES LTD (FORMERLY MATRIX LABORATORIES),Vietnam,2010-03-13,2010-03-13,1,True,0,True
ASN-6064,Orasure Technologies Inc.,Haiti,2010-03-02,2010-03-02,1,True,0,True
ASN-607,"Orgenics, Ltd",Guyana,2007-08-09,2007-08-09,1,True,0,True
ASN-6076,ABBVIE LOGISTICS (FORMERLY ABBOTT LOGISTICS BV),Vietnam,2010-03-22,2010-03-22,1,True,0,True
ASN-608,ACCOUN NIGERIA LIMITED,Nigeria,2007-05-07,2007-05-07,1,True,0,True
ASN-6084,"CHEMBIO DIAGNOSTIC SYSTEMS, INC.",Côte d'Ivoire,2010-03-02,2010-03-02,1,True,0,True
ASN-6085,"CHEMBIO DIAGNOSTIC SYSTEMS, INC.",Guyana,2010-03-04,2010-03-04,1,True,0,True
ASN-6095,"Trinity Biotech, Plc",Guyana,2010-03-04,2010-03-04,1,True,0,True
ASN-61,Aurobindo Pharma Limited,Côte d'Ivoire,2006-09-06,2006-09-06,2,True,0,True
ASN-6101,Aurobindo Pharma Limited,Côte d'Ivoire,2010-03-05,2010-03-05,1,True,0,True
ASN-6113,S. BUYS WHOLESALER,South Africa,2010-01-27,2010-01-27,1,True,0,True
ASN-6121,"Trinity Biotech, Plc",Botswana,2010-06-04,2010-06-04,1,True,0,True
ASN-6124,S. BUYS WHOLESALER,South Africa,2010-01-27,2010-01-27,1,True,0,True
ASN-6130,ABBVIE LOGISTICS (FORMERLY ABBOTT LOGISTICS BV),Rwanda,2010-03-03,2010-03-03,1,True,0,True
ASN-6143,"Orgenics, Ltd",Guinea,2010-03-23,2010-03-23,1,True,0,True
ASN-6150,MERCK SHARP & DOHME IDEA GMBH (FORMALLY MERCK SHARP & DOHME B.V.),Uganda,2010-03-04,2010-03-04,1,True,0,True
ASN-6151,EMCURE PHARMACEUTICALS LTD,Uganda,2010-03-09,2010-03-09,1,True,0,True
ASN-6153,ABBVIE LOGISTICS (FORMERLY ABBOTT LOGISTICS BV),Uganda,2010-03-10,2010-03-10,1,True,0,True
ASN-6154,ABBVIE LOGISTICS (FORMERLY ABBOTT LOGISTICS BV),Uganda,2010-03-10,2010-03-10,1,True,0,True
ASN-616,Orasure Technologies Inc.,Haiti,2007-08-25,2007-08-25,1,True,0,True
ASN-6167,Hoffmann-La Roche ltd Basel,Rwanda,2010-03-03,2010-03-03,1,True,0,True
ASN-6169,ABBVIE LOGISTICS (FORMERLY ABBOTT LOGISTICS BV),Côte d'Ivoire,2010-03-05,2010-03-05,1,True,0,True
ASN-6175,"Trinity Biotech, Plc",Zambia,2010-03-16,2010-03-16,1,True,0,True
ASN-6178,"Orgenics, Ltd",Mozambique,2010-03-17,2010-03-17,1,True,0,True
ASN-6188,ABBVIE LOGISTICS (FORMERLY ABBOTT LOGISTICS BV),Vietnam,2010-03-15,2010-03-15,1,True,0,True
ASN-6189,ABBVIE LOGISTICS (FORMERLY ABBOTT LOGISTICS BV),Vietnam,2010-03-22,2010-03-22,1,True,0,True
ASN-6190,CIPLA LIMITED,Vietnam,2010-03-15,2010-03-15,1,True,0,True
ASN-6191,CIPLA LIMITED,Vietnam,2010-03-13,2010-03-13,1,True,0,True
ASN-620,"Orgenics, Ltd",Guyana,2007-08-09,2007-08-21,1,True,12,False
ASN-6207,"JSI R&T INSTITUTE, INC.",South Africa,2010-02-15,2010-02-15,1,True,0,True
ASN-6208,Aurobindo Pharma Limited,Vietnam,2010-03-26,2010-03-26,1,True,0,True
ASN-6209,Aurobindo Pharma Limited,Vietnam,2010-03-30,2010-03-30,1,True,0,True
ASN-6210,Aurobindo Pharma Limited,Ethiopia,2010-03-04,2010-03-04,1,True,0,True
ASN-622,Abbott GmbH & Co. KG,Nigeria,2007-09-07,2007-09-07,1,True,0,True
ASN-6229,Hoffmann-La Roche ltd Basel,Côte d'Ivoire,2010-03-05,2010-03-05,1,True,0,True
ASN-624,CIPLA LIMITED,Vietnam,2007-08-24,2007-08-24,1,True,0,True
ASN-6250,MYLAN LABORATORIES LTD (FORMERLY MATRIX LABORATORIES),Vietnam,2010-03-20,2010-03-20,2,True,0,True
ASN-6251,MYLAN LABORATORIES LTD (FORMERLY MATRIX LABORATORIES),Vietnam,2010-03-22,2010-03-22,1,True,0,True
ASN-6252,MYLAN LABORATORIES LTD (FORMERLY MATRIX LABORATORIES),Vietnam,2010-03-22,2010-03-22,2,True,0,True
ASN-6253,MYLAN LABORATORIES LTD (FORMERLY MATRIX LABORATORIES),Vietnam,2010-03-20,2010-03-20,1,True,0,True
ASN-6261,Aurobindo Pharma Limited,Vietnam,2010-03-23,2010-03-23,1,True,0,True
ASN-6264,Aurobindo Pharma Limited,Vietnam,2010-03-17,2010-03-17,3,True,0,True
ASN-6265,Aurobindo Pharma Limited,Vietnam,2010-03-15,2010-03-15,1,True,0,True
ASN-6266,Aurobindo Pharma Limited,Vietnam,2010-03-19,2010-03-19,4,True,0,True
ASN-6267,MYLAN LABORATORIES LTD (FORMERLY MATRIX LABORATORIES),Rwanda,2010-04-16,2010-04-16,1,True,0,True
ASN-6268,Aurobindo Pharma Limited,Vietnam,2010-03-15,2010-03-15,1,True,0,True
ASN-6269,Aurobindo Pharma Limited,Vietnam,2010-03-30,2010-03-30,1,True,0,True
ASN-6271,ABBVIE LOGISTICS (FORMERLY ABBOTT LOGISTICS BV),Nigeria,2010-03-15,2010-03-15,1,True,0,True
ASN-628,"Orgenics, Ltd",Haiti,2007-08-13,2007-08-21,1,True,8,False
ASN-6289,"Orgenics, Ltd",Zambia,2010-03-18,2010-03-18,1,True,0,True
ASN-6290,"Orgenics, Ltd",Zambia,2010-03-18,2010-03-18,1,True,0,True
ASN-6291,"Orgenics, Ltd",Zambia,2010-03-18,2010-03-18,1,True,0,True
ASN-6292,"Orgenics, Ltd",Zambia,2010-03-18,2010-03-18,1,True,0,True
ASN-6296,"Orgenics, Ltd",Botswana,2010-04-14,2010-04-14,1,True,0,True
ASN-631,ABBVIE LOGISTICS (FORMERLY ABBOTT LOGISTICS BV),Vietnam,2007-08-27,2007-08-27,1,True,0,True
ASN-632,ABBVIE LOGISTICS (FORMERLY ABBOTT LOGISTICS BV),Vietnam,2007-08-27,2007-08-27,1,True,0,True
ASN-633,ABBVIE LOGISTICS (FORMERLY ABBOTT LOGISTICS BV),Vietnam,2007-09-10,2007-09-10,1,True,0,True
ASN-634,ABBVIE LOGISTICS (FORMERLY ABBOTT LOGISTICS BV),Vietnam,2007-09-10,2007-09-10,1,True,0,True
ASN-6341,MYLAN LABORATORIES LTD (FORMERLY MATRIX LABORATORIES),Vietnam,2010-04-01,2010-04-01,5,True,0,True
ASN-6355,MYLAN LABORATORIES LTD (FORMERLY MATRIX LABORATORIES),Vietnam,2010-03-29,2010-03-29,5,True,0,True
ASN-6356,"Trinity Biotech, Plc",Tanzania,2010-05-24,2010-05-24,1,True,0,True
ASN-6357,"Trinity Biotech, Plc",Zambia,2010-03-29,2010-03-29,1,True,0,True
ASN-6358,"Trinity Biotech, Plc",Namibia,2010-04-29,2010-04-29,1,True,0,True
ASN-6369,ABBVIE LOGISTICS (FORMERLY ABBOTT LOGISTICS BV),Uganda,2010-03-24,2010-03-24,1,True,0,True
ASN-6373,"Orgenics, Ltd",Guyana,2010-04-05,2010-04-05,1,True,0,True
ASN-639,ABBVIE LOGISTICS (FORMERLY ABBOTT LOGISTICS BV),Vietnam,2007-09-10,2007-09-10,1,True,0,True
ASN-6395,INTERNATIONAL HEALTHCARE DISTRIBUTORS,Mozambique,2010-03-19,2010-03-19,1,True,0,True
ASN-640,BRISTOL-MYERS SQUIBB,Côte d'Ivoire,2007-08-24,2007-08-24,1,True,0,True
ASN-6401,"Orgenics, Ltd",Namibia,2010-04-20,2010-04-20,1,True,0,True
ASN-6418,Aurobindo Pharma Limited,Haiti,2010-04-08,2010-04-08,1,True,0,True
ASN-644,Orasure Technologies Inc.,Botswana,2007-08-31,2007-08-31,1,True,0,True
ASN-6443,MERCK SHARP & DOHME IDEA GMBH (FORMALLY MERCK SHARP & DOHME B.V.),Côte d'Ivoire,2010-04-16,2010-04-16,1,True,0,True
ASN-6453,MERCK SHARP & DOHME IDEA GMBH (FORMALLY MERCK SHARP & DOHME B.V.),Côte d'Ivoire,2010-04-16,2010-04-16,1,True,0,True
ASN-6469,BRISTOL-MYERS SQUIBB,Vietnam,2010-04-08,2010-04-08,1,True,0,True
ASN-6489,Aurobindo Pharma Limited,Rwanda,2010-04-15,2010-04-15,2,True,0,True
ASN-649,"Standard Diagnostics, Inc.",Tanzania,2007-09-19,2007-09-19,1,True,0,True
ASN-6490,CIPLA LIMITED,Guyana,2010-04-09,2010-04-09,1,True,0,True
ASN-6504,ABBVIE LOGISTICS (FORMERLY ABBOTT LOGISTICS BV),Côte d'Ivoire,2010-04-07,2010-04-07,1,True,0,True
ASN-652,BRISTOL-MYERS SQUIBB,Côte d'Ivoire,2007-08-27,2007-08-27,1,True,0,True
ASN-6538,EMCURE PHARMACEUTICALS LTD,Rwanda,2010-04-29,2010-04-29,1,True,0,True
ASN-6559,MERCK SHARP & DOHME IDEA GMBH (FORMALLY MERCK SHARP & DOHME B.V.),Côte d'Ivoire,2010-04-27,2010-04-27,1,True,0,True
ASN-6563,Orasure Technologies Inc.,Botswana,2010-04-20,2010-04-20,1,True,0,True
ASN-6569,HETERO LABS LIMITED,Rwanda,2010-04-09,2010-04-09,1,True,0,True
ASN-658,"Orgenics, Ltd",Namibia,2007-08-29,2007-08-29,1,True,0,True
ASN-6585,"Trinity Biotech, Plc",Sudan,2010-05-07,2010-05-07,1,True,0,True
ASN-6597,MYLAN LABORATORIES LTD (FORMERLY MATRIX LABORATORIES),Vietnam,2010-05-20,2010-05-20,1,True,0,True
ASN-6598,MYLAN LABORATORIES LTD (FORMERLY MATRIX LABORATORIES),Vietnam,2010-05-17,2010-05-17,1,True,0,True
ASN-6612,"Orgenics, Ltd",Zambia,2010-05-03,2010-05-03,1,True,0,True
ASN-6614,"Orgenics, Ltd",Zambia,2010-05-03,2010-04-23,1,True,-10,True
ASN-6615,"Orgenics, Ltd",Zambia,2010-05-03,2010-04-26,1,True,-7,True
ASN-6619,"Orgenics, Ltd",Nigeria,2010-05-05,2010-05-05,1,True,0,True
ASN-6620,"Orgenics, Ltd",Nigeria,2010-05-05,2010-05-15,1,True,10,False
ASN-6621,ASPEN PHARMACARE,Uganda,2010-04-21,2010-04-21,1,True,0,True
ASN-664,"Orgenics, Ltd",Haiti,2007-08-13,2007-08-13,1,True,0,True
ASN-6657,"Standard Diagnostics, Inc.",Sudan,2010-05-07,2010-05-07,1,True,0,True
ASN-6658,"Orgenics, Ltd",Sudan,2010-05-18,2010-05-18,1,True,0,True
ASN-6667,Aurobindo Pharma Limited,Rwanda,2010-04-13,2010-04-13,1,True,0,True
ASN-6669,MYLAN LABORATORIES LTD (FORMERLY MATRIX LABORATORIES),Côte d'Ivoire,2010-05-12,2010-05-12,1,True,0,True
ASN-6670,Aurobindo Pharma Limited,Uganda,2010-04-28,2010-04-28,1,True,0,True
ASN-6679,Hoffmann-La Roche ltd Basel,Nigeria,2010-05-21,2010-05-21,1,True,0,True
ASN-6680,Hoffmann-La Roche ltd Basel,Nigeria,2010-05-21,2010-05-21,1,True,0,True
ASN-6686,Aurobindo Pharma Limited,Vietnam,2010-05-20,2010-05-20,1,True,0,True
ASN-6687,Aurobindo Pharma Limited,Vietnam,2010-05-18,2010-05-18,1,True,0,True
ASN-6688,INTERNATIONAL HEALTHCARE DISTRIBUTORS,Mozambique,2010-04-20,2010-04-20,1,True,0,True
ASN-6710,INTERNATIONAL HEALTHCARE DISTRIBUTORS,Mozambique,2010-04-22,2010-04-22,1,True,0,True
ASN-6712,Hoffmann-La Roche ltd Basel,Nigeria,2010-06-21,2010-06-21,1,True,0,True
ASN-6720,ABBVIE LOGISTICS (FORMERLY ABBOTT LOGISTICS BV),Tanzania,2010-06-11,2010-06-11,1,True,0,True
ASN-6721,ABBVIE LOGISTICS (FORMERLY ABBOTT LOGISTICS BV),Tanzania,2010-06-11,2010-06-04,1,True,-7,True
ASN-6723,ABBVIE LOGISTICS (FORMERLY ABBOTT LOGISTICS BV),Nigeria,2010-05-17,2010-05-17,1,True,0,True
ASN-6724,S. BUYS WHOLESALER,South Africa,2010-04-01,2010-04-01,5,True,0,True
ASN-6725,Aurobindo Pharma Limited,Rwanda,2010-04-26,2010-04-26,1,True,0,True
ASN-6734,TURE PHARMACEUTICALS & MEDICAL SUPPLIES P.L.C.,Ethiopia,2010-03-25,2010-03-25,1,True,0,True
ASN-6736,ABBVIE LOGISTICS (FORMERLY ABBOTT LOGISTICS BV),Uganda,2010-05-04,2010-05-04,1,True,0,True
ASN-6747,Hoffmann-La Roche ltd Basel,Rwanda,2010-04-30,2010-04-30,1,True,0,True
ASN-6750,CIPLA LIMITED,South Africa,2010-06-11,2010-06-11,1,True,0,True
ASN-6752,"Orgenics, Ltd",Zimbabwe,2010-05-20,2010-05-20,1,True,0,True
ASN-6753,"Orgenics, Ltd",Zimbabwe,2010-05-20,2010-05-31,1,True,11,False
ASN-6754,"Orgenics, Ltd",Zimbabwe,2010-05-20,2010-05-20,1,True,0,True
ASN-6755,"Orgenics, Ltd",Zimbabwe,2010-05-18,2010-05-18,1,True,0,True
ASN-6763,Aurobindo Pharma Limited,Rwanda,2010-04-29,2010-04-29,1,True,0,True
ASN-6764,Aurobindo Pharma Limited,Côte d'Ivoire,2010-05-26,2010-05-26,1,True,0,True
ASN-6775,BRISTOL-MYERS SQUIBB,Côte d'Ivoire,2010-05-07,2010-05-07,1,True,0,True
ASN-6788,ABBVIE LOGISTICS (FORMERLY ABBOTT LOGISTICS BV),Uganda,2010-05-12,2010-05-12,1,True,0,True
ASN-68,Abbott GmbH & Co. KG,Zambia,2006-10-31,2006-10-31,1,True,0,True
ASN-682,"Standard Diagnostics, Inc.",Tanzania,2007-10-25,2007-10-25,1,True,0,True
ASN-6840,MYLAN LABORATORIES LTD (FORMERLY MATRIX LABORATORIES),Rwanda,2010-06-01,2010-06-01,1,True,0,True
ASN-6862,"Trinity Biotech, Plc",Sudan,2010-05-28,2010-05-28,1,True,0,True
ASN-6866,"CHEMBIO DIAGNOSTIC SYSTEMS, INC.",Guyana,2010-05-28,2010-05-28,1,True,0,True
ASN-688,INTERNATIONAL HEALTHCARE DISTRIBUTORS,Mozambique,2007-09-06,2007-09-06,1,True,0,True
ASN-6883,Aurobindo Pharma Limited,South Africa,2010-06-01,2010-06-01,1,True,0,True
ASN-6886,Aurobindo Pharma Limited,South Africa,2010-06-01,2010-06-04,1,True,3,False
ASN-6888,EMCURE PHARMACEUTICALS LTD,Rwanda,2010-05-29,2010-05-29,1,True,0,True
ASN-6890,EMCURE PHARMACEUTICALS LTD,Rwanda,2010-05-29,2010-05-29,1,True,0,True
ASN-69,Abbott GmbH & Co. KG,Côte d'Ivoire,2006-11-14,2006-11-14,1,True,0,True
ASN-6911,STRIDES ARCOLAB LIMITED,South Africa,2010-07-07,2010-07-07,1,True,0,True
ASN-6929,Aurobindo Pharma Limited,Ethiopia,2010-05-21,2010-05-21,1,True,0,True
ASN-6930,Aurobindo Pharma Limited,Ethiopia,2010-05-21,2010-05-21,1,True,0,True
ASN-6932,Aurobindo Pharma Limited,South Africa,2010-06-01,2010-06-04,1,True,3,False
ASN-6933,Aurobindo Pharma Limited,South Africa,2010-06-01,2010-06-08,1,True,7,False
ASN-6934,ABBVIE LOGISTICS (FORMERLY ABBOTT LOGISTICS BV),Guyana,2010-06-12,2010-06-12,1,True,0,True
ASN-6937,Aurobindo Pharma Limited,South Africa,2010-06-01,2010-06-01,1,True,0,True
ASN-6942,CIPLA LIMITED,Guyana,2010-05-31,2010-05-31,1,True,0,True
ASN-6952,"Orgenics, Ltd",Botswana,2010-06-15,2010-06-15,1,True,0,True
ASN-6953,"Orgenics, Ltd",Namibia,2010-06-15,2010-06-15,1,True,0,True
ASN-6978,"Orgenics, Ltd",Nigeria,2010-05-05,2010-06-18,1,True,44,False
ASN-6979,"Orgenics, Ltd",Nigeria,2010-05-05,2010-06-16,1,True,42,False
ASN-698,"Standard Diagnostics, Inc.",Tanzania,2007-10-16,2007-10-16,1,True,0,True
ASN-7,Orasure Technologies Inc.,Côte d'Ivoire,2006-07-14,2006-07-14,1,True,0,True
ASN-70,Abbott GmbH & Co. KG,Côte d'Ivoire,2006-10-27,2006-10-27,1,True,0,True
ASN-7020,ABBVIE LOGISTICS (FORMERLY ABBOTT LOGISTICS BV),Vietnam,2010-06-22,2010-06-22,1,True,0,True
ASN-7021,Aurobindo Pharma Limited,South Africa,2010-06-08,2010-06-08,1,True,0,True
ASN-7022,Aurobindo Pharma Limited,South Africa,2010-06-08,2010-06-08,1,True,0,True
ASN-7024,ABBVIE LOGISTICS (FORMERLY ABBOTT LOGISTICS BV),Haiti,2010-06-29,2010-06-29,1,True,0,True
ASN-7025,ABBVIE LOGISTICS (FORMERLY ABBOTT LOGISTICS BV),Haiti,2010-06-18,2010-06-18,1,True,0,True
ASN-704,BRISTOL-MYERS SQUIBB,Côte d'Ivoire,2007-09-21,2007-09-21,1,True,0,True
ASN-7050,Aurobindo Pharma Limited,South Africa,2010-06-09,2010-06-09,1,True,0,True
ASN-707,ACCOUN NIGERIA LIMITED,Nigeria,2007-09-07,2007-05-07,1,True,-123,True
ASN-7077,Aurobindo Pharma Limited,South Africa,2010-06-09,2010-06-09,1,True,0,True
ASN-7078,Aurobindo Pharma Limited,South Africa,2010-06-09,2010-06-09,1,True,0,True
ASN-7079,Aurobindo Pharma Limited,South Africa,2010-06-09,2010-06-11,1,True,2,False
ASN-7080,Aurobindo Pharma Limited,South Africa,2010-06-09,2010-07-07,1,True,28,False
ASN-7083,Aurobindo Pharma Limited,South Africa,2010-06-09,2010-06-10,1,True,1,False
ASN-7086,AUROBINDO PHARAM (SOUTH AFRICA),South Africa,2010-04-29,2010-04-29,1,True,0,True
ASN-7094,HETERO LABS LIMITED,Rwanda,2010-06-13,2010-06-13,1,True,0,True
ASN-7095,HETERO LABS LIMITED,Rwanda,2010-06-13,2010-06-13,1,True,0,True
ASN-7096,HETERO LABS LIMITED,Rwanda,2010-06-13,2010-06-13,1,True,0,True
ASN-710,"Standard Diagnostics, Inc.",Tanzania,2007-10-16,2007-10-16,1,True,0,True
ASN-7101,Aurobindo Pharma Limited,South Africa,2010-06-11,2010-06-11,1,True,0,True
ASN-7102,Aurobindo Pharma Limited,South Africa,2010-06-11,2010-06-11,1,True,0,True
ASN-7103,Aurobindo Pharma Limited,South Africa,2010-06-11,2010-06-11,1,True,0,True
ASN-7106,S. BUYS WHOLESALER,South Africa,2010-05-12,2010-05-12,1,True,0,True
ASN-7107,BRISTOL-MYERS SQUIBB,Côte d'Ivoire,2010-06-10,2010-06-10,1,True,0,True
ASN-7108,BRISTOL-MYERS SQUIBB,Côte d'Ivoire,2010-06-11,2010-06-11,1,True,0,True
ASN-7110,STRIDES ARCOLAB LIMITED,South Africa,2010-07-27,2010-07-27,1,True,0,True
ASN-7111,S. BUYS WHOLESALER,South Africa,2010-05-12,2010-05-12,5,True,0,True
ASN-7116,S. BUYS WHOLESALER,South Africa,2010-05-14,2010-05-14,1,True,0,True
ASN-7130,Aurobindo Pharma Limited,South Africa,2010-06-11,2010-06-11,1,True,0,True
ASN-7131,EMCURE PHARMACEUTICALS LTD,Tanzania,2010-08-02,2010-08-02,1,True,0,True
ASN-7168,Orasure Technologies Inc.,Botswana,2010-06-30,2010-06-30,1,True,0,True
ASN-7170,ABBVIE LOGISTICS (FORMERLY ABBOTT LOGISTICS BV),Vietnam,2010-06-21,2010-06-21,1,True,0,True
ASN-7171,STRIDES ARCOLAB LIMITED,Vietnam,2010-06-22,2010-06-22,1,True,0,True
ASN-7181,Aurobindo Pharma Limited,South Africa,2010-06-09,2010-06-10,1,True,1,False
ASN-719,BRISTOL-MYERS SQUIBB,Rwanda,2007-09-14,2007-09-14,1,True,0,True
ASN-7191,STRIDES ARCOLAB LIMITED,South Africa,2010-07-27,2010-07-27,1,True,0,True
ASN-7198,"Orgenics, Ltd",Kenya,2010-07-07,2010-07-07,1,True,0,True
ASN-7199,"Orgenics, Ltd",Kenya,2010-07-07,2010-07-07,1,True,0,True
ASN-7200,"Orgenics, Ltd",Kenya,2010-07-07,2010-07-08,1,True,1,False
ASN-7201,"Orgenics, Ltd",Mozambique,2010-08-04,2010-08-04,1,True,0,True
ASN-7209,"Trinity Biotech, Plc",Botswana,2010-09-13,2010-09-13,1,True,0,True
ASN-7210,"Trinity Biotech, Plc",Botswana,2010-09-13,2010-09-13,1,True,0,True
ASN-7211,"Trinity Biotech, Plc",Namibia,2010-06-30,2010-06-30,1,True,0,True
ASN-7216,MYLAN LABORATORIES LTD (FORMERLY MATRIX LABORATORIES),Rwanda,2010-06-25,2010-06-25,1,True,0,True
ASN-7217,STRIDES ARCOLAB LIMITED,South Africa,2010-07-15,2010-07-15,1,True,0,True
ASN-7220,CIPLA LIMITED,Vietnam,2010-07-01,2010-07-01,1,True,0,True
ASN-7236,CIPLA LIMITED,Vietnam,2010-07-06,2010-07-06,1,True,0,True
ASN-7237,MYLAN LABORATORIES LTD (FORMERLY MATRIX LABORATORIES),Vietnam,2010-07-02,2010-07-02,2,True,0,True
ASN-7249,HETERO LABS LIMITED,Rwanda,2010-07-01,2010-07-01,1,True,0,True
ASN-7251,ABBVIE LOGISTICS (FORMERLY ABBOTT LOGISTICS BV),Tanzania,2010-07-28,2010-07-28,1,True,0,True
ASN-7260,STRIDES ARCOLAB LIMITED,Vietnam,2010-07-01,2010-07-01,1,True,0,True
ASN-7262,Aurobindo Pharma Limited,Vietnam,2010-07-06,2010-07-06,2,True,0,True
ASN-727,BRISTOL-MYERS SQUIBB,Côte d'Ivoire,2007-10-02,2007-10-02,3,True,0,True
ASN-7284,MYLAN LABORATORIES LTD (FORMERLY MATRIX LABORATORIES),Vietnam,2010-07-21,2010-07-21,1,True,0,True
ASN-7285,MERCK SHARP & DOHME IDEA GMBH (FORMALLY MERCK SHARP & DOHME B.V.),Côte d'Ivoire,2010-06-28,2010-06-28,1,True,0,True
ASN-7300,Aurobindo Pharma Limited,Vietnam,2010-07-29,2010-07-29,1,True,0,True
ASN-7301,Aurobindo Pharma Limited,Vietnam,2010-07-16,2010-07-16,1,True,0,True
ASN-7316,Aurobindo Pharma Limited,South Africa,2010-06-24,2010-06-24,1,True,0,True
ASN-7317,Aurobindo Pharma Limited,South Africa,2010-06-24,2010-06-24,1,True,0,True
ASN-7322,MERCK SHARP & DOHME IDEA GMBH (FORMALLY MERCK SHARP & DOHME B.V.),Haiti,2010-06-29,2010-06-29,1,True,0,True
ASN-7323,BRISTOL-MYERS SQUIBB,Côte d'Ivoire,2010-07-06,2010-07-06,1,True,0,True
ASN-7337,ABBVIE LOGISTICS (FORMERLY ABBOTT LOGISTICS BV),Vietnam,2010-08-02,2010-08-02,1,True,0,True
ASN-7341,INTERNATIONAL HEALTHCARE DISTRIBUTORS,Mozambique,2010-06-23,2010-06-23,1,True,0,True
ASN-7342,INTERNATIONAL HEALTHCARE DISTRIBUTORS,Mozambique,2010-06-23,2010-06-23,1,True,0,True
ASN-7345,S. BUYS WHOLESALER,South Africa,2010-06-04,2010-06-04,1,True,0,True
ASN-737,Aurobindo Pharma Limited,Vietnam,2007-10-02,2007-10-02,3,True,0,True
ASN-7373,S. BUYS WHOLESALER,South Africa,2010-05-31,2010-05-31,16,True,0,True
ASN-7374,S. BUYS WHOLESALER,South Africa,2010-06-04,2010-06-04,1,True,0,True
ASN-7378,"Trinity Biotech, Plc",Guyana,2010-07-27,2010-07-27,1,True,0,True
ASN-7387,INTERNATIONAL HEALTHCARE DISTRIBUTORS,Zambia,2010-07-08,2010-07-08,1,True,0,True
ASN-7396,MYLAN LABORATORIES LTD (FORMERLY MATRIX LABORATORIES),Rwanda,2010-06-30,2010-06-30,1,True,0,True
ASN-7405,MYLAN LABORATORIES LTD (FORMERLY MATRIX LABORATORIES),Vietnam,2010-07-22,2010-07-22,1,True,0,True
ASN-7408,Aurobindo Pharma Limited,South Africa,2010-07-14,2010-07-14,1,True,0,True
ASN-7411,ABBVIE LOGISTICS (FORMERLY ABBOTT LOGISTICS BV),Vietnam,2010-07-16,2010-07-16,1,True,0,True
ASN-7427,S. BUYS WHOLESALER,South Africa,2010-06-11,2010-06-11,1,True,0,True
ASN-7428,S. BUYS WHOLESALER,South Africa,2010-06-11,2010-06-11,2,True,0,True
ASN-7430,CIPLA LIMITED,South Africa,2010-07-19,2010-07-19,1,True,0,True
ASN-7431,CIPLA LIMITED,South Africa,2010-07-19,2010-07-19,1,True,0,True
ASN-7438,Aurobindo Pharma Limited,South Africa,2010-07-14,2010-08-24,1,True,41,False
ASN-7439,Aurobindo Pharma Limited,South Africa,2010-08-24,2010-08-24,1,True,0,True
ASN-744,Aurobindo Pharma Limited,Vietnam,2007-10-02,2007-10-02,3,True,0,True
ASN-7440,Aurobindo Pharma Limited,South Africa,2010-08-24,2010-08-24,1,True,0,True
ASN-7441,Aurobindo Pharma Limited,Tanzania,2010-08-07,2010-08-07,1,True,0,True
ASN-7442,Aurobindo Pharma Limited,Tanzania,2010-08-07,2010-08-07,1,True,0,True
ASN-7443,Aurobindo Pharma Limited,Tanzania,2010-08-07,2010-08-07,1,True,0,True
ASN-7444,Aurobindo Pharma Limited,Tanzania,2010-08-07,2010-08-09,1,True,2,False
ASN-745,"CHEMBIO DIAGNOSTIC SYSTEMS, INC.",Nigeria,2007-10-03,2007-10-03,1,True,0,True
ASN-7454,"Orgenics, Ltd",Haiti,2010-09-13,2010-09-13,1,True,0,True
ASN-746,Orasure Technologies Inc.,Zimbabwe,2007-10-09,2007-10-09,1,True,0,True
ASN-7468,Aurobindo Pharma Limited,South Africa,2010-08-24,2010-08-04,1,True,-20,True
ASN-7469,Aurobindo Pharma Limited,South Africa,2010-08-24,2010-08-24,1,True,0,True
ASN-7470,Aurobindo Pharma Limited,South Africa,2010-08-24,2010-08-24,1,True,0,True
ASN-7476,Aurobindo Pharma Limited,Rwanda,2010-07-13,2010-07-13,1,True,0,True
ASN-7478,ABBVIE LOGISTICS (FORMERLY ABBOTT LOGISTICS BV),Uganda,2010-07-19,2010-07-19,1,True,0,True
ASN-7485,STRIDES ARCOLAB LIMITED,Vietnam,2010-08-03,2010-08-03,2,True,0,True
ASN-7486,STRIDES ARCOLAB LIMITED,Vietnam,2010-08-03,2010-08-03,1,True,0,True
ASN-7487,STRIDES ARCOLAB LIMITED,Vietnam,2010-08-03,2010-08-03,2,True,0,True
ASN-7488,STRIDES ARCOLAB LIMITED,Vietnam,2010-08-03,2010-08-03,1,True,0,True
ASN-7489,"Orgenics, Ltd",Kenya,2010-07-29,2010-07-29,1,True,0,True
ASN-7490,"Orgenics, Ltd",Kenya,2010-07-29,2010-07-29,1,True,0,True
ASN-7491,"Orgenics, Ltd",Kenya,2010-07-29,2010-07-30,1,True,1,False
ASN-7496,REINBOLD EXPORT IMPORT,Haiti,2010-06-28,2010-06-28,1,True,0,True
ASN-75,REINBOLD EXPORT IMPORT,Haiti,2006-09-15,2006-09-15,1,True,0,True
ASN-7506,Aurobindo Pharma Limited,South Africa,2010-08-24,2010-08-24,1,True,0,True
ASN-7507,Aurobindo Pharma Limited,South Africa,2010-08-24,2010-08-24,1,True,0,True
ASN-7510,MYLAN LABORATORIES LTD (FORMERLY MATRIX LABORATORIES),Vietnam,2010-08-09,2010-08-09,2,True,0,True
ASN-7512,"Orgenics, Ltd",Guyana,2010-08-09,2010-08-09,1,True,0,True
ASN-7525,Aurobindo Pharma Limited,South Africa,2010-08-24,2010-08-24,1,True,0,True
ASN-7526,Aurobindo Pharma Limited,South Africa,2010-08-24,2010-08-24,1,True,0,True
ASN-7529,MYLAN LABORATORIES LTD (FORMERLY MATRIX LABORATORIES),Tanzania,2010-09-21,2010-09-21,1,True,0,True
ASN-7537,CIPLA LIMITED,South Africa,2010-07-19,2010-07-29,1,True,10,False
ASN-7538,CIPLA LIMITED,South Africa,2010-07-19,2010-07-29,1,True,10,False
ASN-7561,"Trinity Biotech, Plc",Nigeria,2010-07-22,2010-07-22,1,True,0,True
ASN-7571,ABBVIE LOGISTICS (FORMERLY ABBOTT LOGISTICS BV),Vietnam,2010-07-31,2010-07-31,1,True,0,True
ASN-7572,ABBVIE LOGISTICS (FORMERLY ABBOTT LOGISTICS BV),Vietnam,2010-07-31,2010-07-31,1,True,0,True
ASN-7581,Aurobindo Pharma Limited,Vietnam,2010-08-13,2010-08-13,2,True,0,True
ASN-7593,CIPLA LIMITED,South Africa,2010-07-19,2010-10-13,1,True,86,False
ASN-7597,Aurobindo Pharma Limited,South Africa,2010-09-07,2010-09-07,1,True,0,True
ASN-76,PLURIPHARM S.A.,Haiti,2006-09-15,2006-09-15,1,True,0,True
ASN-763,"Orgenics, Ltd",Guyana,2007-09-21,2007-10-08,1,True,17,False
ASN-7630,"Standard Diagnostics, Inc.",Côte d'Ivoire,2010-08-17,2010-08-17,1,True,0,True
ASN-7631,"Standard Diagnostics, Inc.",Côte d'Ivoire,2010-08-27,2010-08-27,1,True,0,True
ASN-7632,"Orgenics, Ltd",Côte d'Ivoire,2010-08-03,2010-08-03,1,True,0,True
ASN-7633,"CHEMBIO DIAGNOSTIC SYSTEMS, INC.",Côte d'Ivoire,2010-08-03,2010-08-03,1,True,0,True
ASN-766,"CHEMBIO DIAGNOSTIC SYSTEMS, INC.",Guyana,2007-10-05,2007-10-05,1,True,0,True
ASN-7661,Aurobindo Pharma Limited,Vietnam,2010-08-13,2010-08-13,2,True,0,True
ASN-7662,Aurobindo Pharma Limited,South Africa,2010-08-24,2010-09-20,1,True,27,False
ASN-7663,Aurobindo Pharma Limited,South Africa,2010-08-24,2010-09-20,1,True,27,False
ASN-7664,Aurobindo Pharma Limited,South Africa,2010-08-24,2010-08-11,1,True,-13,True
ASN-7665,MYLAN LABORATORIES LTD (FORMERLY MATRIX LABORATORIES),Vietnam,2010-08-13,2010-08-13,1,True,0,True
ASN-7668,Aurobindo Pharma Limited,Rwanda,2010-08-04,2010-08-04,1,True,0,True
ASN-7683,BRISTOL-MYERS SQUIBB,Haiti,2010-08-05,2010-08-05,1,True,0,True
ASN-7687,Aurobindo Pharma Limited,South Africa,2010-08-24,2010-09-20,1,True,27,False
ASN-7688,Aurobindo Pharma Limited,South Africa,2010-08-24,2010-09-20,1,True,27,False
ASN-7693,"Trinity Biotech, Plc",Botswana,2010-08-25,2010-08-25,1,True,0,True
ASN-7725,CIPLA LIMITED,South Africa,2010-09-01,2010-09-01,1,True,0,True
ASN-7730,MYLAN LABORATORIES LTD (FORMERLY MATRIX LABORATORIES),Vietnam,2010-11-03,2010-11-03,1,True,0,True
ASN-7740,Aurobindo Pharma Limited,Vietnam,2010-08-23,2010-08-23,1,True,0,True
ASN-7741,Aurobindo Pharma Limited,Vietnam,2010-08-23,2010-08-23,1,True,0,True
ASN-7749,"Orgenics, Ltd",Botswana,2010-09-06,2010-09-06,1,True,0,True
ASN-7750,"Orgenics, Ltd",Botswana,2010-09-06,2010-09-06,1,True,0,True
ASN-7772,Aurobindo Pharma Limited,South Africa,2010-09-20,2010-09-20,1,True,0,True
ASN-7779,ABBVIE LOGISTICS (FORMERLY ABBOTT LOGISTICS BV),Vietnam,2010-09-06,2010-09-06,1,True,0,True
ASN-7782,ABBVIE LOGISTICS (FORMERLY ABBOTT LOGISTICS BV),Vietnam,2010-09-13,2010-09-13,1,True,0,True
ASN-7797,Orasure Technologies Inc.,Botswana,2010-08-31,2010-08-31,1,True,0,True
ASN-78,Aurobindo Pharma Limited,Guyana,2006-11-08,2006-11-08,1,True,0,True
ASN-7804,Aurobindo Pharma Limited,South Africa,2010-09-20,2010-09-20,1,True,0,True
ASN-7805,MERCK SHARP & DOHME IDEA GMBH (FORMALLY MERCK SHARP & DOHME B.V.),Haiti,2010-08-30,2010-08-30,1,True,0,True
ASN-781,Aurobindo Pharma Limited,Vietnam,2007-10-15,2007-10-15,3,True,0,True
ASN-782,Aurobindo Pharma Limited,Vietnam,2007-10-15,2007-10-15,1,True,0,True
ASN-7826,"Trinity Biotech, Plc",Kenya,2010-09-20,2010-09-20,1,True,0,True
ASN-7834,MYLAN LABORATORIES LTD (FORMERLY MATRIX LABORATORIES),Dominican Republic,2010-09-14,2010-09-14,1,True,0,True
ASN-7839,"Orgenics, Ltd",Rwanda,2010-09-09,2010-09-09,1,True,0,True
ASN-7842,"Orgenics, Ltd",Côte d'Ivoire,2010-09-08,2010-09-08,1,True,0,True
ASN-7868,CIPLA LIMITED,South Africa,2010-09-01,2010-09-03,1,True,2,False
ASN-787,"Standard Diagnostics, Inc.",Tanzania,2007-11-22,2007-11-22,1,True,0,True
ASN-788,"Standard Diagnostics, Inc.",Tanzania,2007-11-22,2007-11-22,1,True,0,True
ASN-79,INTERNATIONAL HEALTHCARE DISTRIBUTORS,Zimbabwe,2006-11-07,2006-11-07,1,True,0,True
ASN-794,"Standard Diagnostics, Inc.",Côte d'Ivoire,2007-10-23,2007-10-23,1,True,0,True
ASN-7945,"CHEMBIO DIAGNOSTIC SYSTEMS, INC.",Côte d'Ivoire,2010-08-27,2010-08-27,1,True,0,True
ASN-7957,MERCK SHARP & DOHME IDEA GMBH (FORMALLY MERCK SHARP & DOHME B.V.),Uganda,2010-09-07,2010-09-07,1,True,0,True
ASN-7959,CIPLA LIMITED,South Africa,2010-10-13,2010-10-13,1,True,0,True
ASN-7974,ASPEN PHARMACARE,Uganda,2010-09-01,2010-09-01,1,True,0,True
ASN-7991,STRIDES ARCOLAB LIMITED,South Africa,2010-10-22,2010-10-22,1,True,0,True
ASN-8,RANBAXY Fine Chemicals LTD.,Côte d'Ivoire,2006-06-02,2006-06-02,1,True,0,True
ASN-8001,Aurobindo Pharma Limited,South Africa,2010-09-07,2010-10-15,1,True,38,False
ASN-8011,MYLAN LABORATORIES LTD (FORMERLY MATRIX LABORATORIES),Rwanda,2010-09-27,2010-09-27,1,True,0,True
ASN-8012,Orasure Technologies Inc.,Haiti,2010-10-01,2010-10-01,1,True,0,True
ASN-8019,BRISTOL-MYERS SQUIBB,Côte d'Ivoire,2010-09-08,2010-09-08,2,True,0,True
ASN-8037,ABBVIE LOGISTICS (FORMERLY ABBOTT LOGISTICS BV),Zambia,2010-09-15,2010-09-15,1,True,0,True
ASN-804,SUN PHARMACEUTICAL INDUSTRIES LTD (RANBAXY LABORATORIES LIMITED),Vietnam,2007-10-24,2007-10-24,1,True,0,True
ASN-8040,Aurobindo Pharma Limited,South Africa,2010-09-07,2010-10-15,1,True,38,False
ASN-8041,Aurobindo Pharma Limited,South Africa,2010-09-07,2010-10-27,1,True,50,False
ASN-8060,MYLAN LABORATORIES LTD (FORMERLY MATRIX LABORATORIES),Vietnam,2010-09-20,2010-09-20,1,True,0,True
ASN-8079,EMCURE PHARMACEUTICALS LTD,Tanzania,2010-12-01,2010-12-01,1,True,0,True
ASN-8080,MYLAN LABORATORIES LTD (FORMERLY MATRIX LABORATORIES),Tanzania,2010-10-22,2010-10-22,1,True,0,True
ASN-8081,STRIDES ARCOLAB LIMITED,Vietnam,2010-09-21,2010-09-21,1,True,0,True
ASN-8093,"Trinity Biotech, Plc",Mozambique,2010-09-29,2010-09-29,1,True,0,True
ASN-8124,Aurobindo Pharma Limited,South Africa,2010-09-07,2010-10-27,1,True,50,False
ASN-8125,Aurobindo Pharma Limited,South Africa,2010-09-07,2010-09-20,1,True,13,False
ASN-813,BRISTOL-MYERS SQUIBB,Côte d'Ivoire,2007-10-23,2007-10-23,1,True,0,True
ASN-8147,STRIDES ARCOLAB LIMITED,South Africa,2010-11-04,2010-11-04,1,True,0,True
ASN-8160,Aurobindo Pharma Limited,South Africa,2010-08-24,2010-12-08,1,True,106,False
ASN-8167,Aurobindo Pharma Limited,South Africa,2010-08-24,2011-01-21,1,True,150,False
ASN-8174,CIPLA LIMITED,South Africa,2010-09-01,2010-10-11,1,True,40,False
ASN-8175,CIPLA LIMITED,South Africa,2010-10-13,2010-10-13,1,True,0,True
ASN-8199,MERCK SHARP & DOHME IDEA GMBH (FORMALLY MERCK SHARP & DOHME B.V.),Côte d'Ivoire,2010-09-21,2010-09-21,1,True,0,True
ASN-8224,"Orgenics, Ltd",Guyana,2010-10-27,2010-10-27,1,True,0,True
ASN-8225,"Trinity Biotech, Plc",Guyana,2010-10-06,2010-10-06,1,True,0,True
ASN-8226,"Trinity Biotech, Plc",Mozambique,2010-11-30,2010-11-30,1,True,0,True
ASN-823,"CHEMBIO DIAGNOSTIC SYSTEMS, INC.",Côte d'Ivoire,2007-10-25,2007-10-25,1,True,0,True
ASN-8234,"Standard Diagnostics, Inc.",Sudan,2010-11-01,2010-11-01,1,True,0,True
ASN-8246,Aurobindo Pharma Limited,South Africa,2010-09-07,2010-11-17,1,True,71,False
ASN-8249,Aurobindo Pharma Limited,South Africa,2010-09-07,2010-11-17,1,True,71,False
ASN-8251,Aurobindo Pharma Limited,South Africa,2010-08-24,2010-11-19,1,True,87,False
ASN-8261,Aurobindo Pharma Limited,South Africa,2010-10-12,2010-10-12,1,True,0,True
ASN-8262,Aurobindo Pharma Limited,South Africa,2011-03-04,2011-03-04,1,True,0,True
ASN-83,Abbott GmbH & Co. KG,Haiti,2006-10-18,2006-10-18,1,True,0,True
ASN-8300,Aurobindo Pharma Limited,South Africa,2010-11-25,2010-11-25,1,True,0,True
ASN-8303,ASPEN PHARMACARE,South Africa,2010-07-01,2010-07-01,1,True,0,True
ASN-8326,Aurobindo Pharma Limited,South Africa,2010-12-13,2010-12-13,1,True,0,True
ASN-834,"Orgenics, Ltd",Guyana,2007-09-21,2007-09-21,1,True,0,True
ASN-8340,Aurobindo Pharma Limited,South Africa,2010-12-13,2010-12-13,1,True,0,True
ASN-8343,STRIDES ARCOLAB LIMITED,Vietnam,2010-10-13,2010-10-13,1,True,0,True
ASN-8348,CIPLA LIMITED,South Africa,2010-10-13,2010-10-27,1,True,14,False
ASN-8349,Aurobindo Pharma Limited,Guyana,2010-10-13,2010-10-13,1,True,0,True
ASN-8356,"Orgenics, Ltd",Mozambique,2010-11-04,2010-11-04,1,True,0,True
ASN-8371,MYLAN LABORATORIES LTD (FORMERLY MATRIX LABORATORIES),Rwanda,2010-10-10,2010-10-10,1,True,0,True
ASN-8380,Aurobindo Pharma Limited,South Africa,2010-12-13,2010-12-13,1,True,0,True
ASN-8381,Aurobindo Pharma Limited,South Africa,2010-09-20,2010-12-13,1,True,84,False
ASN-8387,CIPLA LIMITED,South Africa,2010-10-13,2010-10-27,1,True,14,False
ASN-8401,"ABBVIE, SRL (FORMALLY ABBOTT LABORATORIES INTERNATIONAL CO.)",Dominican Republic,2010-10-22,2010-10-22,1,True,0,True
ASN-8406,"Standard Diagnostics, Inc.",Rwanda,2010-10-20,2010-10-20,1,True,0,True
ASN-8441,Aurobindo Pharma Limited,South Africa,2010-12-08,2010-12-08,1,True,0,True
ASN-8442,Aurobindo Pharma Limited,South Africa,2010-12-08,2010-12-08,1,True,0,True
ASN-8443,STRIDES ARCOLAB LIMITED,South Africa,2010-11-17,2010-11-17,1,True,0,True
ASN-8444,STRIDES ARCOLAB LIMITED,South Africa,2010-11-04,2010-11-04,1,True,0,True
ASN-8445,Aurobindo Pharma Limited,Guyana,2010-11-24,2010-11-24,1,True,0,True
ASN-8446,MYLAN LABORATORIES LTD (FORMERLY MATRIX LABORATORIES),Vietnam,2010-11-09,2010-11-09,1,True,0,True
ASN-8447,MYLAN LABORATORIES LTD (FORMERLY MATRIX LABORATORIES),Vietnam,2010-11-09,2010-11-09,1,True,0,True
ASN-8448,MYLAN LABORATORIES LTD (FORMERLY MATRIX LABORATORIES),Vietnam,2010-11-09,2010-11-09,1,True,0,True
ASN-8453,"Orgenics, Ltd",Sudan,2010-11-12,2010-11-12,1,True,0,True
ASN-8455,STRIDES ARCOLAB LIMITED,Vietnam,2010-10-25,2010-10-25,1,True,0,True
ASN-8464,Aurobindo Pharma Limited,South Africa,2010-12-08,2010-12-08,1,True,0,True
ASN-8465,Aurobindo Pharma Limited,South Africa,2010-12-08,2010-12-08,1,True,0,True
ASN-8495,Aurobindo Pharma Limited,South Africa,2010-11-25,2010-12-08,1,True,13,False
ASN-85,Aurobindo Pharma Limited,Vietnam,2006-11-14,2006-11-14,1,True,0,True
ASN-8509,Aurobindo Pharma Limited,South Africa,2010-12-15,2010-12-15,1,True,0,True
ASN-8510,Aurobindo Pharma Limited,South Africa,2010-09-20,2010-12-15,1,True,86,False
ASN-8512,MERCK SHARP & DOHME IDEA GMBH (FORMALLY MERCK SHARP & DOHME B.V.),Côte d'Ivoire,2010-10-27,2010-10-27,1,True,0,True
ASN-8515,CIPLA LIMITED,South Africa,2010-10-13,2010-11-17,1,True,35,False
ASN-8529,"Orgenics, Ltd",Rwanda,2010-11-17,2010-11-17,1,True,0,True
ASN-8532,"Orgenics, Ltd",Côte d'Ivoire,2010-11-10,2010-11-10,1,True,0,True
ASN-8545,ASPEN PHARMACARE,South Africa,2010-10-06,2010-10-06,1,True,0,True
ASN-856,"Standard Diagnostics, Inc.",Tanzania,2007-11-22,2007-11-22,1,True,0,True
ASN-8566,"Orgenics, Ltd",Côte d'Ivoire,2010-11-22,2010-11-22,1,True,0,True
ASN-8567,"Standard Diagnostics, Inc.",Rwanda,2010-12-23,2010-12-23,1,True,0,True
ASN-8571,"CHEMBIO DIAGNOSTIC SYSTEMS, INC.",Côte d'Ivoire,2010-11-24,2010-11-24,1,True,0,True
ASN-8572,"CHEMBIO DIAGNOSTIC SYSTEMS, INC.",Côte d'Ivoire,2010-11-24,2010-11-24,1,True,0,True
ASN-8573,"Trinity Biotech, Plc",Botswana,2011-02-07,2011-02-07,1,True,0,True
ASN-8574,"Trinity Biotech, Plc",Botswana,2010-11-22,2010-11-22,1,True,0,True
ASN-8577,"ABBVIE, SRL (FORMALLY ABBOTT LABORATORIES INTERNATIONAL CO.)",Dominican Republic,2010-10-22,2010-10-22,1,True,0,True
ASN-8578,MYLAN LABORATORIES LTD (FORMERLY MATRIX LABORATORIES),Rwanda,2010-11-02,2010-11-02,1,True,0,True
ASN-858,"CHEMBIO DIAGNOSTIC SYSTEMS, INC.",Nigeria,2007-11-07,2007-11-07,1,True,0,True
ASN-8587,"Orgenics, Ltd",Kenya,2010-11-12,2010-11-12,1,True,0,True
ASN-8588,"Orgenics, Ltd",Kenya,2010-11-12,2010-11-12,1,True,0,True
ASN-8589,"Orgenics, Ltd",Kenya,2010-11-12,2010-11-12,1,True,0,True
ASN-8590,"Orgenics, Ltd",Kenya,2010-11-12,2010-11-12,1,True,0,True
ASN-8594,"Standard Diagnostics, Inc.",Côte d'Ivoire,2010-11-10,2010-11-10,1,True,0,True
ASN-86,Aurobindo Pharma Limited,Zambia,2006-11-13,2006-11-13,1,True,0,True
ASN-8600,"SHANGHAI KEHUA BIOENGINEERING CO.,LTD.  (KHB)",Haiti,2010-11-12,2010-11-12,1,True,0,True
ASN-8621,"ABBVIE, SRL (FORMALLY ABBOTT LABORATORIES INTERNATIONAL CO.)",Dominican Republic,2010-10-22,2010-10-22,1,True,0,True
ASN-8625,MYLAN LABORATORIES LTD (FORMERLY MATRIX LABORATORIES),Tanzania,2010-12-29,2010-12-29,1,True,0,True
ASN-8626,MYLAN LABORATORIES LTD (FORMERLY MATRIX LABORATORIES),Tanzania,2010-12-06,2010-12-06,1,True,0,True
ASN-8630,"Trinity Biotech, Plc",Zambia,2010-11-23,2010-11-23,1,True,0,True
ASN-8632,"Trinity Biotech, Plc",Sudan,2010-11-29,2010-11-29,1,True,0,True
ASN-8649,Aurobindo Pharma Limited,South Africa,2010-12-13,2010-12-08,1,True,-5,True
ASN-8664,"Standard Diagnostics, Inc.",Zambia,2010-12-14,2010-12-14,1,True,0,True
ASN-8693,Aurobindo Pharma Limited,South Africa,2010-10-12,2010-12-15,1,True,64,False
ASN-8694,Aurobindo Pharma Limited,South Africa,2010-10-12,2010-12-15,1,True,64,False
ASN-8695,Aurobindo Pharma Limited,South Africa,2010-10-12,2010-12-15,1,True,64,False
ASN-8696,Aurobindo Pharma Limited,South Africa,2011-02-04,2011-02-04,1,True,0,True
ASN-8698,Aurobindo Pharma Limited,South Africa,2010-12-20,2010-12-20,1,True,0,True
ASN-8702,CIPLA LIMITED,South Africa,2010-10-13,2010-11-29,1,True,47,False
ASN-8703,CIPLA LIMITED,South Africa,2010-10-13,2010-12-01,1,True,49,False
ASN-871,Orasure Technologies Inc.,Zimbabwe,2008-01-10,2008-01-10,1,True,0,True
ASN-8740,Aurobindo Pharma Limited,South Africa,2010-12-15,2010-12-08,1,True,-7,True
ASN-8755,Aurobindo Pharma Limited,South Africa,2010-12-13,2010-12-11,1,True,-2,True
ASN-8761,"CHEMBIO DIAGNOSTIC SYSTEMS, INC.",Côte d'Ivoire,2010-11-24,2010-11-24,1,True,0,True
ASN-8791,Aurobindo Pharma Limited,South Africa,2010-12-20,2011-01-12,1,True,23,False
ASN-8794,Aurobindo Pharma Limited,South Africa,2011-01-12,2011-01-12,1,True,0,True
ASN-8795,Aurobindo Pharma Limited,South Africa,2010-12-08,2010-12-08,1,True,0,True
ASN-8827,"CHEMBIO DIAGNOSTIC SYSTEMS, INC.",Guyana,2010-11-19,2010-11-19,1,True,0,True
ASN-884,BRISTOL-MYERS SQUIBB,Vietnam,2007-11-08,2007-11-08,1,True,0,True
ASN-8846,STRIDES ARCOLAB LIMITED,South Africa,2010-12-13,2010-12-13,1,True,0,True
ASN-8853,"Standard Diagnostics, Inc.",Sudan,2010-12-01,2010-12-01,1,True,0,True
ASN-8878,"SHANGHAI KEHUA BIOENGINEERING CO.,LTD.  (KHB)",Haiti,2010-12-07,2010-12-07,1,True,0,True
ASN-8883,Orasure Technologies Inc.,Haiti,2010-12-17,2010-12-17,1,True,0,True
ASN-8885,CIPLA LIMITED,South Africa,2010-10-13,2011-01-25,1,True,104,False
ASN-8900,Aurobindo Pharma Limited,South Africa,2011-03-04,2011-01-06,1,True,-57,True
ASN-8901,Aurobindo Pharma Limited,South Africa,2010-12-03,2010-12-03,1,True,0,True
ASN-8902,Aurobindo Pharma Limited,South Africa,2011-01-12,2011-01-06,1,True,-6,True
ASN-8903,Aurobindo Pharma Limited,South Africa,2011-01-06,2011-01-06,1,True,0,True
ASN-8904,Aurobindo Pharma Limited,South Africa,2011-01-06,2011-01-06,1,True,0,True
ASN-8905,Aurobindo Pharma Limited,South Africa,2011-01-06,2011-01-06,1,True,0,True
ASN-8909,Aurobindo Pharma Limited,Vietnam,2010-12-08,2010-12-08,2,True,0,True
ASN-8928,Aurobindo Pharma Limited,Vietnam,2010-12-07,2010-12-07,1,True,0,True
ASN-893,"Standard Diagnostics, Inc.",Tanzania,2007-12-19,2007-12-19,1,True,0,True
ASN-8940,"Trinity Biotech, Plc",Nigeria,2010-12-17,2010-12-17,1,True,0,True
ASN-8943,IDIS LIMITED,Dominican Republic,2010-11-30,2010-11-30,1,True,0,True
ASN-8992,MERCK SHARP & DOHME IDEA GMBH (FORMALLY MERCK SHARP & DOHME B.V.),Côte d'Ivoire,2010-12-06,2010-12-06,1,True,0,True
ASN-8998,"Orgenics, Ltd",Zambia,2010-12-17,2010-12-17,1,True,0,True
ASN-8999,"Orgenics, Ltd",Zambia,2010-12-17,2010-12-16,1,True,-1,True
ASN-9000,"Orgenics, Ltd",Zambia,2010-12-17,2010-12-21,1,True,4,False
ASN-9001,"Orgenics, Ltd",Zambia,2010-12-17,2010-12-21,1,True,4,False
ASN-9004,"CHEMBIO DIAGNOSTIC SYSTEMS, INC.",Guyana,2011-01-12,2011-01-12,1,True,0,True
ASN-9007,STRIDES ARCOLAB LIMITED,South Africa,2010-12-15,2010-12-15,1,True,0,True
ASN-904,Premier Medical Corporation Ltd.,Rwanda,2007-11-16,2007-11-16,1,True,0,True
ASN-9043,HETERO LABS LIMITED,Rwanda,2010-12-09,2010-12-09,1,True,0,True
ASN-9044,HETERO LABS LIMITED,Rwanda,2010-12-09,2010-12-09,1,True,0,True
ASN-9051,STRIDES ARCOLAB LIMITED,South Africa,2010-12-15,2010-12-15,1,True,0,True
ASN-9052,STRIDES ARCOLAB LIMITED,South Africa,2010-12-15,2010-12-15,1,True,0,True
ASN-9056,ABBVIE LOGISTICS (FORMERLY ABBOTT LOGISTICS BV),Côte d'Ivoire,2011-01-14,2011-01-14,1,True,0,True
ASN-9057,ABBVIE LOGISTICS (FORMERLY ABBOTT LOGISTICS BV),Côte d'Ivoire,2011-01-14,2011-01-14,1,True,0,True
ASN-9058,Aurobindo Pharma Limited,Dominican Republic,2010-12-18,2010-12-18,1,True,0,True
ASN-9071,Hoffmann-La Roche ltd Basel,Uganda,2010-12-21,2010-12-21,1,True,0,True
ASN-9086,"Orgenics, Ltd",Haiti,2010-12-21,2010-12-21,1,True,0,True
ASN-9090,MYLAN LABORATORIES LTD (FORMERLY MATRIX LABORATORIES),Vietnam,2010-12-21,2010-12-21,2,True,0,True
ASN-91,BRISTOL-MYERS SQUIBB,Vietnam,2006-11-16,2006-11-16,1,True,0,True
ASN-9113,Aurobindo Pharma Limited,South Africa,2010-10-12,2011-02-01,1,True,112,False
ASN-9114,Aurobindo Pharma Limited,South Africa,2011-02-01,2011-02-01,1,True,0,True
ASN-9118,STRIDES ARCOLAB LIMITED,Vietnam,2010-12-22,2010-12-22,2,True,0,True
ASN-9123,CIPLA LIMITED,Rwanda,2010-12-23,2010-12-23,1,True,0,True
ASN-914,Premier Medical Corporation Ltd.,Rwanda,2007-11-19,2007-11-19,1,True,0,True
ASN-9153,STRIDES ARCOLAB LIMITED,Vietnam,2010-12-23,2010-12-23,1,True,0,True
ASN-916,Aurobindo Pharma Limited,Ethiopia,2007-11-20,2007-11-20,1,True,0,True
ASN-9171,CIPLA LIMITED,South Africa,2011-02-14,2011-02-14,1,True,0,True
ASN-9172,CIPLA LIMITED,South Africa,2011-02-09,2011-02-09,1,True,0,True
ASN-9173,CIPLA LIMITED,South Africa,2011-02-09,2011-02-09,1,True,0,True
ASN-9175,Aurobindo Pharma Limited,South Africa,2011-01-11,2011-01-11,1,True,0,True
ASN-9176,Aurobindo Pharma Limited,South Africa,2011-02-01,2011-02-01,1,True,0,True
ASN-9177,Aurobindo Pharma Limited,South Africa,2011-02-01,2011-02-01,1,True,0,True
ASN-9178,Aurobindo Pharma Limited,South Africa,2010-12-08,2011-02-01,1,True,55,False
ASN-9179,Aurobindo Pharma Limited,South Africa,,2011-01-31,2,False,,
ASN-9181,Aurobindo Pharma Limited,South Africa,2011-01-31,2011-01-31,1,True,0,True
ASN-9182,Aurobindo Pharma Limited,South Africa,2010-12-31,2010-12-31,1,True,0,True
ASN-9183,Aurobindo Pharma Limited,South Africa,2011-02-01,2011-02-01,1,True,0,True
ASN-9193,Aurobindo Pharma Limited,South Africa,2010-12-29,2010-12-29,1,True,0,True
ASN-9194,Aurobindo Pharma Limited,South Africa,2011-01-06,2011-01-27,1,True,21,False
ASN-9195,Aurobindo Pharma Limited,South Africa,,2011-02-01,2,False,,
ASN-9196,Aurobindo Pharma Limited,South Africa,2011-02-01,2011-02-01,1,True,0,True
ASN-9197,Aurobindo Pharma Limited,South Africa,2011-02-01,2011-02-01,1,True,0,True
ASN-9199,Aurobindo Pharma Limited,South Africa,2011-01-31,2011-01-31,1,True,0,True
ASN-9217,MYLAN LABORATORIES LTD (FORMERLY MATRIX LABORATORIES),Rwanda,2010-12-12,2010-12-12,1,True,0,True
ASN-9219,MYLAN LABORATORIES LTD (FORMERLY MATRIX LABORATORIES),Rwanda,2010-12-12,2010-12-12,1,True,0,True
ASN-9221,ASPEN PHARMACARE,Uganda,2010-12-31,2010-12-31,1,True,0,True
ASN-9248,"CHEMBIO DIAGNOSTIC SYSTEMS, INC.",Ethiopia,2011-01-05,2011-01-05,1,True,0,True
ASN-9249,Aurobindo Pharma Limited,Vietnam,2011-02-11,2011-02-11,1,True,0,True
ASN-926,Aurobindo Pharma Limited,Vietnam,2007-11-23,2007-11-23,1,True,0,True
ASN-9295,"SHANGHAI KEHUA BIOENGINEERING CO.,LTD.  (KHB)",Ethiopia,2011-01-13,2011-01-13,1,True,0,True
ASN-93,Aurobindo Pharma Limited,Nigeria,2006-12-07,2006-12-07,4,True,0,True
ASN-9331,CIPLA LIMITED,Rwanda,2011-01-07,2011-01-07,1,True,0,True
ASN-9332,CIPLA LIMITED,Rwanda,2011-01-07,2011-01-07,1,True,0,True
ASN-9365,Aurobindo Pharma Limited,Rwanda,2011-01-10,2011-01-10,1,True,0,True
ASN-9368,HETERO LABS LIMITED,Rwanda,2011-03-01,2011-03-01,1,True,0,True
ASN-9369,HETERO LABS LIMITED,Rwanda,2011-03-01,2011-03-01,1,True,0,True
ASN-9370,HETERO LABS LIMITED,Rwanda,2011-03-01,2011-03-01,2,True,0,True
ASN-9373,Premier Medical Corporation Ltd.,Botswana,2011-02-04,2011-02-04,1,True,0,True
ASN-9384,MERCK SHARP & DOHME IDEA GMBH (FORMALLY MERCK SHARP & DOHME B.V.),Côte d'Ivoire,2011-01-28,2011-01-28,1,True,0,True
ASN-9386,ABBVIE LOGISTICS (FORMERLY ABBOTT LOGISTICS BV),Zimbabwe,2011-03-17,2011-03-17,1,True,0,True
ASN-94,Aurobindo Pharma Limited,Tanzania,2006-11-24,2006-11-24,1,True,0,True
ASN-9407,HETERO LABS LIMITED,Vietnam,2011-02-09,2011-02-09,4,True,0,True
ASN-9408,HETERO LABS LIMITED,Vietnam,2011-02-16,2011-02-16,5,True,0,True
ASN-9423,ABBVIE LOGISTICS (FORMERLY ABBOTT LOGISTICS BV),Mozambique,2011-03-02,2011-03-02,1,True,0,True
ASN-9434,HETERO LABS LIMITED,Rwanda,2011-01-11,2011-01-11,1,True,0,True
ASN-9435,HETERO LABS LIMITED,Rwanda,2011-01-11,2011-01-11,1,True,0,True
ASN-9436,EMCURE PHARMACEUTICALS LTD,Tanzania,2011-03-10,2011-03-10,1,True,0,True
ASN-9447,"Orgenics, Ltd",Sudan,2011-02-10,2011-02-10,1,True,0,True
ASN-9452,STRIDES ARCOLAB LIMITED,South Africa,2010-12-15,2011-02-11,1,True,58,False
ASN-9454,MERCK SHARP & DOHME IDEA GMBH (FORMALLY MERCK SHARP & DOHME B.V.),Uganda,2011-01-27,2011-01-27,1,True,0,True
ASN-9456,STRIDES ARCOLAB LIMITED,South Africa,2011-02-14,2011-02-14,1,True,0,True
ASN-9477,Aurobindo Pharma Limited,South Africa,,2011-03-10,2,False,,
ASN-9478,Aurobindo Pharma Limited,South Africa,2011-02-01,2011-03-04,1,True,31,False
ASN-9479,Aurobindo Pharma Limited,South Africa,2011-01-31,2011-03-04,1,True,32,False
ASN-9480,Aurobindo Pharma Limited,South Africa,2011-01-11,2011-03-04,1,True,52,False
ASN-9481,Aurobindo Pharma Limited,South Africa,2011-03-04,2011-03-04,1,True,0,True
ASN-9482,Aurobindo Pharma Limited,South Africa,2010-12-29,2011-03-10,1,True,71,False
ASN-9483,Aurobindo Pharma Limited,South Africa,2011-02-01,2011-03-04,1,True,31,False
ASN-9484,Aurobindo Pharma Limited,South Africa,2011-03-10,2011-03-04,1,True,-6,True
ASN-9485,Aurobindo Pharma Limited,South Africa,2011-03-10,2011-03-10,1,True,0,True
ASN-9486,Aurobindo Pharma Limited,South Africa,,2011-03-04,2,False,,
ASN-9487,Aurobindo Pharma Limited,South Africa,2011-03-10,2011-03-04,1,True,-6,True
ASN-9489,Aurobindo Pharma Limited,South Africa,2011-03-29,2011-03-29,1,True,0,True
ASN-9490,Aurobindo Pharma Limited,South Africa,2011-03-04,2011-03-04,1,True,0,True
ASN-95,Aurobindo Pharma Limited,Zambia,2007-01-29,2007-01-29,1,True,0,True
ASN-9508,STRIDES ARCOLAB LIMITED,South Africa,2011-02-14,2011-02-11,1,True,-3,True
ASN-9509,STRIDES ARCOLAB LIMITED,South Africa,2011-02-14,2011-03-09,1,True,23,False
ASN-9513,CIPLA LIMITED,South Africa,2011-02-24,2011-02-24,1,True,0,True
ASN-9514,CIPLA LIMITED,South Africa,2011-02-23,2011-02-23,1,True,0,True
ASN-9516,Hoffmann-La Roche ltd Basel,Guatemala,2011-03-03,2011-03-03,1,True,0,True
ASN-9546,"Orgenics, Ltd",Kenya,2011-02-10,2011-02-10,1,True,0,True
ASN-9547,"Orgenics, Ltd",Kenya,2011-02-10,2011-02-10,1,True,0,True
ASN-9548,"Orgenics, Ltd",Kenya,2011-02-10,2011-02-10,1,True,0,True
ASN-9549,"Orgenics, Ltd",Kenya,2011-02-10,2011-02-10,1,True,0,True
ASN-9550,"Orgenics, Ltd",Kenya,2011-02-10,2011-02-10,1,True,0,True
ASN-9551,"Orgenics, Ltd",Angola,2011-05-12,2011-05-12,1,True,0,True
ASN-9552,"Orgenics, Ltd",Botswana,2011-03-02,2011-03-02,1,True,0,True
ASN-9567,Aurobindo Pharma Limited,Ethiopia,2011-02-14,2011-02-14,2,True,0,True
ASN-9568,MYLAN LABORATORIES LTD (FORMERLY MATRIX LABORATORIES),Vietnam,2011-02-28,2011-02-28,2,True,0,True
ASN-9578,IDIS LIMITED,Guyana,2011-03-04,2011-03-04,1,True,0,True
ASN-9579,Aurobindo Pharma Limited,South Africa,2011-06-26,2011-06-26,1,True,0,True
ASN-9590,ABBVIE LOGISTICS (FORMERLY ABBOTT LOGISTICS BV),Nigeria,2011-02-08,2011-02-08,1,True,0,True
ASN-9598,MYLAN LABORATORIES LTD (FORMERLY MATRIX LABORATORIES),Rwanda,2011-01-28,2011-01-28,1,True,0,True
ASN-9616,STRIDES ARCOLAB LIMITED,South Africa,2011-04-05,2011-04-05,1,True,0,True
ASN-9617,STRIDES ARCOLAB LIMITED,South Africa,2011-04-05,2011-04-05,1,True,0,True
ASN-9635,"Trinity Biotech, Plc",Botswana,2011-03-16,2011-03-16,1,True,0,True
ASN-9640,"Trinity Biotech, Plc",Angola,2011-04-14,2011-04-14,1,True,0,True
ASN-9647,Aurobindo Pharma Limited,South Africa,2010-08-24,2011-03-04,1,True,192,False
ASN-9660,CIPLA LIMITED,Rwanda,2011-02-09,2011-02-09,2,True,0,True
ASN-967,"Trinity Biotech, Plc",Guyana,2007-12-03,2007-12-03,1,True,0,True
ASN-968,ZEPHYR BIOMEDICALS,Guyana,2007-11-07,2007-11-07,1,True,0,True
ASN-9691,Aurobindo Pharma Limited,Rwanda,2011-02-08,2011-02-08,1,True,0,True
ASN-9692,CIPLA LIMITED,South Africa,2011-02-23,2011-03-11,1,True,16,False
ASN-9693,CIPLA LIMITED,South Africa,2011-03-14,2011-03-14,1,True,0,True
ASN-9694,CIPLA LIMITED,South Africa,2011-02-09,2011-03-14,1,True,33,False
ASN-9709,ABBVIE LOGISTICS (FORMERLY ABBOTT LOGISTICS BV),Vietnam,2011-02-24,2011-02-24,1,True,0,True
ASN-9710,ABBVIE LOGISTICS (FORMERLY ABBOTT LOGISTICS BV),Vietnam,2011-02-25,2011-02-25,1,True,0,True
ASN-9714,Aurobindo Pharma Limited,South Africa,2011-03-23,2011-03-23,1,True,0,True
ASN-9739,"SHANGHAI KEHUA BIOENGINEERING CO.,LTD.  (KHB)",Botswana,2011-03-14,2011-03-14,1,True,0,True
ASN-9740,"Standard Diagnostics, Inc.",Botswana,2011-03-02,2011-03-02,1,True,0,True
ASN-9741,"Orgenics, Ltd",Mozambique,2011-03-10,2011-03-10,1,True,0,True
ASN-9743,"Orgenics, Ltd",Rwanda,2011-02-17,2011-02-17,1,True,0,True
ASN-9751,NOVARTIS PHARMA SERVICES AG,Nigeria,2011-02-28,2011-02-28,1,True,0,True
ASN-9759,Orasure Technologies Inc.,Haiti,2011-03-11,2011-03-11,1,True,0,True
ASN-9798,CIPLA LIMITED,Rwanda,2011-03-31,2011-03-31,1,True,0,True
ASN-9807,ASPEN PHARMACARE,South Africa,2011-02-09,2011-02-09,1,True,0,True
ASN-9832,"Trinity Biotech, Plc",Guyana,2011-03-28,2011-03-28,1,True,0,True
ASN-9833,"Trinity Biotech, Plc",Tanzania,2011-03-29,2011-03-29,1,True,0,True
ASN-9834,"Trinity Biotech, Plc",Namibia,2011-03-15,2011-03-15,1,True,0,True
ASN-9835,"Trinity Biotech, Plc",Mozambique,2011-04-07,2011-04-07,1,True,0,True
ASN-9844,Aurobindo Pharma Limited,South Africa,2011-06-26,2011-04-07,1,True,-80,True
ASN-9845,Aurobindo Pharma Limited,South Africa,2011-04-07,2011-04-07,1,True,0,True
ASN-9846,Aurobindo Pharma Limited,South Africa,2011-03-17,2011-03-17,1,True,0,True
ASN-9847,Aurobindo Pharma Limited,South Africa,2011-04-04,2011-04-04,1,True,0,True
ASN-9855,CIPLA LIMITED,South Africa,2011-04-04,2011-04-04,1,True,0,True
ASN-9856,CIPLA LIMITED,South Africa,2011-04-05,2011-04-05,1,True,0,True
ASN-9857,Aurobindo Pharma Limited,Dominican Republic,2011-03-08,2011-03-08,1,True,0,True
ASN-9870,"Standard Diagnostics, Inc.",Rwanda,2011-04-14,2011-04-14,1,True,0,True
ASN-9882,ABBVIE LOGISTICS (FORMERLY ABBOTT LOGISTICS BV),Côte d'Ivoire,2011-03-15,2011-03-15,1,True,0,True
ASN-990,ASPEN PHARMACARE,Rwanda,2008-01-28,2008-01-28,2,True,0,True
ASN-9922,ABBVIE LOGISTICS (FORMERLY ABBOTT LOGISTICS BV),Tanzania,2011-03-31,2011-03-31,1,True,0,True
ASN-9923,Aurobindo Pharma Limited,Dominican Republic,2011-03-08,2011-03-08,1,True,0,True
ASN-9932,Aurobindo Pharma Limited,South Africa,2011-04-04,2011-04-04,1,True,0,True
ASN-9933,Aurobindo Pharma Limited,South Africa,2011-03-17,2011-03-17,1,True,0,True
ASN-9934,Aurobindo Pharma Limited,South Africa,2011-06-26,2011-04-07,1,True,-80,True
ASN-9935,Aurobindo Pharma Limited,South Africa,2011-04-07,2011-04-07,1,True,0,True
ASN-9936,Aurobindo Pharma Limited,South Africa,2011-04-07,2011-04-07,1,True,0,True
ASN-9938,Aurobindo Pharma Limited,South Africa,2011-04-26,2011-04-26,1,True,0,True
ASN-9939,Aurobindo Pharma Limited,South Africa,2011-04-26,2011-04-26,1,True,0,True
ASN-9941,Aurobindo Pharma Limited,South Africa,2011-04-26,2011-04-26,1,True,0,True
ASN-9942,Aurobindo Pharma Limited,South Africa,2011-05-03,2011-05-03,1,True,0,True
ASN-9943,Aurobindo Pharma Limited,South Africa,2011-04-26,2011-04-12,1,True,-14,True
ASN-9944,Aurobindo Pharma Limited,South Africa,2011-04-26,2011-04-12,1,True,-14,True
ASN-9945,Aurobindo Pharma Limited,South Africa,,2011-04-26,2,False,,
ASN-9947,Aurobindo Pharma Limited,South Africa,2011-04-26,2011-04-26,1,True,0,True
ASN-9949,CIPLA LIMITED,South Africa,2011-04-05,2011-04-05,1,True,0,True
ASN-9950,CIPLA LIMITED,South Africa,2011-04-05,2011-04-08,1,True,3,False
ASN-9951,CIPLA LIMITED,South Africa,2011-04-08,2011-04-08,1,True,0,True
ASN-9973,"Standard Diagnostics, Inc.",Tanzania,2011-05-16,2011-05-16,1,True,0,True
ASN-9987,MYLAN LABORATORIES LTD (FORMERLY MATRIX LABORATORIES),Côte d'Ivoire,2011-04-22,2011-04-22,1,True,0,True
ASN-9989,ABBVIE LOGISTICS (FORMERLY ABBOTT LOGISTICS BV),Côte d'Ivoire,2011-03-09,2011-03-09,1,True,0,True
DN-1,SCMS from RDC,Nigeria,2006-09-20,2006-07-13,1,True,-69,True
DN-100,SCMS from RDC,Rwanda,2007-05-14,2007-05-14,4,True,0,True
DN-1001,SCMS from RDC,Côte d'Ivoire,2008-12-03,2008-12-03,1,True,0,True
DN-1002,SCMS from RDC,Mozambique,2008-11-27,2008-11-27,1,True,0,True
DN-1003,SCMS from RDC,Ethiopia,2008-11-11,2008-11-11,1,True,0,True
DN-1004,SCMS from RDC,Pakistan,2008-11-17,2008-11-17,4,True,0,True
DN-1005,SCMS from RDC,Zambia,2008-12-01,2008-12-01,1,True,0,True
DN-1006,SCMS from RDC,Zambia,2008-12-01,2008-12-01,1,True,0,True
DN-1007,SCMS from RDC,Côte d'Ivoire,2008-11-21,2008-11-21,1,True,0,True
DN-1008,SCMS from RDC,Nigeria,2008-11-17,2008-11-17,4,True,0,True
DN-1009,SCMS from RDC,Nigeria,2008-11-17,2008-11-17,1,True,0,True
DN-1010,SCMS from RDC,Nigeria,2008-11-26,2008-11-26,1,True,0,True
DN-1011,SCMS from RDC,Nigeria,2008-11-20,2008-11-20,1,True,0,True
DN-1012,SCMS from RDC,Nigeria,2008-11-26,2008-11-26,1,True,0,True
DN-1013,SCMS from RDC,Nigeria,2008-11-20,2008-11-20,1,True,0,True
DN-1014,SCMS from RDC,Nigeria,2008-11-17,2008-11-17,1,True,0,True
DN-1015,SCMS from RDC,Zimbabwe,2008-11-19,2008-11-19,3,True,0,True
DN-1017,SCMS from RDC,Guyana,2008-11-21,2008-11-21,2,True,0,True
DN-1018,SCMS from RDC,Haiti,2008-12-10,2008-12-10,1,True,0,True
DN-1019,SCMS from RDC,Côte d'Ivoire,2008-11-27,2008-11-27,1,True,0,True
DN-1020,SCMS from RDC,Côte d'Ivoire,2009-01-05,2009-01-05,1,True,0,True
DN-1022,SCMS from RDC,Haiti,2008-12-10,2008-12-10,1,True,0,True
DN-1024,SCMS from RDC,Mozambique,2009-02-09,2009-02-09,2,True,0,True
DN-1025,SCMS from RDC,Mozambique,2009-01-20,2009-01-20,1,True,0,True
DN-1026,SCMS from RDC,Nigeria,2008-12-17,2008-12-17,1,True,0,True
DN-1027,SCMS from RDC,Ethiopia,2008-12-12,2008-12-12,1,True,0,True
DN-1028,SCMS from RDC,Zambia,2008-12-08,2008-12-08,1,True,0,True
DN-1029,SCMS from RDC,Zambia,2008-12-11,2008-12-11,1,True,0,True
DN-1030,SCMS from RDC,Côte d'Ivoire,2008-12-19,2008-12-19,1,True,0,True
DN-1031,SCMS from RDC,Côte d'Ivoire,2009-01-05,2009-01-05,1,True,0,True
DN-1034,SCMS from RDC,Mozambique,2009-02-21,2009-02-21,6,True,0,True
DN-1035,SCMS from RDC,Mozambique,2009-02-21,2009-02-21,1,True,0,True
DN-1036,SCMS from RDC,Mozambique,2009-02-26,2009-02-21,1,True,-5,True
DN-1037,SCMS from RDC,Ethiopia,2008-12-19,2008-12-19,1,True,0,True
DN-1039,SCMS from RDC,Nigeria,2009-02-16,2009-01-19,1,True,-28,True
DN-104,SCMS from RDC,Zambia,2007-05-03,2007-05-03,1,True,0,True
DN-1043,SCMS from RDC,Uganda,2009-02-04,2009-02-04,1,True,0,True
DN-1044,SCMS from RDC,Zimbabwe,2009-02-16,2009-02-16,3,True,0,True
DN-1045,SCMS from RDC,Nigeria,2009-01-19,2009-01-19,1,True,0,True
DN-1046,SCMS from RDC,Côte d'Ivoire,2009-02-10,2009-02-10,1,True,0,True
DN-1047,SCMS from RDC,Côte d'Ivoire,2009-01-19,2009-01-19,2,True,0,True
DN-1049,SCMS from RDC,Kenya,2009-01-15,2009-01-15,1,True,0,True
DN-1050,SCMS from RDC,Nigeria,2009-01-19,2009-01-19,1,True,0,True
DN-1051,SCMS from RDC,Ethiopia,2009-02-03,2009-02-03,1,True,0,True
DN-1052,SCMS from RDC,Ethiopia,2009-03-03,2009-03-03,5,True,0,True
DN-1054,SCMS from RDC,Mozambique,2009-02-26,2009-02-26,1,True,0,True
DN-1055,SCMS from RDC,Mozambique,2009-03-18,2009-03-18,1,True,0,True
DN-1056,SCMS from RDC,Zambia,2009-02-16,2009-02-16,1,True,0,True
DN-1057,SCMS from RDC,Nigeria,2009-01-19,2009-01-19,1,True,0,True
DN-1058,SCMS from RDC,Nigeria,2009-01-19,2009-01-19,2,True,0,True
DN-1059,SCMS from RDC,Nigeria,2009-01-19,2009-01-19,2,True,0,True
DN-1060,SCMS from RDC,Ethiopia,2009-02-18,2009-02-18,5,True,0,True
DN-1061,SCMS from RDC,Ethiopia,2009-01-29,2009-01-29,3,True,0,True
DN-1062,SCMS from RDC,Ethiopia,2009-03-04,2009-03-04,2,True,0,True
DN-1063,SCMS from RDC,Nigeria,2009-02-09,2009-02-09,1,True,0,True
DN-1065,SCMS from RDC,Nigeria,2009-02-03,2009-02-03,1,True,0,True
DN-1066,SCMS from RDC,Nigeria,2009-02-09,2009-02-09,1,True,0,True
DN-1068,SCMS from RDC,Uganda,2009-02-19,2009-02-19,1,True,0,True
DN-1069,SCMS from RDC,Côte d'Ivoire,2009-02-11,2009-02-11,1,True,0,True
DN-1072,SCMS from RDC,Côte d'Ivoire,2009-02-14,2009-02-14,1,True,0,True
DN-1073,SCMS from RDC,Tanzania,2009-03-06,2009-03-06,1,True,0,True
DN-1074,SCMS from RDC,Rwanda,2009-02-06,2009-02-06,1,True,0,True
DN-1075,SCMS from RDC,Tanzania,2009-03-09,2009-03-09,1,True,0,True
DN-1077,SCMS from RDC,Uganda,2009-02-19,2009-02-19,1,True,0,True
DN-1079,SCMS from RDC,Nigeria,2009-02-16,2009-02-16,1,True,0,True
DN-1080,SCMS from RDC,Nigeria,2009-02-16,2009-02-16,1,True,0,True
DN-1081,SCMS from RDC,Nigeria,2009-02-16,2009-02-16,1,True,0,True
DN-1082,SCMS from RDC,Uganda,2009-03-03,2009-03-03,1,True,0,True
DN-1083,SCMS from RDC,Uganda,2009-03-03,2009-03-03,2,True,0,True
DN-1084,SCMS from RDC,Uganda,2009-03-05,2009-03-05,2,True,0,True
DN-1087,SCMS from RDC,Côte d'Ivoire,2009-03-02,2009-03-02,1,True,0,True
DN-1089,SCMS from RDC,Côte d'Ivoire,2009-03-02,2009-03-02,1,True,0,True
DN-1091,SCMS from RDC,Ethiopia,2009-02-18,2009-02-18,1,True,0,True
DN-1092,SCMS from RDC,Uganda,2009-03-19,2009-03-19,1,True,0,True
DN-1093,SCMS from RDC,Uganda,2009-03-03,2009-03-03,1,True,0,True
DN-1094,SCMS from RDC,Uganda,2009-03-19,2009-03-19,1,True,0,True
DN-1097,SCMS from RDC,Côte d'Ivoire,2009-03-18,2009-03-18,1,True,0,True
DN-1098,SCMS from RDC,Côte d'Ivoire,2009-02-27,2009-02-27,2,True,0,True
DN-110,SCMS from RDC,Rwanda,2007-04-19,2007-04-19,1,True,0,True
DN-1100,SCMS from RDC,Haiti,2009-03-03,2009-03-03,4,True,0,True
DN-1103,SCMS from RDC,Kenya,2009-02-11,2009-02-11,1,True,0,True
DN-1105,SCMS from RDC,Ethiopia,2009-03-20,2009-03-20,2,True,0,True
DN-1106,SCMS from RDC,Nigeria,2009-02-26,2009-02-26,1,True,0,True
DN-1107,SCMS from RDC,Ethiopia,2009-03-04,2009-03-04,1,True,0,True
DN-1109,SCMS from RDC,Haiti,2009-03-10,2009-03-10,1,True,0,True
DN-111,SCMS from RDC,Haiti,2007-05-11,2007-05-11,1,True,0,True
DN-1110,SCMS from RDC,Ethiopia,2009-03-04,2009-03-04,1,True,0,True
DN-1111,SCMS from RDC,Zambia,2009-03-02,2009-03-02,1,True,0,True
DN-1112,SCMS from RDC,Côte d'Ivoire,2009-03-05,2009-03-05,1,True,0,True
DN-1115,SCMS from RDC,Zimbabwe,2009-04-06,2009-04-06,3,True,0,True
DN-1116,SCMS from RDC,Zambia,2009-03-17,2009-03-17,1,True,0,True
DN-1117,SCMS from RDC,Rwanda,2009-03-06,2009-03-06,1,True,0,True
DN-1118,SCMS from RDC,Rwanda,2009-03-16,2009-03-16,1,True,0,True
DN-112,SCMS from RDC,Haiti,2007-05-08,2007-05-08,1,True,0,True
DN-1120,SCMS from RDC,Côte d'Ivoire,2009-05-26,2009-05-26,2,True,0,True
DN-1122,SCMS from RDC,Côte d'Ivoire,2009-04-29,2009-04-29,1,True,0,True
DN-1123,SCMS from RDC,Nigeria,2009-03-19,2009-03-19,1,True,0,True
DN-1124,SCMS from RDC,Nigeria,2009-03-19,2009-03-19,4,True,0,True
DN-1125,SCMS from RDC,Uganda,2009-04-08,2009-04-08,2,True,0,True
DN-1128,SCMS from RDC,Côte d'Ivoire,2009-04-28,2009-04-28,1,True,0,True
DN-1129,SCMS from RDC,Nigeria,2009-03-24,2009-03-24,1,True,0,True
DN-1130,SCMS from RDC,Nigeria,2009-03-24,2009-03-24,1,True,0,True
DN-1131,SCMS from RDC,Nigeria,2009-03-24,2009-03-24,1,True,0,True
DN-1132,SCMS from RDC,Nigeria,2009-03-24,2009-03-24,1,True,0,True
DN-1133,SCMS from RDC,Nigeria,2009-03-24,2009-03-24,1,True,0,True
DN-1134,SCMS from RDC,Nigeria,2009-03-19,2009-03-19,1,True,0,True
DN-1135,SCMS from RDC,Nigeria,2009-03-19,2009-03-19,1,True,0,True
DN-1136,SCMS from RDC,Nigeria,2009-03-19,2009-03-19,1,True,0,True
DN-1137,SCMS from RDC,Nigeria,2009-03-19,2009-03-19,1,True,0,True
DN-1138,SCMS from RDC,Nigeria,2009-03-19,2009-03-19,1,True,0,True
DN-1139,SCMS from RDC,Nigeria,2009-03-19,2009-03-19,1,True,0,True
DN-114,SCMS from RDC,Zambia,2007-05-16,2007-05-16,1,True,0,True
DN-1140,SCMS from RDC,Nigeria,2009-03-19,2009-03-19,1,True,0,True
DN-1141,SCMS from RDC,Nigeria,2009-03-19,2009-03-19,1,True,0,True
DN-1142,SCMS from RDC,Nigeria,2009-03-19,2009-03-19,1,True,0,True
DN-1143,SCMS from RDC,Uganda,2009-04-02,2009-04-02,2,True,0,True
DN-1144,SCMS from RDC,Nigeria,2009-03-24,2009-03-24,1,True,0,True
DN-1145,SCMS from RDC,Haiti,2009-03-31,2009-03-31,1,True,0,True
DN-1147,SCMS from RDC,Pakistan,2009-04-01,2009-04-01,3,True,0,True
DN-115,SCMS from RDC,Zimbabwe,2007-04-26,2007-04-26,1,True,0,True
DN-1150,SCMS from RDC,Mozambique,2009-04-27,2009-04-27,1,True,0,True
DN-1152,SCMS from RDC,Côte d'Ivoire,2009-04-30,2009-04-30,3,True,0,True
DN-1155,SCMS from RDC,Nigeria,2009-04-29,2009-04-29,1,True,0,True
DN-1156,SCMS from RDC,Nigeria,2009-05-08,2009-05-08,1,True,0,True
DN-1157,SCMS from RDC,Côte d'Ivoire,2009-03-20,2009-03-20,1,True,0,True
DN-1158,SCMS from RDC,Côte d'Ivoire,2009-03-20,2009-03-20,1,True,0,True
DN-1159,SCMS from RDC,Côte d'Ivoire,2009-03-20,2009-03-20,1,True,0,True
DN-116,SCMS from RDC,Nigeria,2007-04-30,2007-04-30,1,True,0,True
DN-1160,SCMS from RDC,Côte d'Ivoire,2009-03-20,2009-03-20,1,True,0,True
DN-1161,SCMS from RDC,Côte d'Ivoire,2009-03-20,2009-03-20,1,True,0,True
DN-1163,SCMS from RDC,Côte d'Ivoire,2009-03-23,2009-03-23,4,True,0,True
DN-1164,SCMS from RDC,Côte d'Ivoire,2009-03-24,2009-03-24,1,True,0,True
DN-1165,SCMS from RDC,Nigeria,2009-04-02,2009-04-02,1,True,0,True
DN-1166,SCMS from RDC,Nigeria,2009-05-08,2009-05-08,2,True,0,True
DN-1167,SCMS from RDC,Rwanda,2009-04-09,2009-04-09,1,True,0,True
DN-1168,SCMS from RDC,Zimbabwe,2009-04-27,2009-04-27,2,True,0,True
DN-1169,SCMS from RDC,Rwanda,2009-04-27,2009-04-27,1,True,0,True
DN-1170,SCMS from RDC,Côte d'Ivoire,2009-06-19,2009-06-19,1,True,0,True
DN-1171,SCMS from RDC,Côte d'Ivoire,2009-05-12,2009-05-12,1,True,0,True
DN-1172,SCMS from RDC,Nigeria,2009-04-30,2009-04-30,1,True,0,True
DN-1173,SCMS from RDC,Haiti,2009-04-14,2009-04-14,1,True,0,True
DN-1174,SCMS from RDC,Mozambique,2009-05-14,2009-05-14,1,True,0,True
DN-1175,SCMS from RDC,Mozambique,2009-06-08,2009-06-08,1,True,0,True
DN-1176,SCMS from RDC,Mozambique,2009-05-20,2009-05-20,2,True,0,True
DN-1177,SCMS from RDC,Mozambique,2009-05-15,2009-05-15,1,True,0,True
DN-1178,SCMS from RDC,Zambia,2009-04-27,2009-04-27,1,True,0,True
DN-118,SCMS from RDC,Nigeria,2007-05-08,2007-05-08,1,True,0,True
DN-1180,SCMS from RDC,Tanzania,2009-05-11,2009-05-11,3,True,0,True
DN-1181,SCMS from RDC,Mozambique,2009-06-03,2009-06-03,1,True,0,True
DN-1182,SCMS from RDC,Nigeria,2009-04-30,2009-04-30,1,True,0,True
DN-1183,SCMS from RDC,Nigeria,2009-05-08,2009-05-08,1,True,0,True
DN-1184,SCMS from RDC,Nigeria,2009-04-30,2009-04-30,1,True,0,True
DN-1189,SCMS from RDC,Kenya,2009-04-27,2009-04-27,2,True,0,True
DN-1193,SCMS from RDC,Kenya,2009-04-23,2009-04-23,2,True,0,True
DN-1194,SCMS from RDC,Nigeria,2009-04-30,2009-04-30,1,True,0,True
DN-1195,SCMS from RDC,Mozambique,2009-06-16,2009-06-16,1,True,0,True
DN-1196,SCMS from RDC,Nigeria,2009-05-08,2009-05-08,1,True,0,True
DN-1197,SCMS from RDC,Uganda,2009-04-24,2009-04-24,1,True,0,True
DN-1198,SCMS from RDC,Nigeria,2009-04-30,2009-04-30,1,True,0,True
DN-1199,SCMS from RDC,Nigeria,2009-05-08,2009-05-08,1,True,0,True
DN-120,SCMS from RDC,Zambia,2007-05-16,2007-05-16,1,True,0,True
DN-1201,SCMS from RDC,Nigeria,2009-05-08,2009-05-08,1,True,0,True
DN-1202,SCMS from RDC,Nigeria,2009-04-29,2009-04-29,1,True,0,True
DN-1203,SCMS from RDC,Nigeria,2009-05-08,2009-05-08,1,True,0,True
DN-1205,SCMS from RDC,Haiti,2009-05-19,2009-05-19,3,True,0,True
DN-1206,SCMS from RDC,Nigeria,2009-04-30,2009-04-30,1,True,0,True
DN-1209,SCMS from RDC,Nigeria,2009-05-08,2009-05-08,2,True,0,True
DN-121,SCMS from RDC,Mozambique,2007-05-18,2007-05-18,2,True,0,True
DN-1210,SCMS from RDC,Nigeria,2009-05-14,2009-05-14,1,True,0,True
DN-1211,SCMS from RDC,Nigeria,2009-05-14,2009-05-14,1,True,0,True
DN-1212,SCMS from RDC,Nigeria,2009-05-08,2009-05-08,1,True,0,True
DN-1213,SCMS from RDC,Guyana,2009-05-12,2009-05-12,1,True,0,True
DN-1214,SCMS from RDC,Zimbabwe,2009-05-12,2009-05-12,1,True,0,True
DN-1215,SCMS from RDC,Mozambique,2009-06-28,2009-06-28,2,True,0,True
DN-1216,SCMS from RDC,Nigeria,2009-05-08,2009-05-08,1,True,0,True
DN-1217,SCMS from RDC,Nigeria,2009-05-08,2009-05-08,1,True,0,True
DN-1218,SCMS from RDC,Haiti,2009-05-22,2009-05-22,1,True,0,True
DN-1219,SCMS from RDC,Haiti,2009-05-22,2009-05-22,1,True,0,True
DN-122,SCMS from RDC,Zambia,2007-05-04,2007-05-04,2,True,0,True
DN-1220,SCMS from RDC,Côte d'Ivoire,2009-05-20,2009-05-20,1,True,0,True
DN-1221,SCMS from RDC,Haiti,2009-05-22,2009-05-22,4,True,0,True
DN-1222,SCMS from RDC,Uganda,2009-06-24,2009-06-24,2,True,0,True
DN-1223,SCMS from RDC,Uganda,2009-06-01,2009-06-01,1,True,0,True
DN-1224,SCMS from RDC,Uganda,2009-05-22,2009-05-22,1,True,0,True
DN-1225,SCMS from RDC,Uganda,2009-05-22,2009-05-22,1,True,0,True
DN-1226,SCMS from RDC,Uganda,2009-06-01,2009-06-01,1,True,0,True
DN-1227,SCMS from RDC,Uganda,2009-06-01,2009-06-01,1,True,0,True
DN-1228,SCMS from RDC,Zambia,2009-06-08,2009-06-08,2,True,0,True
DN-123,SCMS from RDC,Mozambique,2007-05-18,2007-05-18,1,True,0,True
DN-1231,SCMS from RDC,Mozambique,2009-06-28,2009-06-28,4,True,0,True
DN-1232,SCMS from RDC,Uganda,2009-06-01,2009-06-01,2,True,0,True
DN-1233,SCMS from RDC,Mozambique,2009-06-16,2009-06-16,1,True,0,True
DN-1234,SCMS from RDC,Côte d'Ivoire,2009-06-11,2009-06-11,5,True,0,True
DN-1235,SCMS from RDC,Ghana,2009-08-12,2009-08-12,6,True,0,True
DN-1236,SCMS from RDC,Ghana,2009-08-12,2009-08-12,1,True,0,True
DN-1237,SCMS from RDC,Swaziland,2009-05-20,2009-05-20,2,True,0,True
DN-1238,SCMS from RDC,Swaziland,2009-05-21,2009-05-21,3,True,0,True
DN-1239,SCMS from RDC,Zambia,2009-06-08,2009-06-08,1,True,0,True
DN-124,SCMS from RDC,Mozambique,2007-05-18,2007-05-18,1,True,0,True
DN-1240,SCMS from RDC,Zambia,2009-06-10,2009-06-10,1,True,0,True
DN-1241,SCMS from RDC,Zambia,2009-06-10,2009-06-10,1,True,0,True
DN-1242,SCMS from RDC,Côte d'Ivoire,2009-06-17,2009-06-17,1,True,0,True
DN-1244,SCMS from RDC,Nigeria,2009-06-16,2009-06-16,5,True,0,True
DN-1245,SCMS from RDC,Nigeria,2009-06-16,2009-06-16,1,True,0,True
DN-1250,SCMS from RDC,Zambia,2009-06-15,2009-06-15,4,True,0,True
DN-1251,SCMS from RDC,Namibia,2009-06-15,2009-06-15,1,True,0,True
DN-1253,SCMS from RDC,Uganda,2009-06-23,2009-06-23,1,True,0,True
DN-1254,SCMS from RDC,Uganda,2009-06-01,2009-06-01,1,True,0,True
DN-1256,SCMS from RDC,Uganda,2009-06-24,2009-06-24,1,True,0,True
DN-1257,SCMS from RDC,Nigeria,2009-06-05,2009-06-05,1,True,0,True
DN-126,SCMS from RDC,Mozambique,2007-06-01,2007-06-01,1,True,0,True
DN-1260,SCMS from RDC,Nigeria,2009-06-05,2009-06-05,1,True,0,True
DN-1261,SCMS from RDC,Nigeria,2009-06-16,2009-06-16,2,True,0,True
DN-1262,SCMS from RDC,Uganda,2009-06-01,2009-06-01,1,True,0,True
DN-1263,SCMS from RDC,Nigeria,2009-06-16,2009-06-16,2,True,0,True
DN-127,SCMS from RDC,Tanzania,2007-06-06,2007-06-06,1,True,0,True
DN-1275,SCMS from RDC,Kenya,2009-05-28,2009-05-28,1,True,0,True
DN-1276,SCMS from RDC,Nigeria,2009-06-16,2009-06-16,1,True,0,True
DN-1277,SCMS from RDC,Nigeria,2009-06-16,2009-06-16,1,True,0,True
DN-1278,SCMS from RDC,Haiti,2009-06-18,2009-06-18,1,True,0,True
DN-1279,SCMS from RDC,Haiti,2009-06-18,2009-06-18,1,True,0,True
DN-128,SCMS from RDC,Guyana,2007-06-07,2007-06-07,1,True,0,True
DN-1280,SCMS from RDC,Haiti,2009-06-18,2009-06-18,2,True,0,True
DN-1281,SCMS from RDC,Uganda,2009-06-26,2009-06-26,1,True,0,True
DN-1282,SCMS from RDC,Uganda,2009-06-23,2009-06-23,1,True,0,True
DN-1283,SCMS from RDC,Haiti,2009-06-25,2009-06-25,1,True,0,True
DN-1284,SCMS from RDC,Zambia,2009-06-12,2009-06-12,1,True,0,True
DN-1285,SCMS from RDC,Zambia,2009-07-02,2009-07-02,1,True,0,True
DN-1286,SCMS from RDC,Zambia,2009-07-02,2009-07-02,1,True,0,True
DN-1287,SCMS from RDC,Uganda,2009-06-22,2009-06-22,2,True,0,True
DN-1289,SCMS from RDC,Zimbabwe,2009-06-22,2009-06-22,3,True,0,True
DN-129,SCMS from RDC,Zambia,2007-05-15,2007-05-15,2,True,0,True
DN-1290,SCMS from RDC,Nigeria,2009-06-16,2009-06-16,1,True,0,True
DN-1291,SCMS from RDC,Nigeria,2009-06-16,2009-06-16,1,True,0,True
DN-1292,SCMS from RDC,Nigeria,2009-06-16,2009-06-16,1,True,0,True
DN-1293,SCMS from RDC,Uganda,2009-06-29,2009-06-29,1,True,0,True
DN-1294,SCMS from RDC,Nigeria,2009-06-16,2009-06-16,1,True,0,True
DN-1295,SCMS from RDC,Nigeria,2009-06-16,2009-06-16,1,True,0,True
DN-1296,SCMS from RDC,Nigeria,2009-06-16,2009-06-16,3,True,0,True
DN-1297,SCMS from RDC,Côte d'Ivoire,2009-06-30,2009-06-30,1,True,0,True
DN-13,SCMS from RDC,Mozambique,2007-01-08,2007-01-08,2,True,0,True
DN-1300,SCMS from RDC,Uganda,2009-09-15,2009-09-15,2,True,0,True
DN-1301,SCMS from RDC,Zambia,2009-06-24,2009-06-24,1,True,0,True
DN-1302,SCMS from RDC,Guyana,2009-06-18,2009-06-18,1,True,0,True
DN-1303,SCMS from RDC,Uganda,2009-08-14,2009-08-14,2,True,0,True
DN-1305,SCMS from RDC,Mozambique,2009-08-20,2009-08-20,1,True,0,True
DN-1308,SCMS from RDC,Côte d'Ivoire,2009-07-08,2009-07-08,1,True,0,True
DN-1309,SCMS from RDC,Haiti,2009-06-24,2009-06-24,1,True,0,True
DN-1311,SCMS from RDC,Nigeria,2009-07-30,2009-08-04,9,True,5,False
DN-1312,SCMS from RDC,Nigeria,2009-07-30,2009-07-09,1,True,-21,True
DN-1313,SCMS from RDC,Côte d'Ivoire,2009-08-19,2009-08-19,1,True,0,True
DN-1314,SCMS from RDC,Côte d'Ivoire,2009-07-14,2009-07-14,1,True,0,True
DN-1315,SCMS from RDC,Côte d'Ivoire,2009-07-14,2009-07-14,3,True,0,True
DN-1316,SCMS from RDC,Namibia,2009-07-16,2009-07-16,1,True,0,True
DN-1319,SCMS from RDC,Zambia,2009-09-04,2009-09-04,1,True,0,True
DN-132,SCMS from RDC,Nigeria,2007-05-23,2007-05-23,2,True,0,True
DN-1320,SCMS from RDC,Uganda,2009-08-14,2009-08-14,1,True,0,True
DN-1322,SCMS from RDC,Uganda,2009-07-17,2009-07-17,1,True,0,True
DN-1324,SCMS from RDC,Zambia,2009-09-04,2009-09-04,1,True,0,True
DN-1325,SCMS from RDC,Zambia,2009-09-29,2009-09-29,1,True,0,True
DN-1326,SCMS from RDC,Zambia,2009-09-04,2009-09-04,1,True,0,True
DN-1327,SCMS from RDC,Zambia,2009-09-04,2009-09-04,1,True,0,True
DN-1328,SCMS from RDC,Zambia,2009-09-04,2009-09-04,1,True,0,True
DN-1329,SCMS from RDC,Zambia,2009-09-04,2009-09-04,1,True,0,True
DN-133,SCMS from RDC,Tanzania,2007-05-31,2007-05-31,1,True,0,True
DN-1332,SCMS from RDC,Mozambique,2009-08-27,2009-08-27,3,True,0,True
DN-1333,SCMS from RDC,Nigeria,2009-09-17,2009-09-14,3,True,-3,True
DN-1334,SCMS from RDC,Mozambique,2009-08-17,2009-08-17,1,True,0,True
DN-1335,SCMS from RDC,Côte d'Ivoire,2009-07-16,2009-07-16,2,True,0,True
DN-1336,SCMS from RDC,Mozambique,2009-09-03,2009-09-03,1,True,0,True
DN-1338,SCMS from RDC,Nigeria,2009-08-04,2009-08-04,1,True,0,True
DN-1339,SCMS from RDC,Nigeria,2009-08-04,2009-08-04,1,True,0,True
DN-1340,SCMS from RDC,Nigeria,2009-08-04,2009-08-04,1,True,0,True
DN-1341,SCMS from RDC,Nigeria,2009-08-04,2009-08-04,1,True,0,True
DN-1342,SCMS from RDC,Nigeria,2009-08-04,2009-08-04,1,True,0,True
DN-1343,SCMS from RDC,Nigeria,2009-08-04,2009-08-04,1,True,0,True
DN-1344,SCMS from RDC,Nigeria,2009-08-04,2009-08-04,1,True,0,True
DN-1345,SCMS from RDC,Nigeria,2009-08-04,2009-08-04,1,True,0,True
DN-1346,SCMS from RDC,Nigeria,2009-08-04,2009-08-04,1,True,0,True
DN-1347,SCMS from RDC,Nigeria,2009-08-04,2009-08-04,1,True,0,True
DN-1348,SCMS from RDC,Nigeria,2009-08-04,2009-08-04,1,True,0,True
DN-1349,SCMS from RDC,Nigeria,2009-08-04,2009-08-04,1,True,0,True
DN-1350,SCMS from RDC,Nigeria,2009-08-04,2009-08-04,1,True,0,True
DN-1351,SCMS from RDC,Nigeria,2009-08-04,2009-08-04,1,True,0,True
DN-1354,SCMS from RDC,Côte d'Ivoire,2009-08-11,2009-08-11,1,True,0,True
DN-1355,SCMS from RDC,Côte d'Ivoire,2009-08-04,2009-08-04,1,True,0,True
DN-1356,SCMS from RDC,Côte d'Ivoire,2009-08-11,2009-08-11,1,True,0,True
DN-1357,SCMS from RDC,Côte d'Ivoire,2009-08-11,2009-08-11,1,True,0,True
DN-1358,SCMS from RDC,Mozambique,2009-08-27,2009-08-27,1,True,0,True
DN-1359,SCMS from RDC,Côte d'Ivoire,2009-09-08,2009-09-08,1,True,0,True
DN-136,SCMS from RDC,Zambia,2007-05-21,2007-05-21,1,True,0,True
DN-1360,SCMS from RDC,Nigeria,2009-08-31,2009-08-04,5,True,-27,True
DN-1361,SCMS from RDC,Zambia,2009-09-04,2009-09-04,1,True,0,True
DN-1362,SCMS from RDC,Zambia,2009-09-15,2009-09-15,1,True,0,True
DN-1363,SCMS from RDC,Zambia,2009-09-29,2009-09-29,1,True,0,True
DN-1364,SCMS from RDC,Nigeria,2009-08-31,2009-08-17,1,True,-14,True
DN-1367,SCMS from RDC,Nigeria,2009-08-04,2009-08-04,2,True,0,True
DN-1368,SCMS from RDC,Tanzania,2009-08-20,2009-08-20,1,True,0,True
DN-1369,SCMS from RDC,Uganda,2009-08-10,2009-08-10,1,True,0,True
DN-137,SCMS from RDC,Mozambique,2007-06-01,2007-06-01,1,True,0,True
DN-1371,SCMS from RDC,Haiti,2009-07-31,2009-07-31,1,True,0,True
DN-1372,SCMS from RDC,Haiti,2009-08-27,2009-08-27,1,True,0,True
DN-1373,SCMS from RDC,Haiti,2009-07-31,2009-07-31,4,True,0,True
DN-1374,SCMS from RDC,Haiti,2009-07-31,2009-07-31,3,True,0,True
DN-1377,SCMS from RDC,Mozambique,2009-09-17,2009-09-17,1,True,0,True
DN-1379,SCMS from RDC,Mozambique,2009-08-27,2009-09-17,1,True,21,False
DN-138,SCMS from RDC,Nigeria,2007-05-24,2007-05-24,1,True,0,True
DN-1380,SCMS from RDC,Mozambique,2009-09-17,2009-09-17,2,True,0,True
DN-1382,SCMS from RDC,Zambia,2009-08-17,2009-08-17,2,True,0,True
DN-1385,SCMS from RDC,Rwanda,2009-07-31,2009-07-31,1,True,0,True
DN-1386,SCMS from RDC,Zambia,2009-09-15,2009-09-15,2,True,0,True
DN-1387,SCMS from RDC,Côte d'Ivoire,2009-08-25,2009-08-25,2,True,0,True
DN-1388,SCMS from RDC,Côte d'Ivoire,2009-09-28,2009-09-28,1,True,0,True
DN-1390,SCMS from RDC,Côte d'Ivoire,2009-08-21,2009-08-21,1,True,0,True
DN-1394,SCMS from RDC,Zambia,2009-08-21,2009-08-21,1,True,0,True
DN-1395,SCMS from RDC,Mozambique,2009-10-07,2009-10-07,2,True,0,True
DN-1396,SCMS from RDC,Mozambique,2009-10-07,2009-10-07,1,True,0,True
DN-1397,SCMS from RDC,Uganda,2009-08-24,2009-08-24,3,True,0,True
DN-1398,SCMS from RDC,Côte d'Ivoire,2009-09-08,2009-09-08,2,True,0,True
DN-1399,SCMS from RDC,Uganda,2009-08-28,2009-08-28,2,True,0,True
DN-14,SCMS from RDC,Mozambique,2007-01-09,2007-01-09,1,True,0,True
DN-140,SCMS from RDC,Zimbabwe,2007-05-20,2007-05-20,1,True,0,True
DN-1400,SCMS from RDC,Côte d'Ivoire,2009-09-09,2009-09-09,1,True,0,True
DN-1401,SCMS from RDC,Côte d'Ivoire,2009-09-08,2009-09-08,3,True,0,True
DN-1402,SCMS from RDC,Uganda,2009-09-09,2009-09-09,1,True,0,True
DN-1403,SCMS from RDC,Zambia,2009-09-22,2009-09-22,1,True,0,True
DN-1404,SCMS from RDC,Zambia,2009-09-22,2009-09-22,1,True,0,True
DN-1405,SCMS from RDC,Zambia,2009-09-22,2009-09-22,1,True,0,True
DN-1406,SCMS from RDC,Zambia,2009-09-22,2009-09-22,1,True,0,True
DN-1407,SCMS from RDC,Zambia,2009-10-19,2009-10-19,3,True,0,True
DN-1408,SCMS from RDC,Uganda,2009-09-15,2009-09-15,1,True,0,True
DN-141,SCMS from RDC,Zimbabwe,2007-05-20,2007-05-20,2,True,0,True
DN-1411,SCMS from RDC,Zimbabwe,2009-09-22,2009-09-22,3,True,0,True
DN-1413,SCMS from RDC,Mozambique,2009-08-27,2009-08-27,1,True,0,True
DN-1414,SCMS from RDC,Uganda,2009-09-14,2009-09-14,1,True,0,True
DN-1415,SCMS from RDC,Uganda,2009-09-14,2009-09-14,1,True,0,True
DN-1416,SCMS from RDC,Zambia,2009-09-22,2009-09-22,1,True,0,True
DN-1417,SCMS from RDC,Uganda,2009-10-08,2009-10-08,3,True,0,True
DN-1418,SCMS from RDC,Uganda,2009-09-11,2009-09-11,1,True,0,True
DN-1421,SCMS from RDC,Mozambique,2009-11-30,2009-10-30,1,True,-31,True
DN-1422,SCMS from RDC,Côte d'Ivoire,2009-09-16,2009-09-16,3,True,0,True
DN-1424,SCMS from RDC,Côte d'Ivoire,2009-09-28,2009-09-28,1,True,0,True
DN-1425,SCMS from RDC,Uganda,2009-10-07,2009-10-07,1,True,0,True
DN-1426,SCMS from RDC,Uganda,2009-10-08,2009-10-08,1,True,0,True
DN-1427,SCMS from RDC,Côte d'Ivoire,2009-09-25,2009-09-25,3,True,0,True
DN-1428,SCMS from RDC,Côte d'Ivoire,2009-09-21,2009-09-21,1,True,0,True
DN-1429,SCMS from RDC,Uganda,2009-10-08,2009-10-08,1,True,0,True
DN-143,SCMS from RDC,Zambia,2007-05-21,2007-05-21,1,True,0,True
DN-1430,SCMS from RDC,Tanzania,2009-09-25,2009-09-25,1,True,0,True
DN-1431,SCMS from RDC,Tanzania,2009-09-25,2009-09-25,1,True,0,True
DN-1432,SCMS from RDC,Zambia,2009-10-02,2009-10-02,2,True,0,True
DN-1433,SCMS from RDC,Nigeria,2009-10-20,2009-10-20,1,True,0,True
DN-1434,SCMS from RDC,Nigeria,2009-10-20,2009-10-20,1,True,0,True
DN-1435,SCMS from RDC,Nigeria,2009-10-20,2009-10-20,1,True,0,True
DN-1436,SCMS from RDC,Nigeria,2009-10-20,2009-10-20,1,True,0,True
DN-1437,SCMS from RDC,Nigeria,2009-10-20,2009-10-20,1,True,0,True
DN-1438,SCMS from RDC,Nigeria,2009-10-20,2009-10-20,1,True,0,True
DN-1439,SCMS from RDC,Nigeria,2009-10-20,2009-10-20,1,True,0,True
DN-144,SCMS from RDC,Tanzania,2007-07-06,2007-07-06,2,True,0,True
DN-1440,SCMS from RDC,Nigeria,2009-10-20,2009-10-20,1,True,0,True
DN-1441,SCMS from RDC,Nigeria,2009-10-20,2009-10-20,1,True,0,True
DN-1442,SCMS from RDC,Nigeria,2009-10-20,2009-10-20,1,True,0,True
DN-1443,SCMS from RDC,Nigeria,2009-10-20,2009-10-20,1,True,0,True
DN-1444,SCMS from RDC,Nigeria,2009-10-20,2009-10-20,1,True,0,True
DN-1445,SCMS from RDC,Nigeria,2009-10-20,2009-10-20,1,True,0,True
DN-1446,SCMS from RDC,Nigeria,2009-10-20,2009-10-20,1,True,0,True
DN-1448,SCMS from RDC,Zambia,2009-10-13,2009-10-13,2,True,0,True
DN-1451,SCMS from RDC,Côte d'Ivoire,2009-08-25,2009-10-07,1,True,43,False
DN-1452,SCMS from RDC,Nigeria,2009-10-30,2009-10-20,8,True,-10,True
DN-1453,SCMS from RDC,Nigeria,2009-10-31,2009-10-20,1,True,-11,True
DN-1455,SCMS from RDC,Mozambique,2009-09-17,2009-09-17,1,True,0,True
DN-1456,SCMS from RDC,Nigeria,2009-10-15,2009-10-20,5,True,5,False
DN-1457,SCMS from RDC,Mozambique,2009-10-07,2009-10-07,2,True,0,True
DN-1458,SCMS from RDC,Haiti,2009-10-13,2009-10-13,2,True,0,True
DN-1459,SCMS from RDC,Tanzania,2009-10-26,2009-10-26,1,True,0,True
DN-146,SCMS from RDC,Côte d'Ivoire,2007-05-16,2007-05-16,2,True,0,True
DN-1460,SCMS from RDC,Côte d'Ivoire,2009-10-07,2009-10-07,1,True,0,True
DN-1463,SCMS from RDC,Zambia,2009-10-13,2009-10-13,1,True,0,True
DN-1464,SCMS from RDC,Uganda,2009-10-08,2009-10-08,1,True,0,True
DN-1465,SCMS from RDC,Haiti,2009-10-13,2009-10-13,1,True,0,True
DN-1466,SCMS from RDC,Haiti,2009-10-21,2009-10-21,2,True,0,True
DN-1467,SCMS from RDC,Mozambique,2009-11-07,2009-11-07,1,True,0,True
DN-1468,SCMS from RDC,Uganda,2009-10-12,2009-10-12,1,True,0,True
DN-1470,SCMS from RDC,Tanzania,2009-10-26,2009-10-26,2,True,0,True
DN-1471,SCMS from RDC,Ethiopia,2009-10-06,2009-10-06,2,True,0,True
DN-1472,SCMS from RDC,Ethiopia,2009-09-29,2009-09-29,1,True,0,True
DN-1473,SCMS from RDC,Ghana,2009-09-30,2009-08-12,3,True,-49,True
DN-1474,SCMS from RDC,Côte d'Ivoire,2009-10-23,2009-10-23,2,True,0,True
DN-1475,SCMS from RDC,Côte d'Ivoire,2009-10-22,2009-10-16,1,True,-6,True
DN-1477,SCMS from RDC,Côte d'Ivoire,2009-10-23,2009-10-16,1,True,-7,True
DN-1479,SCMS from RDC,Haiti,2009-11-18,2009-10-18,2,True,-31,True
DN-148,SCMS from RDC,Mozambique,2007-06-13,2007-06-13,6,True,0,True
DN-1480,SCMS from RDC,Uganda,2009-10-12,2009-10-12,1,True,0,True
DN-1481,SCMS from RDC,Haiti,2009-11-18,2009-10-09,1,True,-40,True
DN-1482,SCMS from RDC,Côte d'Ivoire,2009-10-30,2009-10-20,1,True,-10,True
DN-1483,SCMS from RDC,Nigeria,2009-12-18,2009-12-18,1,True,0,True
DN-1484,SCMS from RDC,Ethiopia,2009-10-20,2009-10-20,1,True,0,True
DN-1485,SCMS from RDC,Mozambique,2009-11-13,2009-11-13,1,True,0,True
DN-1486,SCMS from RDC,Lebanon,2009-11-18,2009-11-18,2,True,0,True
DN-1487,SCMS from RDC,Lebanon,2009-11-18,2009-11-18,3,True,0,True
DN-1488,SCMS from RDC,Lebanon,2009-11-24,2009-11-24,3,True,0,True
DN-1489,SCMS from RDC,Uganda,2009-10-29,2009-10-29,1,True,0,True
DN-149,SCMS from RDC,Côte d'Ivoire,2007-05-18,2007-05-18,1,True,0,True
DN-1490,SCMS from RDC,Uganda,2009-10-29,2009-10-29,1,True,0,True
DN-1492,SCMS from RDC,Côte d'Ivoire,2009-10-27,2009-10-27,1,True,0,True
DN-1493,SCMS from RDC,Nigeria,2009-12-18,2009-11-20,4,True,-28,True
DN-1494,SCMS from RDC,Côte d'Ivoire,2009-10-27,2009-10-27,1,True,0,True
DN-1495,SCMS from RDC,Mozambique,2009-12-01,2009-11-18,1,True,-13,True
DN-1496,SCMS from RDC,Zambia,2009-10-29,2009-10-29,1,True,0,True
DN-1497,SCMS from RDC,Haiti,2009-10-22,2009-10-22,1,True,0,True
DN-1498,SCMS from RDC,Zambia,2009-10-29,2009-10-29,1,True,0,True
DN-1499,SCMS from RDC,Zambia,2009-10-23,2009-10-23,1,True,0,True
DN-15,SCMS from RDC,Mozambique,2007-02-01,2007-02-01,2,True,0,True
DN-150,SCMS from RDC,Rwanda,2007-05-22,2007-05-22,2,True,0,True
DN-1500,SCMS from RDC,Zimbabwe,2009-11-15,2009-11-09,3,True,-6,True
DN-1502,SCMS from RDC,Ethiopia,2009-10-27,2009-10-27,1,True,0,True
DN-1503,SCMS from RDC,Haiti,2009-11-18,2009-11-05,1,True,-13,True
DN-1504,SCMS from RDC,Zambia,2009-11-15,2009-11-13,1,True,-2,True
DN-1505,SCMS from RDC,Guyana,2009-11-23,2009-11-03,2,True,-20,True
DN-1506,SCMS from RDC,Uganda,2009-11-20,2009-11-10,2,True,-10,True
DN-1507,SCMS from RDC,Uganda,2009-11-21,2009-11-12,1,True,-9,True
DN-1508,SCMS from RDC,Côte d'Ivoire,2009-11-26,2009-11-05,1,True,-21,True
DN-1509,SCMS from RDC,Côte d'Ivoire,2009-11-27,2009-11-13,1,True,-14,True
DN-1510,SCMS from RDC,Côte d'Ivoire,2009-12-01,2009-11-05,2,True,-26,True
DN-1511,SCMS from RDC,Côte d'Ivoire,2009-12-10,2009-11-05,1,True,-35,True
DN-1514,SCMS from RDC,Côte d'Ivoire,2009-11-26,2009-11-13,1,True,-13,True
DN-1515,SCMS from RDC,Zambia,2009-11-30,2009-11-23,1,True,-7,True
DN-1517,SCMS from RDC,Uganda,2009-11-27,2009-12-02,1,True,5,False
DN-1518,SCMS from RDC,Côte d'Ivoire,2009-11-16,2009-11-16,1,True,0,True
DN-1519,SCMS from RDC,Nigeria,2009-12-18,2009-12-18,2,True,0,True
DN-152,SCMS from RDC,Mozambique,2007-06-08,2007-06-08,2,True,0,True
DN-1520,SCMS from RDC,Uganda,2009-11-30,2009-11-25,1,True,-5,True
DN-1521,SCMS from RDC,Zambia,2009-11-30,2009-11-11,1,True,-19,True
DN-1522,SCMS from RDC,Uganda,2009-12-03,2009-11-30,3,True,-3,True
DN-1523,SCMS from RDC,Côte d'Ivoire,2009-12-01,2009-12-02,3,True,1,False
DN-1524,SCMS from RDC,Côte d'Ivoire,2009-12-01,2009-12-02,1,True,1,False
DN-1525,SCMS from RDC,Côte d'Ivoire,2009-12-01,2009-12-02,1,True,1,False
DN-1526,SCMS from RDC,Côte d'Ivoire,2009-12-04,2009-12-02,1,True,-2,True
DN-1527,SCMS from RDC,Côte d'Ivoire,2009-11-30,2009-12-02,1,True,2,False
DN-1528,SCMS from RDC,Uganda,2009-11-23,2009-11-23,1,True,0,True
DN-1529,SCMS from RDC,Mozambique,2010-02-23,2010-02-23,1,True,0,True
DN-153,SCMS from RDC,Mozambique,2007-06-08,2007-06-08,1,True,0,True
DN-1530,SCMS from RDC,Haiti,2009-11-30,2009-11-30,5,True,0,True
DN-1531,SCMS from RDC,Haiti,2009-12-02,2009-11-30,2,True,-2,True
DN-1532,SCMS from RDC,Mozambique,2009-12-11,2009-12-11,1,True,0,True
DN-1533,SCMS from RDC,Nigeria,2009-11-24,2009-11-20,1,True,-4,True
DN-1534,SCMS from RDC,Côte d'Ivoire,2009-12-01,2009-12-02,1,True,1,False
DN-1535,SCMS from RDC,Côte d'Ivoire,2009-12-04,2009-12-02,1,True,-2,True
DN-1536,SCMS from RDC,Côte d'Ivoire,2009-12-10,2009-12-02,1,True,-8,True
DN-1539,SCMS from RDC,Côte d'Ivoire,2009-12-02,2009-12-02,1,True,0,True
DN-1540,SCMS from RDC,Uganda,2009-12-07,2009-12-02,1,True,-5,True
DN-1541,SCMS from RDC,Uganda,2009-12-07,2009-11-30,2,True,-7,True
DN-1542,SCMS from RDC,Côte d'Ivoire,2009-11-26,2009-12-02,1,True,6,False
DN-1543,SCMS from RDC,Côte d'Ivoire,2009-12-01,2009-12-02,1,True,1,False
DN-1544,SCMS from RDC,Côte d'Ivoire,2009-12-04,2009-12-02,1,True,-2,True
DN-1545,SCMS from RDC,Côte d'Ivoire,2009-12-04,2009-12-02,1,True,-2,True
DN-1546,SCMS from RDC,Côte d'Ivoire,2009-12-07,2009-12-02,1,True,-5,True
DN-1547,SCMS from RDC,Côte d'Ivoire,2009-12-10,2009-12-02,1,True,-8,True
DN-1548,SCMS from RDC,Uganda,2009-11-30,2009-12-02,3,True,2,False
DN-1549,SCMS from RDC,Mozambique,2010-01-06,2010-01-06,1,True,0,True
DN-1550,SCMS from RDC,Uganda,2009-11-30,2009-11-25,1,True,-5,True
DN-1551,SCMS from RDC,Uganda,2010-01-17,2009-11-25,1,True,-53,True
DN-1552,SCMS from RDC,Uganda,2010-01-14,2009-12-31,1,True,-14,True
DN-1553,SCMS from RDC,Zambia,2009-11-30,2009-12-03,1,True,3,False
DN-1554,SCMS from RDC,Zimbabwe,2009-12-18,2009-12-07,3,True,-11,True
DN-1555,SCMS from RDC,Côte d'Ivoire,2009-12-09,2009-11-27,1,True,-12,True
DN-1557,SCMS from RDC,Côte d'Ivoire,2009-12-20,2009-12-20,1,True,0,True
DN-1558,SCMS from RDC,Ethiopia,2009-11-26,2009-11-26,1,True,0,True
DN-1559,SCMS from RDC,Haiti,2009-12-09,2009-12-01,4,True,-8,True
DN-156,SCMS from RDC,Rwanda,2007-06-05,2007-06-05,1,True,0,True
DN-1560,SCMS from RDC,Nigeria,2009-12-18,2009-12-18,1,True,0,True
DN-1561,SCMS from RDC,Nigeria,2009-12-18,2009-12-18,1,True,0,True
DN-1562,SCMS from RDC,Nigeria,2009-12-18,2009-12-18,1,True,0,True
DN-1563,SCMS from RDC,Nigeria,2009-12-18,2009-12-18,1,True,0,True
DN-1564,SCMS from RDC,Nigeria,2009-12-18,2009-12-18,1,True,0,True
DN-1565,SCMS from RDC,Tanzania,2010-01-14,2010-01-14,1,True,0,True
DN-1566,SCMS from RDC,Zambia,2010-01-15,2009-11-26,1,True,-50,True
DN-1567,SCMS from RDC,Zambia,2010-01-15,2009-11-26,1,True,-50,True
DN-1568,SCMS from RDC,Côte d'Ivoire,2009-12-14,2009-12-11,1,True,-3,True
DN-1569,SCMS from RDC,Nigeria,2009-12-18,2009-12-18,1,True,0,True
DN-157,SCMS from RDC,Ethiopia,2007-05-24,2007-05-24,2,True,0,True
DN-1570,SCMS from RDC,Nigeria,2009-12-18,2009-12-18,1,True,0,True
DN-1571,SCMS from RDC,Nigeria,2009-12-18,2009-12-18,1,True,0,True
DN-1573,SCMS from RDC,Zambia,2010-01-15,2009-12-03,1,True,-43,True
DN-1574,SCMS from RDC,Uganda,2010-01-15,2010-01-22,1,True,7,False
DN-1575,SCMS from RDC,Haiti,2009-12-09,2009-12-05,1,True,-4,True
DN-1576,SCMS from RDC,Uganda,2009-12-20,2009-11-26,1,True,-24,True
DN-1577,SCMS from RDC,Côte d'Ivoire,2009-12-17,2009-12-14,1,True,-3,True
DN-1578,SCMS from RDC,Zambia,2010-01-15,2009-12-08,1,True,-38,True
DN-1579,SCMS from RDC,Uganda,2010-01-15,2009-12-10,1,True,-36,True
DN-1580,SCMS from RDC,Mozambique,2010-01-19,2010-01-26,2,True,7,False
DN-1582,SCMS from RDC,Haiti,2009-12-21,2009-12-16,1,True,-5,True
DN-1583,SCMS from RDC,Zambia,2010-01-15,2009-12-14,1,True,-32,True
DN-1584,SCMS from RDC,Ethiopia,2009-12-02,2009-12-02,1,True,0,True
DN-1585,SCMS from RDC,Côte d'Ivoire,2009-12-30,2010-01-05,1,True,6,False
DN-1586,SCMS from RDC,Zambia,2010-01-15,2009-12-09,1,True,-37,True
DN-1587,SCMS from RDC,Mozambique,2010-02-26,2010-01-16,1,True,-41,True
DN-1588,SCMS from RDC,Ethiopia,2009-12-08,2009-12-08,1,True,0,True
DN-1589,SCMS from RDC,Haiti,2009-12-22,2009-12-16,1,True,-6,True
DN-159,SCMS from RDC,Côte d'Ivoire,2007-06-04,2007-06-04,1,True,0,True
DN-1590,SCMS from RDC,Haiti,2009-12-25,2009-12-17,4,True,-8,True
DN-1591,SCMS from RDC,Nigeria,2009-12-18,2009-12-18,1,True,0,True
DN-1592,SCMS from RDC,Haiti,2009-12-25,2009-12-21,1,True,-4,True
DN-1593,SCMS from RDC,Nigeria,2010-01-31,2009-12-18,1,True,-44,True
DN-1594,SCMS from RDC,Nigeria,2009-12-18,2009-12-18,1,True,0,True
DN-1595,SCMS from RDC,Uganda,2010-02-03,2009-12-23,1,True,-42,True
DN-1596,SCMS from RDC,Uganda,2010-02-15,2010-01-15,1,True,-31,True
DN-1597,SCMS from RDC,Uganda,2010-02-10,2010-01-07,1,True,-34,True
DN-1598,SCMS from RDC,Uganda,2010-02-17,2009-12-23,3,True,-56,True
DN-1599,SCMS from RDC,Uganda,2010-02-25,2010-01-15,1,True,-41,True
DN-16,SCMS from RDC,Côte d'Ivoire,2007-02-22,2007-02-22,5,True,0,True
DN-160,SCMS from RDC,Côte d'Ivoire,2007-06-15,2007-06-15,3,True,0,True
DN-1600,SCMS from RDC,Ethiopia,2010-01-04,2009-12-08,1,True,-27,True
DN-1601,SCMS from RDC,Uganda,2010-01-15,2010-01-22,1,True,7,False
DN-1602,SCMS from RDC,Vietnam,2010-02-11,2009-12-18,1,True,-55,True
DN-1603,SCMS from RDC,Zambia,2010-01-17,2010-01-11,1,True,-6,True
DN-1604,SCMS from RDC,Ethiopia,2010-01-04,2009-12-18,1,True,-17,True
DN-1605,SCMS from RDC,Haiti,2010-01-11,2010-01-08,2,True,-3,True
DN-1607,SCMS from RDC,Uganda,2010-01-15,2010-01-11,1,True,-4,True
DN-1608,SCMS from RDC,Mozambique,2010-03-31,2010-03-24,1,True,-7,True
DN-1609,SCMS from RDC,Haiti,2010-01-18,2010-01-27,2,True,9,False
DN-161,SCMS from RDC,Tanzania,2007-07-06,2007-07-06,1,True,0,True
DN-1610,SCMS from RDC,Ethiopia,2010-01-13,2010-01-13,1,True,0,True
DN-1614,SCMS from RDC,Nigeria,2010-01-29,2010-01-22,1,True,-7,True
DN-1615,SCMS from RDC,Nigeria,2010-02-19,2010-01-22,1,True,-28,True
DN-1616,SCMS from RDC,Ethiopia,2010-02-28,2010-01-15,1,True,-44,True
DN-1617,SCMS from RDC,Haiti,2010-03-05,2010-02-24,2,True,-9,True
DN-1618,SCMS from RDC,Côte d'Ivoire,2010-02-05,2010-01-23,1,True,-13,True
DN-1619,SCMS from RDC,Côte d'Ivoire,2010-02-08,2010-01-23,1,True,-16,True
DN-1620,SCMS from RDC,Côte d'Ivoire,2010-02-08,2010-01-23,2,True,-16,True
DN-1621,SCMS from RDC,Côte d'Ivoire,2010-02-08,2010-01-23,1,True,-16,True
DN-1622,SCMS from RDC,Uganda,2010-02-03,2010-02-03,1,True,0,True
DN-1623,SCMS from RDC,Côte d'Ivoire,2010-02-09,2010-02-02,1,True,-7,True
DN-1624,SCMS from RDC,Sudan,2009-11-30,2009-11-22,3,True,-8,True
DN-1626,SCMS from RDC,Haiti,2010-03-05,2010-03-03,1,True,-2,True
DN-1627,SCMS from RDC,Haiti,2010-03-05,2010-03-03,1,True,-2,True
DN-1628,SCMS from RDC,Mozambique,2010-04-14,2010-04-14,3,True,0,True
DN-1629,SCMS from RDC,Côte d'Ivoire,2010-02-11,2010-02-02,2,True,-9,True
DN-163,SCMS from RDC,Côte d'Ivoire,2007-06-15,2007-06-15,1,True,0,True
DN-1631,SCMS from RDC,Uganda,2010-03-19,2010-01-29,1,True,-49,True
DN-1632,SCMS from RDC,Uganda,2010-03-22,2010-01-29,1,True,-52,True
DN-1633,SCMS from RDC,Uganda,2010-03-03,2010-01-29,1,True,-33,True
DN-1634,SCMS from RDC,Uganda,2010-02-25,2010-01-29,1,True,-27,True
DN-1635,SCMS from RDC,Haiti,2010-03-05,2010-03-03,1,True,-2,True
DN-1636,SCMS from RDC,Uganda,2010-02-11,2010-01-29,2,True,-13,True
DN-1637,SCMS from RDC,Guyana,2010-02-26,2010-02-09,2,True,-17,True
DN-1638,SCMS from RDC,Uganda,2010-02-25,2010-02-18,4,True,-7,True
DN-164,SCMS from RDC,Côte d'Ivoire,2007-06-08,2007-06-08,1,True,0,True
DN-1640,SCMS from RDC,Côte d'Ivoire,2010-04-06,2010-02-15,1,True,-50,True
DN-1641,SCMS from RDC,Côte d'Ivoire,2010-05-10,2010-02-15,1,True,-84,True
DN-1642,SCMS from RDC,Côte d'Ivoire,2010-04-06,2010-02-15,1,True,-50,True
DN-1643,SCMS from RDC,Zambia,2010-03-15,2010-03-05,5,True,-10,True
DN-1644,SCMS from RDC,Zambia,2010-03-02,2010-03-05,1,True,3,False
DN-1645,SCMS from RDC,Uganda,2010-03-19,2010-02-26,1,True,-21,True
DN-1646,SCMS from RDC,Côte d'Ivoire,2010-04-06,2010-02-24,1,True,-41,True
DN-1647,SCMS from RDC,Côte d'Ivoire,2010-05-10,2010-02-19,1,True,-80,True
DN-1648,SCMS from RDC,Zambia,2010-03-05,2010-03-05,1,True,0,True
DN-1649,SCMS from RDC,Uganda,2010-05-20,2009-12-23,1,True,-148,True
DN-165,SCMS from RDC,Zambia,2007-06-05,2007-06-05,1,True,0,True
DN-1650,SCMS from RDC,Zambia,2010-03-15,2010-03-05,1,True,-10,True
DN-1651,SCMS from RDC,Mozambique,2010-04-19,2010-04-14,1,True,-5,True
DN-1652,SCMS from RDC,Côte d'Ivoire,2010-03-10,2010-03-02,1,True,-8,True
DN-1653,SCMS from RDC,Côte d'Ivoire,2010-03-09,2010-03-02,1,True,-7,True
DN-1654,SCMS from RDC,Uganda,2010-03-18,2010-03-17,2,True,-1,True
DN-1655,SCMS from RDC,Côte d'Ivoire,2010-06-28,2010-03-01,1,True,-119,True
DN-1656,SCMS from RDC,Côte d'Ivoire,2010-04-06,2010-03-01,1,True,-36,True
DN-1657,SCMS from RDC,Zimbabwe,2010-03-31,2010-03-12,2,True,-19,True
DN-1658,SCMS from RDC,Zimbabwe,2010-03-30,2010-03-12,1,True,-18,True
DN-1659,SCMS from RDC,Zimbabwe,2010-03-31,2010-03-12,4,True,-19,True
DN-166,SCMS from RDC,Côte d'Ivoire,2007-06-21,2007-06-21,1,True,0,True
DN-1660,SCMS from RDC,Zimbabwe,2010-03-31,2010-03-12,3,True,-19,True
DN-1662,SCMS from RDC,Côte d'Ivoire,2010-03-09,2010-03-01,5,True,-8,True
DN-1663,SCMS from RDC,Tanzania,2010-04-14,2010-03-18,1,True,-27,True
DN-1664,SCMS from RDC,Haiti,2010-03-10,2010-03-03,1,True,-7,True
DN-1665,SCMS from RDC,Haiti,2010-03-24,2010-03-03,1,True,-21,True
DN-1666,SCMS from RDC,Haiti,2010-03-12,2010-03-03,1,True,-9,True
DN-1667,SCMS from RDC,Haiti,2010-03-10,2010-03-03,6,True,-7,True
DN-1668,SCMS from RDC,Haiti,2010-04-07,2010-03-03,3,True,-35,True
DN-1669,SCMS from RDC,Haiti,2010-03-02,2010-03-03,1,True,1,False
DN-1670,SCMS from RDC,Côte d'Ivoire,2010-03-16,2010-03-10,2,True,-6,True
DN-1671,SCMS from RDC,Côte d'Ivoire,2010-03-09,2010-03-10,4,True,1,False
DN-1672,SCMS from RDC,Haiti,2010-03-16,2010-03-15,1,True,-1,True
DN-1673,SCMS from RDC,Haiti,2010-03-15,2010-03-15,3,True,0,True
DN-1674,SCMS from RDC,Ethiopia,2010-03-03,2010-03-05,1,True,2,False
DN-1675,SCMS from RDC,Uganda,2010-03-22,2010-03-17,1,True,-5,True
DN-1676,SCMS from RDC,Côte d'Ivoire,2010-03-09,2010-03-10,1,True,1,False
DN-1677,SCMS from RDC,Uganda,2010-03-19,2010-03-17,2,True,-2,True
DN-1678,SCMS from RDC,Uganda,2010-04-01,2010-03-15,1,True,-17,True
DN-1679,SCMS from RDC,Mozambique,2010-04-28,2010-04-28,2,True,0,True
DN-168,SCMS from RDC,Tanzania,2007-07-06,2007-07-06,1,True,0,True
DN-1680,SCMS from RDC,Côte d'Ivoire,2010-03-22,2010-03-11,1,True,-11,True
DN-1681,SCMS from RDC,Côte d'Ivoire,2010-05-10,2010-03-11,1,True,-60,True
DN-1683,SCMS from RDC,Nigeria,2010-04-19,2010-03-31,1,True,-19,True
DN-1684,SCMS from RDC,Nigeria,2010-04-19,2010-03-31,1,True,-19,True
DN-1685,SCMS from RDC,Nigeria,2010-04-19,2010-03-31,1,True,-19,True
DN-1686,SCMS from RDC,Nigeria,2010-04-19,2010-03-31,1,True,-19,True
DN-1687,SCMS from RDC,Nigeria,2010-04-19,2010-03-31,1,True,-19,True
DN-1688,SCMS from RDC,Nigeria,2010-04-19,2010-03-31,1,True,-19,True
DN-1689,SCMS from RDC,Nigeria,2010-04-19,2010-03-31,1,True,-19,True
DN-169,SCMS from RDC,Tanzania,2007-07-06,2007-07-06,1,True,0,True
DN-1690,SCMS from RDC,Nigeria,2010-04-19,2010-03-31,1,True,-19,True
DN-1691,SCMS from RDC,Nigeria,2010-04-19,2010-03-31,1,True,-19,True
DN-1692,SCMS from RDC,Nigeria,2010-04-19,2010-03-31,1,True,-19,True
DN-1693,SCMS from RDC,Nigeria,2010-04-19,2010-03-31,1,True,-19,True
DN-1694,SCMS from RDC,Nigeria,2010-04-19,2010-03-31,1,True,-19,True
DN-1695,SCMS from RDC,Nigeria,2010-04-19,2010-03-31,1,True,-19,True
DN-1697,SCMS from RDC,Uganda,2010-04-01,2010-03-25,1,True,-7,True
DN-1698,SCMS from RDC,Mozambique,2010-05-17,2010-04-14,1,True,-33,True
DN-17,SCMS from RDC,Mozambique,2007-01-09,2007-01-09,3,True,0,True
DN-170,SCMS from RDC,Côte d'Ivoire,2007-06-08,2007-06-08,1,True,0,True
DN-1700,SCMS from RDC,Nigeria,2010-04-19,2010-03-31,1,True,-19,True
DN-1701,SCMS from RDC,Nigeria,2010-04-19,2010-03-31,1,True,-19,True
DN-1702,SCMS from RDC,Nigeria,2010-04-19,2010-03-31,1,True,-19,True
DN-1703,SCMS from RDC,Nigeria,2010-04-19,2010-03-31,1,True,-19,True
DN-1704,SCMS from RDC,Nigeria,2010-04-19,2010-03-31,1,True,-19,True
DN-1705,SCMS from RDC,Nigeria,2010-04-19,2010-03-31,1,True,-19,True
DN-1706,SCMS from RDC,Nigeria,2010-04-19,2010-03-31,1,True,-19,True
DN-1707,SCMS from RDC,Nigeria,2010-04-19,2010-03-31,1,True,-19,True
DN-1708,SCMS from RDC,Nigeria,2010-03-31,2010-03-31,1,True,0,True
DN-1709,SCMS from RDC,Nigeria,2010-04-19,2010-03-31,1,True,-19,True
DN-1710,SCMS from RDC,Nigeria,2010-04-19,2010-03-31,1,True,-19,True
DN-1712,SCMS from RDC,Nigeria,2010-04-19,2010-03-31,1,True,-19,True
DN-1713,SCMS from RDC,Nigeria,2010-04-19,2010-03-31,1,True,-19,True
DN-1714,SCMS from RDC,Nigeria,2010-04-19,2010-03-31,1,True,-19,True
DN-1715,SCMS from RDC,Nigeria,2010-04-19,2010-03-31,1,True,-19,True
DN-1716,SCMS from RDC,Nigeria,2010-04-19,2010-03-31,1,True,-19,True
DN-1717,SCMS from RDC,Nigeria,2010-04-19,2010-03-31,1,True,-19,True
DN-1718,SCMS from RDC,Nigeria,2010-04-19,2010-03-31,1,True,-19,True
DN-1719,SCMS from RDC,Nigeria,2010-05-31,2010-05-18,1,True,-13,True
DN-172,SCMS from RDC,Nigeria,2007-06-26,2007-06-26,4,True,0,True
DN-1720,SCMS from RDC,Nigeria,2010-04-19,2010-03-31,1,True,-19,True
DN-1721,SCMS from RDC,Nigeria,2010-04-19,2010-03-31,1,True,-19,True
DN-1722,SCMS from RDC,Nigeria,2010-04-19,2010-03-31,1,True,-19,True
DN-1723,SCMS from RDC,Nigeria,2010-04-19,2010-03-30,1,True,-20,True
DN-1724,SCMS from RDC,Nigeria,2010-04-19,2010-05-18,1,True,29,False
DN-1725,SCMS from RDC,Nigeria,2010-04-19,2010-03-31,1,True,-19,True
DN-1726,SCMS from RDC,Nigeria,2010-04-19,2010-03-31,1,True,-19,True
DN-1727,SCMS from RDC,Nigeria,2010-04-19,2010-03-31,1,True,-19,True
DN-1728,SCMS from RDC,Nigeria,2010-04-19,2010-05-18,1,True,29,False
DN-1729,SCMS from RDC,Nigeria,2010-04-19,2010-03-31,1,True,-19,True
DN-173,SCMS from RDC,Côte d'Ivoire,2007-06-21,2007-06-21,1,True,0,True
DN-1730,SCMS from RDC,Nigeria,2010-04-19,2010-03-31,1,True,-19,True
DN-1731,SCMS from RDC,Nigeria,2010-04-19,2010-03-31,1,True,-19,True
DN-1733,SCMS from RDC,Uganda,2010-03-31,2010-03-19,1,True,-12,True
DN-1734,SCMS from RDC,Nigeria,2010-04-19,2010-03-31,1,True,-19,True
DN-1735,SCMS from RDC,Nigeria,2010-04-19,2010-03-31,1,True,-19,True
DN-1736,SCMS from RDC,Nigeria,2010-05-31,2010-03-31,1,True,-61,True
DN-1738,SCMS from RDC,Nigeria,2010-04-19,2010-03-31,1,True,-19,True
DN-1739,SCMS from RDC,Zimbabwe,2010-05-27,2010-03-31,1,True,-57,True
DN-174,SCMS from RDC,Côte d'Ivoire,2007-06-08,2007-06-08,1,True,0,True
DN-1740,SCMS from RDC,Nigeria,2010-04-19,2010-03-31,1,True,-19,True
DN-1741,SCMS from RDC,Nigeria,2010-03-31,2010-03-31,1,True,0,True
DN-1742,SCMS from RDC,Nigeria,2010-03-31,2010-03-31,1,True,0,True
DN-1744,SCMS from RDC,Nigeria,2010-04-19,2010-03-31,1,True,-19,True
DN-1745,SCMS from RDC,Nigeria,2010-04-19,2010-03-30,1,True,-20,True
DN-1746,SCMS from RDC,Nigeria,2010-04-19,2010-03-31,1,True,-19,True
DN-1747,SCMS from RDC,Nigeria,2010-04-19,2010-03-30,1,True,-20,True
DN-1748,SCMS from RDC,Nigeria,2010-04-19,2010-03-30,1,True,-20,True
DN-1749,SCMS from RDC,Uganda,2010-03-26,2010-03-25,1,True,-1,True
DN-1750,SCMS from RDC,Uganda,2010-04-30,2010-03-25,1,True,-36,True
DN-1751,SCMS from RDC,Uganda,2010-04-12,2010-03-25,1,True,-18,True
DN-1752,SCMS from RDC,Uganda,2010-04-01,2010-03-25,2,True,-7,True
DN-1753,SCMS from RDC,Uganda,2010-04-01,2010-03-25,1,True,-7,True
DN-1754,SCMS from RDC,Uganda,2010-04-01,2010-03-25,1,True,-7,True
DN-1755,SCMS from RDC,Uganda,2010-04-01,2010-03-25,1,True,-7,True
DN-1756,SCMS from RDC,Uganda,2010-04-01,2010-03-25,1,True,-7,True
DN-1757,SCMS from RDC,Uganda,2010-04-07,2010-03-25,1,True,-13,True
DN-1758,SCMS from RDC,Uganda,2010-04-28,2010-03-25,1,True,-34,True
DN-1759,SCMS from RDC,Côte d'Ivoire,2010-04-06,2010-04-01,3,True,-5,True
DN-1760,SCMS from RDC,Uganda,2010-05-26,2010-04-08,2,True,-48,True
DN-1761,SCMS from RDC,Uganda,2010-06-23,2010-04-08,2,True,-76,True
DN-1762,SCMS from RDC,Nigeria,2010-04-19,2010-03-31,1,True,-19,True
DN-1763,SCMS from RDC,Côte d'Ivoire,2010-04-12,2010-04-08,1,True,-4,True
DN-1764,SCMS from RDC,Côte d'Ivoire,2010-04-06,2010-04-01,1,True,-5,True
DN-1765,SCMS from RDC,Uganda,2010-05-26,2010-04-12,2,True,-44,True
DN-1766,SCMS from RDC,Uganda,2010-05-26,2010-04-12,2,True,-44,True
DN-1767,SCMS from RDC,Tanzania,2010-07-21,2010-03-31,1,True,-112,True
DN-1768,SCMS from RDC,Tanzania,2010-07-21,2010-04-21,2,True,-91,True
DN-1769,SCMS from RDC,Uganda,2010-06-04,2010-04-12,1,True,-53,True
DN-177,SCMS from RDC,Zambia,2007-06-15,2007-06-15,1,True,0,True
DN-1770,SCMS from RDC,Uganda,2010-06-04,2010-04-15,1,True,-50,True
DN-1772,SCMS from RDC,Uganda,2010-06-02,2010-04-22,1,True,-41,True
DN-1773,SCMS from RDC,Rwanda,2010-06-15,2010-04-19,1,True,-57,True
DN-1774,SCMS from RDC,Zambia,2010-07-21,2010-04-16,1,True,-96,True
DN-1775,SCMS from RDC,Zambia,2010-04-30,2010-04-16,2,True,-14,True
DN-1776,SCMS from RDC,Zambia,2010-05-17,2010-05-11,1,True,-6,True
DN-1777,SCMS from RDC,Nigeria,2010-03-31,2010-05-18,1,True,48,False
DN-1778,SCMS from RDC,Nigeria,2010-05-31,2010-05-18,1,True,-13,True
DN-1779,SCMS from RDC,Nigeria,2010-05-31,2010-05-18,1,True,-13,True
DN-1780,SCMS from RDC,Nigeria,2010-05-31,2010-05-18,1,True,-13,True
DN-1781,SCMS from RDC,Nigeria,2010-05-31,2010-05-18,1,True,-13,True
DN-1782,SCMS from RDC,Nigeria,2010-05-31,2010-05-18,1,True,-13,True
DN-1783,SCMS from RDC,Nigeria,2010-05-31,2010-05-18,1,True,-13,True
DN-1784,SCMS from RDC,Nigeria,2010-05-31,2010-05-18,1,True,-13,True
DN-1785,SCMS from RDC,Nigeria,2010-05-31,2010-05-18,1,True,-13,True
DN-1786,SCMS from RDC,Nigeria,2010-05-31,2010-05-18,1,True,-13,True
DN-1787,SCMS from RDC,Nigeria,2010-05-31,2010-05-18,1,True,-13,True
DN-1788,SCMS from RDC,Nigeria,2010-05-31,2010-05-18,1,True,-13,True
DN-1789,SCMS from RDC,Nigeria,2010-05-31,2010-05-18,1,True,-13,True
DN-1790,SCMS from RDC,Nigeria,2010-05-31,2010-05-18,1,True,-13,True
DN-1791,SCMS from RDC,Guyana,2010-04-15,2010-04-28,1,True,13,False
DN-1792,SCMS from RDC,Nigeria,2010-05-31,2010-05-18,1,True,-13,True
DN-1793,SCMS from RDC,Nigeria,2010-05-31,2010-05-18,1,True,-13,True
DN-1794,SCMS from RDC,Nigeria,2010-05-31,2010-05-18,2,True,-13,True
DN-1795,SCMS from RDC,Mozambique,2010-06-21,2010-06-14,3,True,-7,True
DN-1796,SCMS from RDC,Uganda,2010-06-09,2010-05-03,1,True,-37,True
DN-1797,SCMS from RDC,Uganda,2010-05-03,2010-05-03,1,True,0,True
DN-1798,SCMS from RDC,Uganda,2010-05-07,2010-05-19,1,True,12,False
DN-1799,SCMS from RDC,Côte d'Ivoire,2010-05-10,2010-05-07,7,True,-3,True
DN-18,SCMS from RDC,Mozambique,2007-03-29,2007-03-29,1,True,0,True
DN-180,SCMS from RDC,Nigeria,2007-06-26,2007-06-26,1,True,0,True
DN-1800,SCMS from RDC,Guyana,2010-06-30,2010-05-27,2,True,-34,True
DN-1801,SCMS from RDC,Uganda,2010-05-03,2010-05-03,2,True,0,True
DN-1802,SCMS from RDC,Nigeria,2010-05-31,2010-05-18,1,True,-13,True
DN-1803,SCMS from RDC,Nigeria,2010-05-31,2010-05-18,1,True,-13,True
DN-1804,SCMS from RDC,Nigeria,2010-05-31,2010-05-18,1,True,-13,True
DN-1805,SCMS from RDC,Nigeria,2010-05-31,2010-05-18,1,True,-13,True
DN-1806,SCMS from RDC,Nigeria,2010-05-31,2010-05-18,1,True,-13,True
DN-1807,SCMS from RDC,Nigeria,2010-05-31,2010-05-18,1,True,-13,True
DN-1808,SCMS from RDC,Nigeria,2010-05-31,2010-05-18,1,True,-13,True
DN-1809,SCMS from RDC,Nigeria,2010-05-31,2010-05-18,1,True,-13,True
DN-1810,SCMS from RDC,Nigeria,2010-05-31,2010-05-18,1,True,-13,True
DN-1811,SCMS from RDC,Guyana,2010-06-30,2010-05-25,1,True,-36,True
DN-1812,SCMS from RDC,Haiti,2010-05-17,2010-05-19,1,True,2,False
DN-1813,SCMS from RDC,Nigeria,2010-05-31,2010-05-18,1,True,-13,True
DN-1814,SCMS from RDC,Nigeria,2010-05-31,2010-05-18,1,True,-13,True
DN-1815,SCMS from RDC,Nigeria,2010-05-31,2010-05-18,1,True,-13,True
DN-1816,SCMS from RDC,Uganda,2010-05-03,2010-05-03,1,True,0,True
DN-1817,SCMS from RDC,Uganda,2010-05-03,2010-05-03,1,True,0,True
DN-1818,SCMS from RDC,Uganda,2010-06-02,2010-05-03,1,True,-30,True
DN-1819,SCMS from RDC,Uganda,2010-07-09,2010-05-03,1,True,-67,True
DN-182,SCMS from RDC,Zambia,2007-06-14,2007-06-14,2,True,0,True
DN-1820,SCMS from RDC,Uganda,2010-06-11,2010-05-03,1,True,-39,True
DN-1821,SCMS from RDC,Nigeria,2010-05-31,2010-05-18,1,True,-13,True
DN-1822,SCMS from RDC,Nigeria,2010-05-31,2010-05-18,1,True,-13,True
DN-1823,SCMS from RDC,Nigeria,2010-05-31,2010-05-18,1,True,-13,True
DN-1824,SCMS from RDC,Tanzania,2010-07-29,2010-05-25,1,True,-65,True
DN-1825,SCMS from RDC,Côte d'Ivoire,2010-05-31,2010-05-20,2,True,-11,True
DN-1826,SCMS from RDC,Nigeria,2010-05-31,2010-05-18,1,True,-13,True
DN-1827,SCMS from RDC,Ethiopia,2010-07-02,2010-05-04,1,True,-59,True
DN-1828,SCMS from RDC,Zambia,2010-05-17,2010-05-11,1,True,-6,True
DN-1829,SCMS from RDC,Zimbabwe,2010-05-31,2010-05-31,3,True,0,True
DN-183,SCMS from RDC,Mozambique,2007-07-04,2007-07-04,1,True,0,True
DN-1830,SCMS from RDC,Zimbabwe,2010-05-28,2010-05-31,1,True,3,False
DN-1831,SCMS from RDC,Zimbabwe,2010-05-28,2010-05-31,2,True,3,False
DN-1832,SCMS from RDC,Mozambique,2010-06-30,2010-06-14,3,True,-16,True
DN-1833,SCMS from RDC,Haiti,2010-05-19,2010-05-19,2,True,0,True
DN-1834,SCMS from RDC,Uganda,2010-05-31,2010-05-19,1,True,-12,True
DN-1835,SCMS from RDC,Tanzania,2010-07-21,2010-05-21,1,True,-61,True
DN-1836,SCMS from RDC,Côte d'Ivoire,2010-05-31,2010-05-25,1,True,-6,True
DN-1837,SCMS from RDC,Haiti,2010-05-31,2010-06-01,2,True,1,False
DN-1838,SCMS from RDC,Guyana,2010-06-07,2010-05-27,3,True,-11,True
DN-1839,SCMS from RDC,Zimbabwe,2010-07-30,2010-05-31,1,True,-60,True
DN-184,SCMS from RDC,Mozambique,2007-07-11,2007-07-11,2,True,0,True
DN-1840,SCMS from RDC,Uganda,2010-05-26,2010-05-27,1,True,1,False
DN-1841,SCMS from RDC,Uganda,2010-06-09,2010-05-25,1,True,-15,True
DN-1842,SCMS from RDC,Haiti,2010-06-02,2010-06-09,5,True,7,False
DN-1843,SCMS from RDC,Ethiopia,2010-06-15,2010-06-01,1,True,-14,True
DN-1844,SCMS from RDC,Ethiopia,2010-06-01,2010-05-31,1,True,-1,True
DN-1845,SCMS from RDC,Côte d'Ivoire,2010-06-15,2010-06-07,1,True,-8,True
DN-1846,SCMS from RDC,Uganda,2010-06-30,2010-06-22,1,True,-8,True
DN-1847,SCMS from RDC,Haiti,2010-06-30,2010-06-09,3,True,-21,True
DN-1849,SCMS from RDC,Haiti,2010-06-30,2010-06-09,1,True,-21,True
DN-1850,SCMS from RDC,Côte d'Ivoire,2010-06-03,2010-06-07,1,True,4,False
DN-1851,SCMS from RDC,Côte d'Ivoire,2010-06-03,2010-06-07,1,True,4,False
DN-1852,SCMS from RDC,Uganda,2010-06-30,2010-06-22,1,True,-8,True
DN-1853,SCMS from RDC,Uganda,2010-06-09,2010-06-15,1,True,6,False
DN-1854,SCMS from RDC,Haiti,2010-06-30,2010-06-30,1,True,0,True
DN-1855,SCMS from RDC,Nigeria,2010-05-31,2010-05-18,1,True,-13,True
DN-1856,SCMS from RDC,Uganda,2010-06-30,2010-06-22,2,True,-8,True
DN-1857,SCMS from RDC,Ethiopia,2010-06-21,2010-06-01,2,True,-20,True
DN-1858,SCMS from RDC,Uganda,2010-06-30,2010-06-15,1,True,-15,True
DN-1859,SCMS from RDC,Uganda,2010-06-30,2010-06-22,1,True,-8,True
DN-186,SCMS from RDC,Zambia,2007-06-12,2007-06-12,1,True,0,True
DN-1860,SCMS from RDC,Uganda,2010-06-30,2010-06-22,1,True,-8,True
DN-1861,SCMS from RDC,Côte d'Ivoire,2010-06-28,2010-06-16,1,True,-12,True
DN-1862,SCMS from RDC,Nigeria,2010-06-30,2010-06-28,1,True,-2,True
DN-1863,SCMS from RDC,Nigeria,2010-06-30,2010-06-28,1,True,-2,True
DN-1864,SCMS from RDC,Nigeria,2010-06-30,2010-06-28,1,True,-2,True
DN-1865,SCMS from RDC,Zambia,2010-06-30,2010-06-29,1,True,-1,True
DN-1866,SCMS from RDC,Zambia,2010-06-30,2010-06-29,1,True,-1,True
DN-1867,SCMS from RDC,Côte d'Ivoire,2010-06-28,2010-06-21,2,True,-7,True
DN-1868,SCMS from RDC,Côte d'Ivoire,2010-06-30,2010-06-21,2,True,-9,True
DN-1869,SCMS from RDC,Ethiopia,2010-06-30,2010-06-18,1,True,-12,True
DN-187,SCMS from RDC,Zimbabwe,2007-06-12,2007-06-12,2,True,0,True
DN-1870,SCMS from RDC,Rwanda,2010-07-15,2010-07-07,1,True,-8,True
DN-1871,SCMS from RDC,Haiti,2010-07-12,2010-06-30,2,True,-12,True
DN-1872,SCMS from RDC,Côte d'Ivoire,2010-07-05,2010-06-30,1,True,-5,True
DN-1873,SCMS from RDC,Côte d'Ivoire,2010-07-12,2010-06-30,2,True,-12,True
DN-1874,SCMS from RDC,Uganda,2010-07-28,2010-07-22,1,True,-6,True
DN-1875,SCMS from RDC,Zambia,2010-11-04,2010-06-29,3,True,-128,True
DN-1876,SCMS from RDC,Côte d'Ivoire,2010-07-09,2010-07-05,1,True,-4,True
DN-1877,SCMS from RDC,Côte d'Ivoire,2010-07-09,2010-07-05,1,True,-4,True
DN-1878,SCMS from RDC,Côte d'Ivoire,2010-07-09,2010-07-05,2,True,-4,True
DN-1879,SCMS from RDC,Côte d'Ivoire,2010-07-09,2010-07-05,1,True,-4,True
DN-1880,SCMS from RDC,Côte d'Ivoire,2010-07-09,2010-07-05,1,True,-4,True
DN-1881,SCMS from RDC,Nigeria,2010-07-15,2010-06-28,1,True,-17,True
DN-1882,SCMS from RDC,Nigeria,2010-07-15,2010-06-28,1,True,-17,True
DN-1883,SCMS from RDC,Nigeria,2010-08-31,2010-08-17,1,True,-14,True
DN-1884,SCMS from RDC,Nigeria,2010-08-31,2010-08-17,1,True,-14,True
DN-1885,SCMS from RDC,Nigeria,2010-08-31,2010-08-17,1,True,-14,True
DN-1886,SCMS from RDC,Nigeria,2010-07-15,2010-06-28,1,True,-17,True
DN-1887,SCMS from RDC,Côte d'Ivoire,2010-07-12,2010-07-05,1,True,-7,True
DN-1888,SCMS from RDC,Côte d'Ivoire,2010-07-09,2010-07-05,1,True,-4,True
DN-1889,SCMS from RDC,Côte d'Ivoire,2010-07-09,2010-07-05,1,True,-4,True
DN-189,SCMS from RDC,Mozambique,2007-06-20,2007-06-20,1,True,0,True
DN-1890,SCMS from RDC,Tanzania,2010-07-21,2010-07-08,1,True,-13,True
DN-1891,SCMS from RDC,Mozambique,2010-08-31,2010-07-20,1,True,-42,True
DN-1892,SCMS from RDC,Zambia,2010-07-21,2010-07-08,1,True,-13,True
DN-1893,SCMS from RDC,Nigeria,2010-07-15,2010-06-28,1,True,-17,True
DN-1894,SCMS from RDC,Nigeria,2010-07-15,2010-06-28,1,True,-17,True
DN-1895,SCMS from RDC,Nigeria,2010-07-15,2010-06-28,1,True,-17,True
DN-1896,SCMS from RDC,Nigeria,2010-07-15,2010-06-28,1,True,-17,True
DN-1897,SCMS from RDC,Nigeria,2010-07-15,2010-06-28,1,True,-17,True
DN-1898,SCMS from RDC,Nigeria,2010-07-15,2010-06-28,2,True,-17,True
DN-1899,SCMS from RDC,Nigeria,2010-07-15,2010-06-28,1,True,-17,True
DN-190,SCMS from RDC,Nigeria,2007-06-26,2007-06-26,2,True,0,True
DN-1900,SCMS from RDC,Nigeria,2010-07-15,2010-06-28,1,True,-17,True
DN-1901,SCMS from RDC,Nigeria,2010-07-15,2010-06-28,1,True,-17,True
DN-1902,SCMS from RDC,Nigeria,2010-07-15,2010-06-28,1,True,-17,True
DN-1903,SCMS from RDC,Nigeria,2010-07-15,2010-06-28,1,True,-17,True
DN-1904,SCMS from RDC,Nigeria,2010-07-15,2010-06-28,1,True,-17,True
DN-1905,SCMS from RDC,Nigeria,2010-07-15,2010-06-28,1,True,-17,True
DN-1906,SCMS from RDC,Nigeria,2010-07-21,2010-06-28,1,True,-23,True
DN-1907,SCMS from RDC,Ethiopia,2010-07-15,2010-07-08,1,True,-7,True
DN-1908,SCMS from RDC,Nigeria,2010-07-15,2010-06-28,1,True,-17,True
DN-1909,SCMS from RDC,Nigeria,2010-07-15,2010-06-28,1,True,-17,True
DN-191,SCMS from RDC,Nigeria,2007-06-26,2007-06-26,1,True,0,True
DN-1910,SCMS from RDC,Nigeria,2010-07-15,2010-06-28,1,True,-17,True
DN-1911,SCMS from RDC,Nigeria,2010-07-15,2010-06-28,1,True,-17,True
DN-1912,SCMS from RDC,Nigeria,2010-07-15,2010-06-28,1,True,-17,True
DN-1913,SCMS from RDC,Nigeria,2010-07-15,2010-06-28,1,True,-17,True
DN-1914,SCMS from RDC,Nigeria,2010-07-15,2010-06-28,1,True,-17,True
DN-1915,SCMS from RDC,Nigeria,2010-07-15,2010-06-28,1,True,-17,True
DN-1916,SCMS from RDC,Nigeria,2010-07-15,2010-06-28,1,True,-17,True
DN-1917,SCMS from RDC,Nigeria,2010-07-15,2010-06-28,1,True,-17,True
DN-1918,SCMS from RDC,Nigeria,2010-07-15,2010-06-28,1,True,-17,True
DN-1919,SCMS from RDC,Nigeria,2010-07-15,2010-06-28,1,True,-17,True
DN-1920,SCMS from RDC,Nigeria,2010-07-15,2010-06-28,1,True,-17,True
DN-1921,SCMS from RDC,Nigeria,2010-07-15,2010-06-28,1,True,-17,True
DN-1922,SCMS from RDC,Nigeria,2010-07-15,2010-06-28,1,True,-17,True
DN-1923,SCMS from RDC,Nigeria,2010-07-15,2010-06-28,1,True,-17,True
DN-1924,SCMS from RDC,Nigeria,2010-07-15,2010-06-28,2,True,-17,True
DN-1925,SCMS from RDC,Nigeria,2010-07-21,2010-06-28,2,True,-23,True
DN-1926,SCMS from RDC,Nigeria,2010-07-15,2010-06-28,1,True,-17,True
DN-1927,SCMS from RDC,Tanzania,2010-07-19,2010-08-04,1,True,16,False
DN-1928,SCMS from RDC,Nigeria,2010-07-15,2010-06-28,1,True,-17,True
DN-1929,SCMS from RDC,Nigeria,2010-07-15,2010-06-28,1,True,-17,True
DN-193,SCMS from RDC,Côte d'Ivoire,2007-06-28,2007-06-28,2,True,0,True
DN-1930,SCMS from RDC,Nigeria,2010-07-15,2010-06-28,1,True,-17,True
DN-1931,SCMS from RDC,Nigeria,2010-07-15,2010-06-28,1,True,-17,True
DN-1932,SCMS from RDC,Nigeria,2010-07-15,2010-06-28,1,True,-17,True
DN-1933,SCMS from RDC,Nigeria,2010-07-15,2010-06-28,1,True,-17,True
DN-1934,SCMS from RDC,Nigeria,2010-07-15,2010-06-28,1,True,-17,True
DN-1935,SCMS from RDC,Nigeria,2010-07-15,2010-06-28,1,True,-17,True
DN-1936,SCMS from RDC,Nigeria,2010-07-15,2010-06-28,1,True,-17,True
DN-1937,SCMS from RDC,Nigeria,2010-07-15,2010-06-28,1,True,-17,True
DN-1938,SCMS from RDC,Nigeria,2010-07-15,2010-06-28,1,True,-17,True
DN-1939,SCMS from RDC,Nigeria,2010-07-15,2010-06-28,1,True,-17,True
DN-194,SCMS from RDC,Côte d'Ivoire,2007-06-28,2007-06-28,2,True,0,True
DN-1940,SCMS from RDC,Nigeria,2010-07-15,2010-06-28,1,True,-17,True
DN-1941,SCMS from RDC,Nigeria,2010-07-15,2010-06-28,1,True,-17,True
DN-1942,SCMS from RDC,Nigeria,2010-07-15,2010-06-28,1,True,-17,True
DN-1943,SCMS from RDC,Uganda,2010-08-04,2010-07-19,2,True,-16,True
DN-1944,SCMS from RDC,Haiti,2010-08-01,2010-07-21,1,True,-11,True
DN-1945,SCMS from RDC,Nigeria,2010-07-15,2010-06-28,1,True,-17,True
DN-1947,SCMS from RDC,Tanzania,2010-07-21,2010-07-21,1,True,0,True
DN-1948,SCMS from RDC,Zimbabwe,2010-07-30,2010-07-22,6,True,-8,True
DN-1949,SCMS from RDC,Uganda,2010-08-04,2010-08-02,4,True,-2,True
DN-1950,SCMS from RDC,Rwanda,2010-08-30,2010-08-03,1,True,-27,True
DN-1951,SCMS from RDC,Ethiopia,2010-09-21,2010-07-19,2,True,-64,True
DN-1952,SCMS from RDC,Ethiopia,2010-09-21,2010-07-14,2,True,-69,True
DN-1953,SCMS from RDC,Tanzania,2010-08-26,2010-08-23,1,True,-3,True
DN-1954,SCMS from RDC,Tanzania,2010-08-31,2010-08-23,1,True,-8,True
DN-1955,SCMS from RDC,Nigeria,2010-08-16,2010-08-17,1,True,1,False
DN-1956,SCMS from RDC,Nigeria,2010-08-16,2010-08-17,1,True,1,False
DN-1957,SCMS from RDC,Nigeria,2010-08-16,2010-08-17,1,True,1,False
DN-1958,SCMS from RDC,Nigeria,2010-08-16,2010-08-17,1,True,1,False
DN-1959,SCMS from RDC,Nigeria,2010-08-16,2010-08-17,1,True,1,False
DN-196,SCMS from RDC,Côte d'Ivoire,2007-06-28,2007-06-28,2,True,0,True
DN-1962,SCMS from RDC,Mozambique,2010-08-31,2010-08-18,2,True,-13,True
DN-1964,SCMS from RDC,Haiti,2010-08-10,2010-08-23,5,True,13,False
DN-1965,SCMS from RDC,Haiti,2010-08-24,2010-08-23,1,True,-1,True
DN-1966,SCMS from RDC,Nigeria,2010-08-09,2010-08-17,1,True,8,False
DN-1967,SCMS from RDC,Nigeria,2010-08-09,2010-08-17,1,True,8,False
DN-1968,SCMS from RDC,Nigeria,2010-08-31,2010-08-17,1,True,-14,True
DN-1969,SCMS from RDC,Nigeria,2010-08-31,2010-08-17,1,True,-14,True
DN-1970,SCMS from RDC,Nigeria,2010-08-31,2010-08-17,1,True,-14,True
DN-1971,SCMS from RDC,Nigeria,2010-08-31,2010-08-17,1,True,-14,True
DN-1972,SCMS from RDC,Nigeria,2010-08-31,2010-08-17,1,True,-14,True
DN-1973,SCMS from RDC,Nigeria,2010-08-31,2010-08-17,1,True,-14,True
DN-1974,SCMS from RDC,Nigeria,2010-08-31,2010-08-17,1,True,-14,True
DN-1975,SCMS from RDC,Nigeria,2010-08-31,2010-08-17,1,True,-14,True
DN-1976,SCMS from RDC,Nigeria,2010-08-31,2010-08-17,1,True,-14,True
DN-1977,SCMS from RDC,Nigeria,2010-08-31,2010-08-17,1,True,-14,True
DN-1978,SCMS from RDC,Nigeria,2010-08-31,2010-08-17,1,True,-14,True
DN-1979,SCMS from RDC,Nigeria,2010-08-31,2010-08-17,1,True,-14,True
DN-198,SCMS from RDC,Côte d'Ivoire,2007-06-25,2007-06-25,1,True,0,True
DN-1980,SCMS from RDC,Nigeria,2010-08-31,2010-08-17,1,True,-14,True
DN-1981,SCMS from RDC,Ethiopia,2010-08-17,2010-08-09,1,True,-8,True
DN-1982,SCMS from RDC,Côte d'Ivoire,2010-08-23,2010-08-23,8,True,0,True
DN-1983,SCMS from RDC,Côte d'Ivoire,2010-08-31,2010-08-23,2,True,-8,True
DN-1984,SCMS from RDC,Côte d'Ivoire,2010-08-31,2010-08-23,6,True,-8,True
DN-1985,SCMS from RDC,Dominican Republic,2010-08-30,2010-08-28,2,True,-2,True
DN-1986,SCMS from RDC,Uganda,2010-08-29,2010-08-27,1,True,-2,True
DN-1987,SCMS from RDC,Uganda,2010-09-03,2010-08-27,1,True,-7,True
DN-1988,SCMS from RDC,Uganda,2010-08-30,2010-08-23,1,True,-7,True
DN-199,SCMS from RDC,Côte d'Ivoire,2007-07-05,2007-07-05,2,True,0,True
DN-1990,SCMS from RDC,Nigeria,2010-08-12,2010-08-17,1,True,5,False
DN-1991,SCMS from RDC,Nigeria,2010-08-12,2010-08-17,1,True,5,False
DN-1992,SCMS from RDC,Nigeria,2010-08-12,2010-08-17,1,True,5,False
DN-1993,SCMS from RDC,Nigeria,2010-08-12,2010-08-17,1,True,5,False
DN-1994,SCMS from RDC,Nigeria,2010-08-12,2010-08-17,2,True,5,False
DN-1997,SCMS from RDC,Uganda,2010-10-29,2010-09-27,4,True,-32,True
DN-1998,SCMS from RDC,Uganda,2010-09-30,2010-08-23,4,True,-38,True
DN-1999,SCMS from RDC,Ethiopia,2010-09-21,2010-08-24,1,True,-28,True
DN-2000,SCMS from RDC,Côte d'Ivoire,2010-09-14,2010-09-06,1,True,-8,True
DN-2001,SCMS from RDC,Côte d'Ivoire,2010-09-21,2010-09-06,1,True,-15,True
DN-2002,SCMS from RDC,Uganda,2010-09-30,2010-09-02,1,True,-28,True
DN-2003,SCMS from RDC,Zambia,2010-09-22,2010-09-01,3,True,-21,True
DN-2004,SCMS from RDC,Côte d'Ivoire,2010-09-30,2010-09-06,1,True,-24,True
DN-2005,SCMS from RDC,Côte d'Ivoire,2010-09-10,2010-09-06,1,True,-4,True
DN-2006,SCMS from RDC,Ethiopia,2010-09-15,2010-09-13,1,True,-2,True
DN-2007,SCMS from RDC,Ethiopia,2010-08-30,2010-09-13,1,True,14,False
DN-2008,SCMS from RDC,Tanzania,2010-09-30,2010-09-10,2,True,-20,True
DN-2009,SCMS from RDC,Zambia,2010-09-27,2010-09-08,1,True,-19,True
DN-201,SCMS from RDC,Zambia,2007-06-26,2007-06-26,1,True,0,True
DN-2010,SCMS from RDC,Zambia,2010-11-04,2010-09-09,1,True,-56,True
DN-2011,SCMS from RDC,Côte d'Ivoire,2010-09-30,2010-09-25,8,True,-5,True
DN-2012,SCMS from RDC,Côte d'Ivoire,2010-10-19,2010-09-25,4,True,-24,True
DN-2013,SCMS from RDC,Côte d'Ivoire,2010-09-30,2010-09-25,1,True,-5,True
DN-2014,SCMS from RDC,Mozambique,2010-10-15,2010-10-29,2,True,14,False
DN-2015,SCMS from RDC,Haiti,2010-09-30,2010-10-07,5,True,7,False
DN-2016,SCMS from RDC,Guyana,2010-11-23,2010-09-19,2,True,-65,True
DN-2017,SCMS from RDC,Guyana,2010-11-23,2010-09-19,5,True,-65,True
DN-2018,SCMS from RDC,Zambia,2010-11-04,2010-10-12,3,True,-23,True
DN-2019,SCMS from RDC,Zimbabwe,2010-09-30,2010-10-04,4,True,4,False
DN-2020,SCMS from RDC,Haiti,2010-10-08,2010-10-21,1,True,13,False
DN-2021,SCMS from RDC,Haiti,2010-10-20,2010-10-21,2,True,1,False
DN-2022,SCMS from RDC,Guyana,2010-10-20,2010-09-28,1,True,-22,True
DN-2024,SCMS from RDC,Tanzania,2010-10-29,2010-10-29,1,True,0,True
DN-2025,SCMS from RDC,Nigeria,2010-10-22,2010-11-10,9,True,19,False
DN-2026,SCMS from RDC,Uganda,2010-10-20,2010-10-25,5,True,5,False
DN-2027,SCMS from RDC,Mozambique,2010-11-25,2010-12-01,1,True,6,False
DN-2028,SCMS from RDC,Uganda,2010-10-29,2010-10-15,1,True,-14,True
DN-2029,SCMS from RDC,Zambia,2010-11-04,2010-10-22,1,True,-13,True
DN-203,SCMS from RDC,Zambia,2007-07-27,2007-07-27,1,True,0,True
DN-2030,SCMS from RDC,Zambia,2010-11-04,2010-10-22,1,True,-13,True
DN-2031,SCMS from RDC,Uganda,2010-10-20,2010-10-26,2,True,6,False
DN-2032,SCMS from RDC,Zambia,2010-11-04,2010-11-08,3,True,4,False
DN-2033,SCMS from RDC,Côte d'Ivoire,2010-10-28,2010-11-23,5,True,26,False
DN-2034,SCMS from RDC,Côte d'Ivoire,2010-10-30,2010-11-23,1,True,24,False
DN-2035,SCMS from RDC,Côte d'Ivoire,2010-11-30,2010-11-26,11,True,-4,True
DN-2036,SCMS from RDC,Côte d'Ivoire,2010-11-16,2010-11-26,1,True,10,False
DN-2037,SCMS from RDC,Mozambique,2010-11-30,2010-12-13,1,True,13,False
DN-2038,SCMS from RDC,Guyana,2010-11-23,2010-11-13,1,True,-10,True
DN-2039,SCMS from RDC,Tanzania,2010-12-03,2010-12-03,1,True,0,True
DN-204,SCMS from RDC,Zambia,2007-06-20,2007-06-20,1,True,0,True
DN-2040,SCMS from RDC,Tanzania,2010-11-30,2010-12-03,1,True,3,False
DN-2041,SCMS from RDC,Zimbabwe,2010-11-30,2010-11-25,3,True,-5,True
DN-2042,SCMS from RDC,Nigeria,2010-11-18,2010-11-10,1,True,-8,True
DN-2043,SCMS from RDC,Nigeria,2010-11-18,2010-11-10,1,True,-8,True
DN-2044,SCMS from RDC,Nigeria,2010-11-18,2010-11-10,1,True,-8,True
DN-2045,SCMS from RDC,Nigeria,2010-11-16,2010-11-10,1,True,-6,True
DN-2046,SCMS from RDC,Nigeria,2010-11-16,2010-11-10,1,True,-6,True
DN-2047,SCMS from RDC,Nigeria,2010-11-18,2010-11-09,2,True,-9,True
DN-2048,SCMS from RDC,Uganda,2010-11-26,2010-11-23,1,True,-3,True
DN-2049,SCMS from RDC,Ethiopia,2010-11-19,2010-11-17,1,True,-2,True
DN-205,SCMS from RDC,Zambia,2007-06-20,2007-06-20,1,True,0,True
DN-2050,SCMS from RDC,Ethiopia,2010-11-19,2010-11-08,2,True,-11,True
DN-2051,SCMS from RDC,Mozambique,2010-12-20,2010-12-23,3,True,3,False
DN-2052,SCMS from RDC,Mozambique,2010-12-14,2011-01-07,1,True,24,False
DN-2053,SCMS from RDC,Zambia,2010-11-26,2010-12-03,3,True,7,False
DN-2054,SCMS from RDC,Zambia,2010-12-31,2010-11-25,4,True,-36,True
DN-2055,SCMS from RDC,Uganda,2010-12-02,2010-12-02,1,True,0,True
DN-2056,SCMS from RDC,Uganda,2010-12-02,2010-11-29,2,True,-3,True
DN-2057,SCMS from RDC,Uganda,2010-12-02,2010-11-29,1,True,-3,True
DN-2058,SCMS from RDC,Uganda,2010-12-02,2010-11-29,1,True,-3,True
DN-2059,SCMS from RDC,Haiti,2010-11-26,2010-12-15,3,True,19,False
DN-206,SCMS from RDC,Côte d'Ivoire,2007-07-10,2007-07-10,1,True,0,True
DN-2060,SCMS from RDC,Côte d'Ivoire,2010-11-30,2010-12-22,2,True,22,False
DN-2061,SCMS from RDC,Côte d'Ivoire,2010-11-30,2010-12-22,1,True,22,False
DN-2062,SCMS from RDC,Côte d'Ivoire,2010-12-07,2010-12-13,1,True,6,False
DN-2064,SCMS from RDC,Côte d'Ivoire,2010-11-30,2010-12-09,6,True,9,False
DN-2065,SCMS from RDC,Dominican Republic,2011-01-31,2010-12-08,5,True,-54,True
DN-2066,SCMS from RDC,Dominican Republic,2010-11-30,2010-12-14,2,True,14,False
DN-2067,SCMS from RDC,Uganda,2010-12-27,2010-12-02,1,True,-25,True
DN-2068,SCMS from RDC,Uganda,2010-12-15,2010-12-01,1,True,-14,True
DN-207,SCMS from RDC,Zambia,2007-06-20,2007-06-20,1,True,0,True
DN-2071,SCMS from RDC,Côte d'Ivoire,2010-12-14,2010-12-15,1,True,1,False
DN-2072,SCMS from RDC,Zambia,2010-11-15,2010-12-10,2,True,25,False
DN-2073,SCMS from RDC,Haiti,2010-12-20,2011-01-05,8,True,16,False
DN-2074,SCMS from RDC,Ethiopia,2010-12-08,2010-12-09,1,True,1,False
DN-2075,SCMS from RDC,Ethiopia,2010-12-15,2010-12-09,1,True,-6,True
DN-2076,SCMS from RDC,Côte d'Ivoire,2010-12-15,2010-12-15,2,True,0,True
DN-2077,SCMS from RDC,Uganda,2011-02-08,2010-12-23,2,True,-47,True
DN-2078,SCMS from RDC,Zambia,2011-04-01,2011-01-13,1,True,-78,True
DN-2079,SCMS from RDC,Uganda,2010-12-31,2010-12-23,1,True,-8,True
DN-208,SCMS from RDC,Mozambique,2007-07-12,2007-07-12,1,True,0,True
DN-2080,SCMS from RDC,Nigeria,2011-03-30,2011-01-09,1,True,-80,True
DN-2081,SCMS from RDC,Zambia,2011-01-20,2011-02-07,1,True,18,False
DN-2082,SCMS from RDC,Uganda,2011-01-14,2011-01-14,1,True,0,True
DN-2083,SCMS from RDC,Uganda,2011-02-08,2011-01-17,1,True,-22,True
DN-2084,SCMS from RDC,Uganda,2011-02-07,2011-01-14,1,True,-24,True
DN-2086,SCMS from RDC,Mozambique,2011-03-10,2011-03-02,1,True,-8,True
DN-2087,SCMS from RDC,Zambia,2011-01-31,2011-01-24,1,True,-7,True
DN-2088,SCMS from RDC,Ethiopia,2011-01-21,2011-01-12,1,True,-9,True
DN-2089,SCMS from RDC,Guatemala,2011-01-31,2011-01-24,5,True,-7,True
DN-209,SCMS from RDC,Nigeria,2007-07-03,2007-07-03,7,True,0,True
DN-2090,SCMS from RDC,Nigeria,2011-02-22,2011-02-16,9,True,-6,True
DN-2091,SCMS from RDC,Zambia,2011-01-31,2011-01-18,1,True,-13,True
DN-2092,SCMS from RDC,Nigeria,2011-02-21,2011-02-16,1,True,-5,True
DN-2093,SCMS from RDC,Nigeria,2011-02-21,2011-02-16,1,True,-5,True
DN-2094,SCMS from RDC,Mozambique,2011-02-28,2011-02-25,1,True,-3,True
DN-2095,SCMS from RDC,Côte d'Ivoire,2011-02-22,2011-02-22,2,True,0,True
DN-2096,SCMS from RDC,Mozambique,2011-03-31,2011-03-09,1,True,-22,True
DN-2098,SCMS from RDC,Côte d'Ivoire,2011-01-31,2011-02-22,2,True,22,False
DN-2099,SCMS from RDC,Zambia,2011-01-28,2011-02-11,1,True,14,False
DN-2100,SCMS from RDC,Guatemala,2011-01-31,2011-02-10,2,True,10,False
DN-2101,SCMS from RDC,Nigeria,2011-02-17,2011-02-16,2,True,-1,True
DN-2102,SCMS from RDC,Tanzania,2011-02-28,2011-02-28,2,True,0,True
DN-2103,SCMS from RDC,Tanzania,2011-02-28,2011-02-28,1,True,0,True
DN-2104,SCMS from RDC,Ethiopia,2011-02-14,2011-01-28,1,True,-17,True
DN-2105,SCMS from RDC,Côte d'Ivoire,2011-02-16,2011-02-22,1,True,6,False
DN-2106,SCMS from RDC,Côte d'Ivoire,2011-01-31,2011-02-22,4,True,22,False
DN-2107,SCMS from RDC,Côte d'Ivoire,2011-02-16,2011-02-22,1,True,6,False
DN-2108,SCMS from RDC,Côte d'Ivoire,2011-01-31,2011-02-22,3,True,22,False
DN-2109,SCMS from RDC,Uganda,2011-02-22,2011-02-28,1,True,6,False
DN-2110,SCMS from RDC,Côte d'Ivoire,2011-02-15,2011-02-23,1,True,8,False
DN-2111,SCMS from RDC,Ethiopia,2011-02-09,2011-02-07,1,True,-2,True
DN-2112,SCMS from RDC,Zambia,2011-02-26,2011-02-15,1,True,-11,True
DN-2113,SCMS from RDC,Haiti,2011-02-28,2011-02-14,4,True,-14,True
DN-2114,SCMS from RDC,Haiti,2011-02-28,2011-02-14,2,True,-14,True
DN-2115,SCMS from RDC,Zambia,2011-02-28,2011-03-16,1,True,16,False
DN-2116,SCMS from RDC,Zambia,2011-02-11,2011-02-15,1,True,4,False
DN-2117,SCMS from RDC,Zambia,2011-03-31,2011-03-07,3,True,-24,True
DN-2118,SCMS from RDC,Zambia,2011-03-10,2011-02-25,1,True,-13,True
DN-2119,SCMS from RDC,Mozambique,2011-03-31,2011-03-30,1,True,-1,True
DN-212,SCMS from RDC,Zimbabwe,2007-07-04,2007-07-04,1,True,0,True
DN-2120,SCMS from RDC,Côte d'Ivoire,2011-02-28,2011-02-28,1,True,0,True
DN-2121,SCMS from RDC,Uganda,2011-02-28,2011-03-22,3,True,22,False
DN-2122,SCMS from RDC,Côte d'Ivoire,2011-03-31,2011-03-15,3,True,-16,True
DN-2123,SCMS from RDC,Côte d'Ivoire,2011-03-31,2011-03-15,1,True,-16,True
DN-2125,SCMS from RDC,Zambia,2011-03-31,2011-04-05,2,True,5,False
DN-2126,SCMS from RDC,Zimbabwe,2011-03-31,2011-03-17,1,True,-14,True
DN-2127,SCMS from RDC,Zimbabwe,2011-03-31,2011-03-17,4,True,-14,True
DN-2128,SCMS from RDC,Zimbabwe,2011-03-31,2011-03-18,4,True,-13,True
DN-2129,SCMS from RDC,Guyana,2011-03-31,2011-03-25,3,True,-6,True
DN-213,SCMS from RDC,Nigeria,2007-07-06,2007-07-06,1,True,0,True
DN-2130,SCMS from RDC,Ethiopia,2011-03-10,2011-03-11,1,True,1,False
DN-2131,SCMS from RDC,Ethiopia,2011-03-10,2011-03-11,1,True,1,False
DN-2133,SCMS from RDC,Uganda,2011-03-11,2011-03-22,1,True,11,False
DN-2134,SCMS from RDC,Uganda,2011-03-09,2011-03-15,1,True,6,False
DN-2135,SCMS from RDC,Uganda,2011-04-18,2011-03-15,1,True,-34,True
DN-2136,SCMS from RDC,Haiti,2011-03-14,2011-04-20,1,True,37,False
DN-2137,SCMS from RDC,Côte d'Ivoire,2011-03-31,2011-03-29,3,True,-2,True
DN-2138,SCMS from RDC,Côte d'Ivoire,2011-03-15,2011-03-29,3,True,14,False
DN-2139,SCMS from RDC,Côte d'Ivoire,2011-03-15,2011-03-29,1,True,14,False
DN-214,SCMS from RDC,Mozambique,2007-07-18,2007-07-18,1,True,0,True
DN-2140,SCMS from RDC,Côte d'Ivoire,2011-03-31,2011-03-29,2,True,-2,True
DN-2141,SCMS from RDC,Rwanda,2011-03-18,2011-03-13,1,True,-5,True
DN-2142,SCMS from RDC,Zambia,2011-03-31,2011-04-05,1,True,5,False
DN-2143,SCMS from RDC,Zambia,2011-04-15,2011-04-05,2,True,-10,True
DN-2144,SCMS from RDC,Uganda,2011-03-31,2011-04-01,2,True,1,False
DN-2145,SCMS from RDC,Uganda,2011-04-05,2011-04-01,1,True,-4,True
DN-2146,SCMS from RDC,Zambia,2011-04-14,2011-04-05,1,True,-9,True
DN-2147,SCMS from RDC,Côte d'Ivoire,2011-03-31,2011-04-29,1,True,29,False
DN-2148,SCMS from RDC,Ethiopia,2011-04-30,2011-03-18,1,True,-43,True
DN-2151,SCMS from RDC,Tanzania,2011-04-07,2011-03-31,3,True,-7,True
DN-2152,SCMS from RDC,Tanzania,2011-04-07,2011-03-28,1,True,-10,True
DN-2153,SCMS from RDC,Côte d'Ivoire,2011-04-20,2011-06-10,7,True,51,False
DN-2154,SCMS from RDC,Zambia,2011-04-11,2011-05-20,2,True,39,False
DN-2158,SCMS from RDC,Côte d'Ivoire,2011-03-24,2011-06-07,2,True,75,False
DN-2159,SCMS from RDC,Côte d'Ivoire,2011-03-31,2011-06-07,1,True,68,False
DN-216,SCMS from RDC,Tanzania,2007-07-18,2007-07-18,1,True,0,True
DN-2160,SCMS from RDC,Mozambique,2011-05-31,2011-04-06,1,True,-55,True
DN-2161,SCMS from RDC,Côte d'Ivoire,2011-06-30,2011-06-07,2,True,-23,True
DN-2162,SCMS from RDC,Nigeria,2011-03-31,2011-05-10,1,True,40,False
DN-2163,SCMS from RDC,Nigeria,2011-03-30,2011-05-11,1,True,42,False
DN-2164,SCMS from RDC,Nigeria,2011-06-15,2011-05-11,1,True,-35,True
DN-2165,SCMS from RDC,Nigeria,2011-06-15,2011-05-11,1,True,-35,True
DN-2166,SCMS from RDC,Nigeria,2011-03-31,2011-05-11,1,True,41,False
DN-2167,SCMS from RDC,Nigeria,2011-06-21,2011-05-11,1,True,-41,True
DN-2168,SCMS from RDC,Nigeria,2011-06-21,2011-05-11,1,True,-41,True
DN-2169,SCMS from RDC,Nigeria,2011-06-21,2011-05-10,1,True,-42,True
DN-217,SCMS from RDC,Rwanda,2007-07-30,2007-07-30,1,True,0,True
DN-2170,SCMS from RDC,Nigeria,2011-06-21,2011-05-11,1,True,-41,True
DN-2171,SCMS from RDC,Nigeria,2011-06-21,2011-05-10,1,True,-42,True
DN-2172,SCMS from RDC,Nigeria,2011-06-21,2011-05-11,1,True,-41,True
DN-2173,SCMS from RDC,Nigeria,2011-06-21,2011-05-10,1,True,-42,True
DN-2174,SCMS from RDC,Nigeria,2011-06-21,2011-05-11,1,True,-41,True
DN-2175,SCMS from RDC,Nigeria,2011-06-21,2011-05-11,1,True,-41,True
DN-2176,SCMS from RDC,Haiti,2011-03-24,2011-04-28,1,True,35,False
DN-2177,SCMS from RDC,Zimbabwe,2011-03-31,2011-05-20,1,True,50,False
DN-2178,SCMS from RDC,Zimbabwe,2011-04-04,2011-05-20,2,True,46,False
DN-2179,SCMS from RDC,Zimbabwe,2011-04-04,2011-05-20,3,True,46,False
DN-2180,SCMS from RDC,Zimbabwe,2011-04-20,2011-05-20,2,True,30,False
DN-2181,SCMS from RDC,Zimbabwe,2011-03-31,2011-05-20,2,True,50,False
DN-2182,SCMS from RDC,Zambia,2011-04-14,2011-05-20,1,True,36,False
DN-2183,SCMS from RDC,Zambia,2011-04-30,2011-05-20,1,True,20,False
DN-2184,SCMS from RDC,Mozambique,2011-05-11,2011-05-25,1,True,14,False
DN-2185,SCMS from RDC,Mozambique,2011-05-31,2011-05-25,1,True,-6,True
DN-2186,SCMS from RDC,Haiti,2011-04-14,2011-05-04,1,True,20,False
DN-2187,SCMS from RDC,Côte d'Ivoire,2011-03-23,2011-06-07,1,True,76,False
DN-2188,SCMS from RDC,Haiti,2011-05-12,2011-05-04,1,True,-8,True
DN-2189,SCMS from RDC,Uganda,2011-03-11,2011-05-03,1,True,53,False
DN-219,SCMS from RDC,Côte d'Ivoire,2007-07-10,2007-07-10,1,True,0,True
DN-2190,SCMS from RDC,Uganda,2011-04-20,2011-05-03,1,True,13,False
DN-2191,SCMS from RDC,Uganda,2011-05-11,2011-05-24,2,True,13,False
DN-2192,SCMS from RDC,Uganda,2011-05-11,2011-05-24,2,True,13,False
DN-2193,SCMS from RDC,Mozambique,2011-05-31,2011-06-23,1,True,23,False
DN-2194,SCMS from RDC,Zambia,2011-04-30,2011-05-20,1,True,20,False
DN-2195,SCMS from RDC,Zimbabwe,2011-05-31,2011-06-09,1,True,9,False
DN-2196,SCMS from RDC,Zambia,2011-04-14,2011-06-10,2,True,57,False
DN-2198,SCMS from RDC,Zambia,2011-04-30,2011-05-20,1,True,20,False
DN-2199,SCMS from RDC,Ethiopia,2011-05-31,2011-05-30,1,True,-1,True
DN-22,SCMS from RDC,Nigeria,2007-02-22,2007-02-22,1,True,0,True
DN-220,SCMS from RDC,Côte d'Ivoire,2007-07-18,2007-07-18,3,True,0,True
DN-2200,SCMS from RDC,Ethiopia,2011-05-10,2011-05-18,2,True,8,False
DN-2201,SCMS from RDC,Uganda,2011-06-06,2011-06-01,2,True,-5,True
DN-2202,SCMS from RDC,Zimbabwe,2011-03-30,2011-06-13,1,True,75,False
DN-2203,SCMS from RDC,Zimbabwe,2011-05-31,2011-06-13,4,True,13,False
DN-2204,SCMS from RDC,Guyana,2011-06-20,2011-05-16,1,True,-35,True
DN-2205,SCMS from RDC,Zimbabwe,2011-05-31,2011-06-15,4,True,15,False
DN-2206,SCMS from RDC,Mozambique,2011-06-30,2011-07-13,1,True,13,False
DN-2207,SCMS from RDC,Tanzania,2011-04-28,2011-06-01,1,True,34,False
DN-2208,SCMS from RDC,Nigeria,2011-06-21,2011-07-06,1,True,15,False
DN-2209,SCMS from RDC,Nigeria,2011-06-21,2011-07-05,1,True,14,False
DN-2210,SCMS from RDC,Nigeria,2011-06-21,2011-07-06,1,True,15,False
DN-2211,SCMS from RDC,Nigeria,2011-06-15,2011-07-05,1,True,20,False
DN-2213,SCMS from RDC,Nigeria,2011-06-15,2011-07-06,2,True,21,False
DN-2214,SCMS from RDC,Nigeria,2011-06-15,2011-07-06,1,True,21,False
DN-2215,SCMS from RDC,Nigeria,2011-06-15,2011-07-06,1,True,21,False
DN-2218,SCMS from RDC,Nigeria,2011-06-15,2011-07-05,1,True,20,False
DN-2219,SCMS from RDC,Nigeria,2011-06-15,2011-07-05,1,True,20,False
DN-2220,SCMS from RDC,Nigeria,2011-06-15,2011-07-05,1,True,20,False
DN-2221,SCMS from RDC,Nigeria,2011-06-15,2011-07-06,1,True,21,False
DN-2222,SCMS from RDC,Uganda,2011-06-15,2011-05-31,1,True,-15,True
DN-2223,SCMS from RDC,Zimbabwe,2011-05-31,2011-06-30,1,True,30,False
DN-2224,SCMS from RDC,Zimbabwe,2011-05-31,2011-06-30,1,True,30,False
DN-2225,SCMS from RDC,Nigeria,2011-06-15,2011-07-06,2,True,21,False
DN-2226,SCMS from RDC,Zambia,2011-05-11,2011-06-13,1,True,33,False
DN-2227,SCMS from RDC,Rwanda,2011-08-14,2011-05-25,1,True,-81,True
DN-2228,SCMS from RDC,Nigeria,2011-06-21,2011-07-05,1,True,14,False
DN-2229,SCMS from RDC,Nigeria,2011-06-15,2011-07-06,1,True,21,False
DN-223,SCMS from RDC,Zambia,2007-07-16,2007-07-16,1,True,0,True
DN-2231,SCMS from RDC,Guyana,2011-10-27,2011-06-15,4,True,-134,True
DN-2232,SCMS from RDC,Côte d'Ivoire,2011-05-16,2011-06-20,1,True,35,False
DN-2233,SCMS from RDC,Haiti,2011-05-16,2011-06-20,1,True,35,False
DN-2234,SCMS from RDC,Ethiopia,2011-06-21,2011-06-01,2,True,-20,True
DN-2235,SCMS from RDC,Guyana,2011-10-13,2011-06-24,1,True,-111,True
DN-2237,SCMS from RDC,Benin,2011-06-13,2011-06-09,5,True,-4,True
DN-2238,SCMS from RDC,Zambia,2011-04-30,2011-06-20,1,True,51,False
DN-2239,SCMS from RDC,Zambia,2011-04-30,2011-06-20,1,True,51,False
DN-224,SCMS from RDC,Zambia,2007-07-09,2007-07-09,1,True,0,True
DN-2240,SCMS from RDC,Mozambique,2011-08-10,2011-08-04,1,True,-6,True
DN-2242,SCMS from RDC,Mozambique,2011-08-10,2011-08-04,2,True,-6,True
DN-2244,SCMS from RDC,Nigeria,2011-06-15,2011-07-06,1,True,21,False
DN-2245,SCMS from RDC,Nigeria,2011-06-15,2011-07-06,1,True,21,False
DN-2246,SCMS from RDC,Côte d'Ivoire,2011-06-30,2011-06-26,1,True,-4,True
DN-2247,SCMS from RDC,Côte d'Ivoire,2011-06-30,2011-06-26,1,True,-4,True
DN-2248,SCMS from RDC,Côte d'Ivoire,2011-06-30,2011-06-26,1,True,-4,True
DN-2250,SCMS from RDC,Benin,2011-06-13,2011-06-30,1,True,17,False
DN-2251,SCMS from RDC,Benin,2011-07-04,2011-06-30,1,True,-4,True
DN-2252,SCMS from RDC,Benin,2011-06-13,2011-07-05,2,True,22,False
DN-2253,SCMS from RDC,Ethiopia,2011-06-21,2011-06-01,1,True,-20,True
DN-2254,SCMS from RDC,Zambia,2011-07-15,2011-07-11,2,True,-4,True
DN-2255,SCMS from RDC,Zambia,2011-07-15,2011-07-11,1,True,-4,True
DN-2256,SCMS from RDC,Uganda,2011-08-01,2011-06-28,1,True,-34,True
DN-2258,SCMS from RDC,Ghana,2011-07-04,2011-07-20,1,True,16,False
DN-2259,SCMS from RDC,Ghana,2011-07-04,2011-07-15,2,True,11,False
DN-2260,SCMS from RDC,Ghana,2011-07-04,2011-07-20,1,True,16,False
DN-2261,SCMS from RDC,Tanzania,2011-04-28,2011-07-15,1,True,78,False
DN-2262,SCMS from RDC,Ghana,2011-07-04,2011-06-09,1,True,-25,True
DN-2263,SCMS from RDC,Haiti,2011-07-19,2011-06-28,5,True,-21,True
DN-2264,SCMS from RDC,Mozambique,2011-08-31,2011-09-01,1,True,1,False
DN-2265,SCMS from RDC,Tanzania,2011-08-31,2011-07-18,1,True,-44,True
DN-2266,SCMS from RDC,Zimbabwe,2011-08-15,2011-08-11,1,True,-4,True
DN-2267,SCMS from RDC,Belize,2011-07-15,2011-07-01,1,True,-14,True
DN-2268,SCMS from RDC,Mozambique,2011-08-31,2011-09-01,2,True,1,False
DN-2269,SCMS from RDC,Mozambique,2011-08-31,2011-09-01,1,True,1,False
DN-227,SCMS from RDC,Côte d'Ivoire,2007-07-18,2007-07-18,1,True,0,True
DN-2270,SCMS from RDC,Mozambique,2011-08-31,2011-09-05,1,True,5,False
DN-2271,SCMS from RDC,Nigeria,2011-06-30,2011-07-06,1,True,6,False
DN-2272,SCMS from RDC,Zambia,2011-08-22,2011-08-05,1,True,-17,True
DN-2273,SCMS from RDC,Zambia,2011-08-15,2011-08-05,1,True,-10,True
DN-2274,SCMS from RDC,Ghana,2011-07-04,2011-07-20,1,True,16,False
DN-2276,SCMS from RDC,Uganda,2011-09-05,2011-07-14,1,True,-53,True
DN-2277,SCMS from RDC,Haiti,2011-07-19,2011-07-21,1,True,2,False
DN-2278,SCMS from RDC,Haiti,2011-07-19,2011-07-21,1,True,2,False
DN-2279,SCMS from RDC,Zimbabwe,2011-08-15,2011-08-11,1,True,-4,True
DN-228,SCMS from RDC,Zambia,2007-07-09,2007-07-09,1,True,0,True
DN-2280,SCMS from RDC,Zambia,2011-08-18,2011-08-05,1,True,-13,True
DN-2281,SCMS from RDC,Mozambique,2011-11-17,2011-11-17,1,True,0,True
DN-2282,SCMS from RDC,Zimbabwe,2011-08-15,2011-08-11,2,True,-4,True
DN-2283,SCMS from RDC,Haiti,2011-07-19,2011-07-21,1,True,2,False
DN-2284,SCMS from RDC,Mozambique,2011-08-31,2011-08-30,1,True,-1,True
DN-2285,SCMS from RDC,Zimbabwe,2011-08-15,2011-08-11,1,True,-4,True
DN-2286,SCMS from RDC,Nigeria,2011-07-22,2011-07-06,1,True,-16,True
DN-2287,SCMS from RDC,Uganda,2011-06-30,2011-07-14,1,True,14,False
DN-2288,SCMS from RDC,Zimbabwe,2011-09-30,2011-08-04,1,True,-57,True
DN-2289,SCMS from RDC,Zambia,2011-08-15,2011-07-18,1,True,-28,True
DN-229,SCMS from RDC,Tanzania,2007-07-13,2007-07-13,1,True,0,True
DN-2290,SCMS from RDC,Zimbabwe,2011-09-30,2011-08-04,1,True,-57,True
DN-2291,SCMS from RDC,Haiti,2011-07-19,2011-07-17,1,True,-2,True
DN-2292,SCMS from RDC,Haiti,2011-07-22,2011-07-17,1,True,-5,True
DN-2294,SCMS from RDC,Côte d'Ivoire,2011-07-22,2011-07-22,1,True,0,True
DN-2295,SCMS from RDC,Côte d'Ivoire,2011-07-22,2011-07-22,1,True,0,True
DN-2296,SCMS from RDC,Côte d'Ivoire,2011-07-22,2011-07-22,1,True,0,True
DN-2297,SCMS from RDC,Uganda,2011-08-05,2011-08-05,2,True,0,True
DN-2298,SCMS from RDC,Uganda,2011-07-29,2011-08-02,1,True,4,False
DN-2299,SCMS from RDC,Zambia,2011-09-01,2011-08-15,2,True,-17,True
DN-230,SCMS from RDC,Tanzania,2007-07-18,2007-07-18,1,True,0,True
DN-2300,SCMS from RDC,Zimbabwe,2011-09-06,2011-09-05,1,True,-1,True
DN-2301,SCMS from RDC,Zimbabwe,2011-09-05,2011-09-05,1,True,0,True
DN-2302,SCMS from RDC,Mozambique,2011-08-31,2011-09-15,2,True,15,False
DN-2303,SCMS from RDC,Mozambique,2011-09-30,2011-09-15,1,True,-15,True
DN-2304,SCMS from RDC,Côte d'Ivoire,2011-09-27,2011-09-12,5,True,-15,True
DN-2305,SCMS from RDC,Nigeria,2011-08-31,2011-08-03,1,True,-28,True
DN-2306,SCMS from RDC,Tanzania,2011-08-05,2011-08-16,1,True,11,False
DN-2307,SCMS from RDC,Zimbabwe,2011-09-06,2011-09-05,1,True,-1,True
DN-2308,SCMS from RDC,Mozambique,2011-08-12,2011-09-15,1,True,34,False
DN-2310,SCMS from RDC,Haiti,2011-07-19,2011-08-11,5,True,23,False
DN-2311,SCMS from RDC,Côte d'Ivoire,2011-10-25,2011-08-05,1,True,-81,True
DN-2312,SCMS from RDC,Uganda,2011-07-31,2011-08-12,1,True,12,False
DN-2313,SCMS from RDC,Uganda,2011-09-22,2011-08-26,2,True,-27,True
DN-2314,SCMS from RDC,Tanzania,2011-09-30,2011-08-30,1,True,-31,True
DN-2315,SCMS from RDC,Uganda,2011-08-05,2011-08-24,1,True,19,False
DN-2316,SCMS from RDC,Mozambique,2011-09-30,2011-09-15,1,True,-15,True
DN-2317,SCMS from RDC,Mozambique,2011-11-02,2011-11-02,1,True,0,True
DN-2318,SCMS from RDC,Zimbabwe,2011-09-30,2011-09-23,2,True,-7,True
DN-2319,SCMS from RDC,Côte d'Ivoire,2011-09-27,2011-09-10,1,True,-17,True
DN-232,SCMS from RDC,Guyana,2007-07-18,2007-07-18,1,True,0,True
DN-2320,SCMS from RDC,Ghana,2011-11-14,2011-11-14,2,True,0,True
DN-2321,SCMS from RDC,Ghana,2011-09-06,2011-08-11,1,True,-26,True
DN-2322,SCMS from RDC,Zambia,2011-09-29,2011-08-29,5,True,-31,True
DN-2323,SCMS from RDC,Zambia,2011-09-05,2011-09-05,1,True,0,True
DN-2324,SCMS from RDC,Zimbabwe,2011-09-30,2011-09-19,2,True,-11,True
DN-2325,SCMS from RDC,Mozambique,2011-10-13,2011-10-13,2,True,0,True
DN-2326,SCMS from RDC,Uganda,2011-09-05,2011-08-23,1,True,-13,True
DN-2327,SCMS from RDC,Uganda,2011-11-03,2011-08-21,1,True,-74,True
DN-2328,SCMS from RDC,Uganda,2011-09-22,2011-08-24,1,True,-29,True
DN-2329,SCMS from RDC,Uganda,2011-08-05,2011-08-24,3,True,19,False
DN-2330,SCMS from RDC,Mozambique,2011-11-30,2011-11-30,1,True,0,True
DN-2331,SCMS from RDC,Haiti,2011-08-31,2011-08-24,1,True,-7,True
DN-2333,SCMS from RDC,Uganda,2011-09-20,2011-09-06,1,True,-14,True
DN-2334,SCMS from RDC,Uganda,2011-08-31,2011-09-14,1,True,14,False
DN-2335,SCMS from RDC,Mozambique,2011-09-20,2011-09-30,1,True,10,False
DN-2338,SCMS from RDC,Zambia,2011-09-26,2011-09-26,1,True,0,True
DN-2339,SCMS from RDC,Côte d'Ivoire,2011-10-12,2011-10-12,3,True,0,True
DN-234,SCMS from RDC,Tanzania,2007-07-13,2007-07-13,1,True,0,True
DN-2340,SCMS from RDC,Mozambique,2011-11-30,2011-11-30,1,True,0,True
DN-2341,SCMS from RDC,Zambia,2011-09-21,2011-09-26,2,True,5,False
DN-2342,SCMS from RDC,Zambia,2011-09-29,2011-09-26,1,True,-3,True
DN-2343,SCMS from RDC,Zimbabwe,2011-09-30,2011-10-07,3,True,7,False
DN-2344,SCMS from RDC,Uganda,2011-09-30,2011-09-26,2,True,-4,True
DN-2345,SCMS from RDC,Tanzania,2011-10-03,2011-09-16,1,True,-17,True
DN-2346,SCMS from RDC,Haiti,2011-12-05,2011-10-01,1,True,-65,True
DN-2348,SCMS from RDC,Guyana,2011-10-18,2011-10-03,3,True,-15,True
DN-2349,SCMS from RDC,Zambia,2011-04-14,2011-08-05,1,True,113,False
DN-2350,SCMS from RDC,Nigeria,2011-11-03,2011-09-28,1,True,-36,True
DN-2351,SCMS from RDC,Nigeria,2011-11-03,2011-09-28,1,True,-36,True
DN-2352,SCMS from RDC,Nigeria,2011-11-03,2011-09-28,1,True,-36,True
DN-2353,SCMS from RDC,Nigeria,2011-11-03,2011-09-28,1,True,-36,True
DN-2354,SCMS from RDC,Nigeria,2011-11-03,2011-09-28,1,True,-36,True
DN-2355,SCMS from RDC,Nigeria,2011-11-03,2011-10-14,1,True,-20,True
DN-2356,SCMS from RDC,Nigeria,2011-11-03,2011-09-28,1,True,-36,True
DN-2357,SCMS from RDC,Zambia,2011-10-31,2011-09-26,2,True,-35,True
DN-2358,SCMS from RDC,Nigeria,2011-11-03,2011-09-28,2,True,-36,True
DN-2359,SCMS from RDC,Swaziland,2011-09-30,2011-10-06,2,True,6,False
DN-236,SCMS from RDC,Nigeria,2007-07-05,2007-07-05,1,True,0,True
DN-2360,SCMS from RDC,Swaziland,2011-09-30,2011-09-15,2,True,-15,True
DN-2361,SCMS from RDC,Guyana,2011-12-15,2011-09-28,5,True,-78,True
DN-2362,SCMS from RDC,Zimbabwe,2011-10-21,2011-10-21,2,True,0,True
DN-2363,SCMS from RDC,Tanzania,2011-10-03,2011-09-23,1,True,-10,True
DN-2366,SCMS from RDC,Mozambique,2012-01-25,2012-01-25,1,True,0,True
DN-2367,SCMS from RDC,Zimbabwe,2011-10-25,2011-10-21,1,True,-4,True
DN-2369,SCMS from RDC,Côte d'Ivoire,2011-10-14,2011-10-08,1,True,-6,True
DN-237,SCMS from RDC,Tanzania,2007-07-19,2007-07-19,1,True,0,True
DN-2370,SCMS from RDC,Haiti,2011-10-31,2011-10-10,1,True,-21,True
DN-2371,SCMS from RDC,Swaziland,2011-09-30,2011-09-29,1,True,-1,True
DN-2372,SCMS from RDC,Zimbabwe,2011-10-14,2011-10-21,1,True,7,False
DN-2373,SCMS from RDC,Tanzania,2011-10-03,2011-09-23,1,True,-10,True
DN-2374,SCMS from RDC,Tanzania,2011-09-30,2011-09-23,1,True,-7,True
DN-2375,SCMS from RDC,Tanzania,2011-09-29,2011-09-23,1,True,-6,True
DN-2376,SCMS from RDC,Nigeria,2011-06-15,2011-09-28,1,True,105,False
DN-2377,SCMS from RDC,Nigeria,2011-11-03,2011-09-28,1,True,-36,True
DN-2378,SCMS from RDC,Nigeria,2011-11-03,2011-09-28,1,True,-36,True
DN-2379,SCMS from RDC,Swaziland,2011-10-06,2011-10-11,1,True,5,False
DN-238,SCMS from RDC,Rwanda,2007-07-16,2007-07-16,1,True,0,True
DN-2381,SCMS from RDC,Guyana,2011-12-15,2011-10-05,1,True,-71,True
DN-2382,SCMS from RDC,Uganda,2011-10-30,2011-11-01,1,True,2,False
DN-2383,SCMS from RDC,Zimbabwe,2011-10-27,2011-10-21,1,True,-6,True
DN-2384,SCMS from RDC,Zimbabwe,2011-10-25,2011-10-21,1,True,-4,True
DN-2385,SCMS from RDC,Zambia,2011-10-31,2011-11-04,1,True,4,False
DN-2386,SCMS from RDC,Tanzania,2011-11-29,2011-11-29,1,True,0,True
DN-2387,SCMS from RDC,Haiti,2011-10-31,2011-10-24,1,True,-7,True
DN-2388,SCMS from RDC,Swaziland,2011-12-12,2011-10-18,2,True,-55,True
DN-2389,SCMS from RDC,Uganda,2011-11-15,2011-11-01,1,True,-14,True
DN-239,SCMS from RDC,Tanzania,2007-07-30,2007-07-30,1,True,0,True
DN-2390,SCMS from RDC,Zimbabwe,2011-10-31,2011-10-21,1,True,-10,True
DN-2391,SCMS from RDC,Swaziland,2011-11-17,2011-10-18,1,True,-30,True
DN-2392,SCMS from RDC,Mozambique,2011-12-14,2011-12-14,2,True,0,True
DN-2393,SCMS from RDC,Nigeria,2011-12-05,2011-10-17,1,True,-49,True
DN-2394,SCMS from RDC,Nigeria,2011-12-05,2011-10-14,1,True,-52,True
DN-2395,SCMS from RDC,Nigeria,2011-12-05,2011-10-13,2,True,-53,True
DN-2396,SCMS from RDC,Zambia,2011-12-10,2011-12-09,2,True,-1,True
DN-2397,SCMS from RDC,Zimbabwe,2011-11-21,2011-11-21,1,True,0,True
DN-2398,SCMS from RDC,Zambia,2011-11-03,2011-11-15,1,True,12,False
DN-2399,SCMS from RDC,Haiti,2011-10-31,2011-11-08,1,True,8,False
DN-240,SCMS from RDC,Côte d'Ivoire,2007-07-16,2007-07-16,2,True,0,True
DN-2400,SCMS from RDC,Zambia,2012-01-19,2011-11-04,1,True,-76,True
DN-2401,SCMS from RDC,Nigeria,2011-12-05,2011-10-13,1,True,-53,True
DN-2402,SCMS from RDC,Nigeria,2012-03-02,2011-10-14,1,True,-140,True
DN-2403,SCMS from RDC,Nigeria,2012-03-16,2011-10-13,1,True,-155,True
DN-2404,SCMS from RDC,Ghana,2011-10-31,2012-02-28,1,True,120,False
DN-2405,SCMS from RDC,Côte d'Ivoire,2011-11-11,2011-10-31,2,True,-11,True
DN-2406,SCMS from RDC,Côte d'Ivoire,2011-11-22,2011-10-31,1,True,-22,True
DN-2407,SCMS from RDC,Mozambique,2012-01-25,2012-01-25,1,True,0,True
DN-2408,SCMS from RDC,Haiti,2011-10-31,2011-11-08,1,True,8,False
DN-2409,SCMS from RDC,Zimbabwe,2011-11-30,2011-11-21,1,True,-9,True
DN-241,SCMS from RDC,Tanzania,2007-07-30,2007-07-30,1,True,0,True
DN-2410,SCMS from RDC,Zimbabwe,2011-11-14,2011-11-21,2,True,7,False
DN-2411,SCMS from RDC,Zimbabwe,2011-11-30,2011-11-21,1,True,-9,True
DN-2412,SCMS from RDC,Tanzania,2011-12-29,2011-12-12,1,True,-17,True
DN-2413,SCMS from RDC,Tanzania,2011-12-29,2011-11-15,1,True,-44,True
DN-2414,SCMS from RDC,Mozambique,2012-01-25,2012-01-25,1,True,0,True
DN-2415,SCMS from RDC,Mozambique,2011-12-15,2011-12-14,1,True,-1,True
DN-2416,SCMS from RDC,Tanzania,2011-12-20,2011-12-12,1,True,-8,True
DN-2417,SCMS from RDC,Mozambique,2011-11-30,2011-12-14,1,True,14,False
DN-2418,SCMS from RDC,Côte d'Ivoire,2011-11-30,2011-11-19,1,True,-11,True
DN-2419,SCMS from RDC,Côte d'Ivoire,2011-12-20,2011-11-19,1,True,-31,True
DN-242,SCMS from RDC,Côte d'Ivoire,2007-08-21,2007-08-21,2,True,0,True
DN-2420,SCMS from RDC,Côte d'Ivoire,2011-12-09,2011-11-19,3,True,-20,True
DN-2421,SCMS from RDC,Côte d'Ivoire,2011-12-15,2011-11-19,1,True,-26,True
DN-2422,SCMS from RDC,Côte d'Ivoire,2011-12-23,2011-11-19,1,True,-34,True
DN-2423,SCMS from RDC,Zambia,2012-01-10,2011-11-28,1,True,-43,True
DN-2424,SCMS from RDC,Zambia,2011-12-27,2011-11-28,1,True,-29,True
DN-2425,SCMS from RDC,Mozambique,2011-12-14,2011-12-14,1,True,0,True
DN-2426,SCMS from RDC,Swaziland,2011-11-17,2011-11-07,1,True,-10,True
DN-2428,SCMS from RDC,Haiti,2011-12-31,2011-12-20,1,True,-11,True
DN-2429,SCMS from RDC,Rwanda,2011-11-24,2011-11-11,1,True,-13,True
DN-243,SCMS from RDC,Tanzania,2007-07-30,2007-07-30,1,True,0,True
DN-2430,SCMS from RDC,Zambia,2012-01-24,2011-11-28,1,True,-57,True
DN-2431,SCMS from RDC,Zambia,2012-02-28,2011-11-28,1,True,-92,True
DN-2432,SCMS from RDC,Rwanda,2011-12-08,2011-11-25,1,True,-13,True
DN-2433,SCMS from RDC,Zambia,2012-01-19,2011-11-28,1,True,-52,True
DN-2434,SCMS from RDC,Zambia,2012-02-28,2011-11-28,2,True,-92,True
DN-2435,SCMS from RDC,Uganda,2012-01-09,2011-12-01,4,True,-39,True
DN-2436,SCMS from RDC,Kenya,2011-11-30,2011-11-11,1,True,-19,True
DN-2438,SCMS from RDC,Rwanda,2011-12-05,2011-11-20,1,True,-15,True
DN-2439,SCMS from RDC,Rwanda,2011-12-05,2011-12-02,2,True,-3,True
DN-244,SCMS from RDC,Côte d'Ivoire,2007-07-20,2007-07-20,1,True,0,True
DN-2440,SCMS from RDC,Zimbabwe,2011-12-30,2011-12-09,1,True,-21,True
DN-2441,SCMS from RDC,Zimbabwe,2011-12-07,2011-12-09,3,True,2,False
DN-2442,SCMS from RDC,Zimbabwe,2011-12-14,2011-12-09,1,True,-5,True
DN-2443,SCMS from RDC,Tanzania,2012-01-10,2011-12-22,1,True,-19,True
DN-2444,SCMS from RDC,Tanzania,2012-02-07,2011-12-19,1,True,-50,True
DN-2445,SCMS from RDC,Tanzania,2012-01-30,2011-12-22,2,True,-39,True
DN-2446,SCMS from RDC,Tanzania,2012-01-10,2011-12-22,1,True,-19,True
DN-2447,SCMS from RDC,Tanzania,2012-01-31,2011-12-22,1,True,-40,True
DN-2448,SCMS from RDC,Côte d'Ivoire,2012-03-02,2011-12-05,1,True,-88,True
DN-2449,SCMS from RDC,Côte d'Ivoire,2011-12-30,2011-12-05,1,True,-25,True
DN-245,SCMS from RDC,Côte d'Ivoire,2007-07-31,2007-07-31,1,True,0,True
DN-2450,SCMS from RDC,Nigeria,2011-12-20,2011-12-18,1,True,-2,True
DN-2451,SCMS from RDC,Nigeria,2011-12-20,2011-12-18,1,True,-2,True
DN-2452,SCMS from RDC,Nigeria,2011-12-20,2011-12-20,1,True,0,True
DN-2453,SCMS from RDC,Nigeria,2012-03-02,2011-12-18,1,True,-75,True
DN-2454,SCMS from RDC,Nigeria,2012-03-02,2011-12-18,1,True,-75,True
DN-2455,SCMS from RDC,Nigeria,2012-03-02,2011-12-18,1,True,-75,True
DN-2456,SCMS from RDC,Swaziland,2011-12-12,2011-12-12,1,True,0,True
DN-2457,SCMS from RDC,Zambia,2012-01-10,2012-01-20,1,True,10,False
DN-2458,SCMS from RDC,Mozambique,2012-01-31,2012-01-25,1,True,-6,True
DN-2459,SCMS from RDC,Côte d'Ivoire,2012-02-06,2012-02-06,4,True,0,True
DN-246,SCMS from RDC,Tanzania,2007-08-13,2007-08-13,3,True,0,True
DN-2460,SCMS from RDC,Uganda,2012-02-10,2012-01-19,1,True,-22,True
DN-2461,SCMS from RDC,Uganda,2012-01-31,2012-01-19,3,True,-12,True
DN-2462,SCMS from RDC,Nigeria,2012-03-02,2011-12-18,2,True,-75,True
DN-2463,SCMS from RDC,Nigeria,2012-03-02,2011-12-18,1,True,-75,True
DN-2464,SCMS from RDC,Nigeria,2012-03-16,2011-12-18,1,True,-89,True
DN-2465,SCMS from RDC,Nigeria,2012-03-16,2011-12-18,3,True,-89,True
DN-2467,SCMS from RDC,Rwanda,2012-01-23,2012-01-23,1,True,0,True
DN-2469,SCMS from RDC,Côte d'Ivoire,2012-04-27,2012-02-08,2,True,-79,True
DN-247,SCMS from RDC,Tanzania,2007-07-30,2007-07-30,2,True,0,True
DN-2470,SCMS from RDC,Haiti,2012-01-31,2012-01-17,1,True,-14,True
DN-2471,SCMS from RDC,Mozambique,2012-03-08,2012-03-08,1,True,0,True
DN-2473,SCMS from RDC,Tanzania,2012-02-15,2012-02-05,1,True,-10,True
DN-2474,SCMS from RDC,Guyana,2012-01-31,2012-01-18,1,True,-13,True
DN-2475,SCMS from RDC,Nigeria,2012-03-16,2011-12-18,1,True,-89,True
DN-2476,SCMS from RDC,Zambia,2012-01-19,2011-12-23,1,True,-27,True
DN-2477,SCMS from RDC,Zambia,2012-05-15,2011-12-23,1,True,-144,True
DN-2478,SCMS from RDC,"Congo, DRC",2011-12-27,2012-01-03,1,True,7,False
DN-248,SCMS from RDC,Rwanda,2007-07-26,2007-07-26,1,True,0,True
DN-2480,SCMS from RDC,Mozambique,2012-02-29,2012-02-22,1,True,-7,True
DN-2481,SCMS from RDC,Mozambique,2012-02-29,2012-02-22,1,True,-7,True
DN-2482,SCMS from RDC,Guyana,2012-01-27,2012-01-18,1,True,-9,True
DN-2483,SCMS from RDC,Tanzania,2012-02-29,2012-02-05,2,True,-24,True
DN-2484,SCMS from RDC,Tanzania,2012-03-12,2012-03-12,1,True,0,True
DN-2485,SCMS from RDC,Haiti,2012-02-15,2012-01-19,1,True,-27,True
DN-2486,SCMS from RDC,Zambia,2012-02-29,2012-01-20,1,True,-40,True
DN-2487,SCMS from RDC,Zambia,2012-01-30,2012-01-20,1,True,-10,True
DN-2488,SCMS from RDC,Mozambique,2012-02-29,2012-03-08,2,True,8,False
DN-2489,SCMS from RDC,Uganda,2012-02-16,2012-02-03,1,True,-13,True
DN-249,SCMS from RDC,Angola,2007-10-15,2007-10-15,1,True,0,True
DN-2492,SCMS from RDC,"Congo, DRC",2012-03-16,2012-02-14,6,True,-31,True
DN-2493,SCMS from RDC,"Congo, DRC",2012-03-16,2012-02-14,6,True,-31,True
DN-2494,SCMS from RDC,"Congo, DRC",2012-03-16,2012-02-14,6,True,-31,True
DN-2495,SCMS from RDC,"Congo, DRC",2012-03-16,2012-02-14,6,True,-31,True
DN-2496,SCMS from RDC,"Congo, DRC",2012-03-16,2012-02-14,6,True,-31,True
DN-2497,SCMS from RDC,"Congo, DRC",2012-03-16,2012-02-14,6,True,-31,True
DN-2498,SCMS from RDC,"Congo, DRC",2012-03-16,2012-02-14,6,True,-31,True
DN-2499,SCMS from RDC,"Congo, DRC",2012-03-16,2012-02-14,6,True,-31,True
DN-25,SCMS from RDC,Rwanda,2007-03-17,2007-03-17,1,True,0,True
DN-250,SCMS from RDC,Côte d'Ivoire,2007-07-27,2007-07-27,1,True,0,True
DN-2500,SCMS from RDC,"Congo, DRC",2012-02-10,2012-02-14,6,True,4,False
DN-2503,SCMS from RDC,Guyana,2012-03-30,2012-02-04,5,True,-55,True
DN-2504,SCMS from RDC,"Congo, DRC",2012-03-16,2012-04-03,3,True,18,False
DN-2505,SCMS from RDC,"Congo, DRC",2012-03-16,2012-03-14,3,True,-2,True
DN-2506,SCMS from RDC,"Congo, DRC",2012-03-16,2012-03-14,3,True,-2,True
DN-2507,SCMS from RDC,"Congo, DRC",2012-03-16,2012-04-11,3,True,26,False
DN-2508,SCMS from RDC,"Congo, DRC",2012-03-16,2012-03-14,3,True,-2,True
DN-2509,SCMS from RDC,"Congo, DRC",2012-03-16,2012-04-13,3,True,28,False
DN-2510,SCMS from RDC,"Congo, DRC",2012-03-16,2012-03-23,3,True,7,False
DN-2511,SCMS from RDC,"Congo, DRC",2012-03-16,2012-03-14,3,True,-2,True
DN-2512,SCMS from RDC,"Congo, DRC",2012-03-16,2012-03-14,3,True,-2,True
DN-2513,SCMS from RDC,Zambia,2012-02-28,2012-02-17,2,True,-11,True
DN-2515,SCMS from RDC,Zambia,2012-02-29,2012-02-17,1,True,-12,True
DN-2516,SCMS from RDC,Mozambique,2012-02-29,2012-03-08,1,True,8,False
DN-2517,SCMS from RDC,Mozambique,2012-02-15,2012-03-08,1,True,22,False
DN-2518,SCMS from RDC,Mozambique,2012-03-30,2012-03-08,3,True,-22,True
DN-2519,SCMS from RDC,Zimbabwe,2012-02-29,2012-02-16,3,True,-13,True
DN-252,SCMS from RDC,Zimbabwe,2007-07-30,2007-07-30,1,True,0,True
DN-2520,SCMS from RDC,Zimbabwe,2012-01-31,2012-02-16,1,True,16,False
DN-2521,SCMS from RDC,Haiti,2012-03-30,2012-02-13,2,True,-46,True
DN-2522,SCMS from RDC,"Congo, DRC",2012-03-22,2012-03-22,1,True,0,True
DN-2523,SCMS from RDC,"Congo, DRC",2012-03-22,2012-03-22,1,True,0,True
DN-2524,SCMS from RDC,"Congo, DRC",2012-03-22,2012-03-22,1,True,0,True
DN-2525,SCMS from RDC,"Congo, DRC",2012-03-22,2012-03-22,1,True,0,True
DN-2526,SCMS from RDC,"Congo, DRC",2012-03-22,2012-03-22,1,True,0,True
DN-2527,SCMS from RDC,"Congo, DRC",2012-03-22,2012-03-22,1,True,0,True
DN-2528,SCMS from RDC,"Congo, DRC",2012-03-22,2012-03-22,1,True,0,True
DN-2529,SCMS from RDC,"Congo, DRC",2012-03-22,2012-03-22,1,True,0,True
DN-2530,SCMS from RDC,"Congo, DRC",2012-03-22,2012-03-22,1,True,0,True
DN-2531,SCMS from RDC,Côte d'Ivoire,2012-02-29,2012-02-08,1,True,-21,True
DN-2532,SCMS from RDC,Zambia,2012-04-27,2012-02-17,3,True,-70,True
DN-2533,SCMS from RDC,Côte d'Ivoire,2012-03-01,2012-03-01,1,True,0,True
DN-2534,SCMS from RDC,Haiti,2012-03-15,2012-03-12,1,True,-3,True
DN-2535,SCMS from RDC,Haiti,2012-03-02,2012-03-12,5,True,10,False
DN-2536,SCMS from RDC,Tanzania,2012-03-30,2012-03-12,1,True,-18,True
DN-2537,SCMS from RDC,Tanzania,2012-03-30,2012-03-12,1,True,-18,True
DN-2538,SCMS from RDC,Tanzania,2012-03-30,2012-03-12,1,True,-18,True
DN-254,SCMS from RDC,Zambia,2007-07-27,2007-07-27,1,True,0,True
DN-2540,SCMS from RDC,Tanzania,2012-03-15,2012-03-12,1,True,-3,True
DN-2541,SCMS from RDC,Tanzania,2012-03-23,2012-03-12,1,True,-11,True
DN-2542,SCMS from RDC,Tanzania,2012-03-23,2012-03-12,1,True,-11,True
DN-2543,SCMS from RDC,Tanzania,2012-03-30,2012-02-14,1,True,-45,True
DN-2544,SCMS from RDC,Tanzania,2012-03-30,2012-03-12,2,True,-18,True
DN-2545,SCMS from RDC,Côte d'Ivoire,2012-05-21,2012-03-01,1,True,-81,True
DN-2546,SCMS from RDC,Uganda,2012-03-09,2012-02-15,1,True,-23,True
DN-2547,SCMS from RDC,Uganda,2012-03-19,2012-02-15,1,True,-33,True
DN-2548,SCMS from RDC,Côte d'Ivoire,2012-02-29,2012-03-01,1,True,1,False
DN-2549,SCMS from RDC,Uganda,2012-03-30,2012-02-17,1,True,-42,True
DN-255,SCMS from RDC,Côte d'Ivoire,2007-07-31,2007-07-31,1,True,0,True
DN-2550,SCMS from RDC,Tanzania,2012-03-15,2012-03-12,1,True,-3,True
DN-2551,SCMS from RDC,Côte d'Ivoire,2012-03-02,2012-02-24,2,True,-7,True
DN-2552,SCMS from RDC,Côte d'Ivoire,2012-03-19,2012-02-24,2,True,-24,True
DN-2553,SCMS from RDC,Côte d'Ivoire,2012-03-30,2012-02-24,1,True,-35,True
DN-2554,SCMS from RDC,Côte d'Ivoire,2012-03-12,2012-02-24,1,True,-17,True
DN-2555,SCMS from RDC,Côte d'Ivoire,2012-03-30,2012-02-24,1,True,-35,True
DN-2557,SCMS from RDC,Côte d'Ivoire,2012-04-16,2012-02-24,1,True,-52,True
DN-2558,SCMS from RDC,Tanzania,2012-04-06,2012-02-14,2,True,-52,True
DN-2559,SCMS from RDC,Nigeria,2012-03-02,2012-02-16,1,True,-15,True
DN-256,SCMS from RDC,Angola,2007-10-15,2007-10-15,1,True,0,True
DN-2560,SCMS from RDC,Nigeria,2012-03-16,2012-02-16,1,True,-29,True
DN-2561,SCMS from RDC,Nigeria,2012-03-16,2012-02-16,1,True,-29,True
DN-2562,SCMS from RDC,Nigeria,2012-06-20,2012-02-16,1,True,-125,True
DN-2563,SCMS from RDC,Nigeria,2012-06-20,2012-02-16,1,True,-125,True
DN-2564,SCMS from RDC,Nigeria,2012-06-20,2012-02-16,2,True,-125,True
DN-2565,SCMS from RDC,Nigeria,2012-06-20,2012-02-16,1,True,-125,True
DN-2566,SCMS from RDC,Nigeria,2012-06-20,2012-02-16,1,True,-125,True
DN-2567,SCMS from RDC,Nigeria,2012-06-20,2012-02-16,2,True,-125,True
DN-2568,SCMS from RDC,Nigeria,2012-06-20,2012-02-16,2,True,-125,True
DN-2569,SCMS from RDC,Uganda,2012-03-30,2012-02-27,1,True,-32,True
DN-257,SCMS from RDC,Tanzania,2007-08-14,2007-08-14,1,True,0,True
DN-2570,SCMS from RDC,Tanzania,2012-04-11,2012-04-11,1,True,0,True
DN-2571,SCMS from RDC,Tanzania,2012-04-11,2012-04-11,1,True,0,True
DN-2572,SCMS from RDC,Tanzania,2012-04-11,2012-04-11,1,True,0,True
DN-2573,SCMS from RDC,Tanzania,2012-03-30,2012-03-12,1,True,-18,True
DN-2574,SCMS from RDC,Zambia,2012-05-08,2012-03-16,1,True,-53,True
DN-2575,SCMS from RDC,Guyana,2012-03-30,2012-03-19,1,True,-11,True
DN-2576,SCMS from RDC,Guyana,2012-03-30,2012-03-19,1,True,-11,True
DN-2577,SCMS from RDC,Zambia,2012-05-08,2012-02-27,1,True,-71,True
DN-2578,SCMS from RDC,Zambia,2012-03-30,2012-02-27,1,True,-32,True
DN-2579,SCMS from RDC,Nigeria,2012-06-20,2012-02-16,1,True,-125,True
DN-258,SCMS from RDC,Mozambique,2007-08-15,2007-08-15,2,True,0,True
DN-2580,SCMS from RDC,Uganda,2012-03-30,2012-03-09,1,True,-21,True
DN-2581,SCMS from RDC,South Sudan,2012-03-21,2012-03-08,5,True,-13,True
DN-2582,SCMS from RDC,Nigeria,2012-06-20,2012-02-16,2,True,-125,True
DN-2583,SCMS from RDC,Tanzania,2012-03-30,2012-03-07,1,True,-23,True
DN-2584,SCMS from RDC,Rwanda,2012-03-12,2012-03-05,1,True,-7,True
DN-2585,SCMS from RDC,Rwanda,2012-03-12,2012-02-28,1,True,-13,True
DN-2586,SCMS from RDC,Nigeria,2012-07-04,2012-03-15,1,True,-111,True
DN-2587,SCMS from RDC,Zambia,2012-05-15,2012-02-27,1,True,-78,True
DN-2588,SCMS from RDC,Tanzania,2012-05-04,2012-03-13,1,True,-52,True
DN-2589,SCMS from RDC,Mozambique,2012-05-07,2012-05-24,1,True,17,False
DN-259,SCMS from RDC,Mozambique,2007-09-21,2007-09-21,1,True,0,True
DN-2590,SCMS from RDC,Mozambique,2012-05-07,2012-05-24,4,True,17,False
DN-2591,SCMS from RDC,Tanzania,2012-04-30,2012-04-11,1,True,-19,True
DN-2592,SCMS from RDC,Tanzania,2012-05-08,2012-04-11,1,True,-27,True
DN-2593,SCMS from RDC,Tanzania,2012-04-30,2012-04-11,1,True,-19,True
DN-2594,SCMS from RDC,Burundi,2012-04-26,2012-05-04,8,True,8,False
DN-2595,SCMS from RDC,Burundi,2012-04-26,2012-04-09,3,True,-17,True
DN-2596,SCMS from RDC,Uganda,2012-04-24,2012-04-03,1,True,-21,True
DN-2597,SCMS from RDC,Uganda,2012-04-24,2012-02-27,4,True,-57,True
DN-2598,SCMS from RDC,Tanzania,2012-05-04,2012-04-11,3,True,-23,True
DN-26,SCMS from RDC,Côte d'Ivoire,2007-02-22,2007-03-08,1,True,14,False
DN-260,SCMS from RDC,Côte d'Ivoire,2007-08-03,2007-08-03,2,True,0,True
DN-2600,SCMS from RDC,Haiti,2012-04-16,2012-03-28,1,True,-19,True
DN-2601,SCMS from RDC,Côte d'Ivoire,2012-04-19,2012-04-19,2,True,0,True
DN-2602,SCMS from RDC,Uganda,2012-04-16,2012-03-27,1,True,-20,True
DN-2603,SCMS from RDC,Uganda,2012-05-03,2012-03-27,3,True,-37,True
DN-2604,SCMS from RDC,Zimbabwe,2012-04-18,2012-04-10,1,True,-8,True
DN-2605,SCMS from RDC,Zimbabwe,2012-04-13,2012-04-10,7,True,-3,True
DN-2606,SCMS from RDC,Côte d'Ivoire,2012-04-16,2012-04-06,1,True,-10,True
DN-2607,SCMS from RDC,Uganda,2012-05-16,2012-03-27,3,True,-50,True
DN-2608,SCMS from RDC,Zambia,2012-05-15,2012-04-16,2,True,-29,True
DN-2609,SCMS from RDC,Uganda,2012-06-21,2012-03-27,1,True,-86,True
DN-261,SCMS from RDC,Rwanda,2007-08-22,2007-08-22,1,True,0,True
DN-2610,SCMS from RDC,Zambia,2012-05-15,2012-04-16,1,True,-29,True
DN-2612,SCMS from RDC,Côte d'Ivoire,2012-04-27,2012-04-19,2,True,-8,True
DN-2613,SCMS from RDC,Zambia,2012-04-27,2012-04-16,1,True,-11,True
DN-2614,SCMS from RDC,Zambia,2012-04-27,2012-04-16,1,True,-11,True
DN-2615,SCMS from RDC,Mozambique,2012-05-07,2012-05-10,1,True,3,False
DN-2616,SCMS from RDC,Mozambique,2012-05-07,2012-05-10,3,True,3,False
DN-2619,SCMS from RDC,Rwanda,2012-04-09,2012-03-29,1,True,-11,True
DN-262,SCMS from RDC,Côte d'Ivoire,2007-08-03,2007-08-03,1,True,0,True
DN-2621,SCMS from RDC,Zimbabwe,2012-04-17,2012-05-07,5,True,20,False
DN-2622,SCMS from RDC,Côte d'Ivoire,2012-04-16,2012-04-11,1,True,-5,True
DN-2623,SCMS from RDC,Côte d'Ivoire,2012-04-16,2012-04-11,2,True,-5,True
DN-2624,SCMS from RDC,Zambia,2012-05-15,2012-04-30,4,True,-15,True
DN-2625,SCMS from RDC,Rwanda,2012-06-29,2012-04-17,1,True,-73,True
DN-2626,SCMS from RDC,Rwanda,2012-06-29,2012-04-26,1,True,-64,True
DN-2627,SCMS from RDC,Rwanda,2012-08-09,2012-04-17,1,True,-114,True
DN-2628,SCMS from RDC,Rwanda,2012-04-26,2012-04-08,1,True,-18,True
DN-2629,SCMS from RDC,Zambia,2012-05-08,2012-04-30,1,True,-8,True
DN-263,SCMS from RDC,Rwanda,2007-08-06,2007-08-06,1,True,0,True
DN-2630,SCMS from RDC,Nigeria,2012-05-20,2012-04-30,1,True,-20,True
DN-2631,SCMS from RDC,Nigeria,2012-07-04,2012-04-30,1,True,-65,True
DN-2632,SCMS from RDC,Tanzania,2012-05-31,2012-05-16,1,True,-15,True
DN-2633,SCMS from RDC,Tanzania,2012-06-01,2012-06-01,1,True,0,True
DN-2634,SCMS from RDC,Tanzania,2012-05-31,2012-04-30,1,True,-31,True
DN-2635,SCMS from RDC,Mozambique,2012-06-28,2012-06-28,1,True,0,True
DN-2636,SCMS from RDC,Burundi,2012-04-26,2012-05-04,1,True,8,False
DN-2637,SCMS from RDC,Burundi,2012-04-26,2012-04-30,1,True,4,False
DN-2638,SCMS from RDC,Dominican Republic,2012-05-21,2012-05-04,2,True,-17,True
DN-2639,SCMS from RDC,Dominican Republic,2012-05-21,2012-05-16,3,True,-5,True
DN-264,SCMS from RDC,Rwanda,2007-08-06,2007-08-06,1,True,0,True
DN-2640,SCMS from RDC,Libya,2012-06-06,2012-05-08,2,True,-29,True
DN-2641,SCMS from RDC,Libya,2012-05-23,2012-05-23,4,True,0,True
DN-2642,SCMS from RDC,Libya,2012-05-23,2012-05-08,1,True,-15,True
DN-2643,SCMS from RDC,Uganda,2012-07-03,2012-05-18,4,True,-46,True
DN-2644,SCMS from RDC,Nigeria,2012-06-20,2012-04-30,1,True,-51,True
DN-2645,SCMS from RDC,Nigeria,2012-06-20,2012-04-30,1,True,-51,True
DN-2646,SCMS from RDC,Nigeria,2012-06-20,2012-04-30,1,True,-51,True
DN-2647,SCMS from RDC,Nigeria,2012-07-04,2012-04-30,1,True,-65,True
DN-2648,SCMS from RDC,Dominican Republic,2012-05-21,2012-05-09,1,True,-12,True
DN-2649,SCMS from RDC,Nigeria,2012-06-20,2012-04-30,1,True,-51,True
DN-265,SCMS from RDC,Côte d'Ivoire,2007-08-17,2007-08-17,2,True,0,True
DN-2650,SCMS from RDC,Nigeria,2012-07-04,2012-04-30,1,True,-65,True
DN-2651,SCMS from RDC,Nigeria,2012-08-02,2012-04-30,1,True,-94,True
DN-2652,SCMS from RDC,Côte d'Ivoire,2012-05-30,2012-05-30,4,True,0,True
DN-2653,SCMS from RDC,Rwanda,2012-06-29,2012-05-15,1,True,-45,True
DN-2654,SCMS from RDC,Uganda,2012-06-29,2012-05-22,2,True,-38,True
DN-2655,SCMS from RDC,Zimbabwe,2012-05-31,2012-05-25,3,True,-6,True
DN-2656,SCMS from RDC,Zimbabwe,2012-06-12,2012-05-25,6,True,-18,True
DN-2657,SCMS from RDC,Zambia,2012-06-01,2012-05-28,1,True,-4,True
DN-2659,SCMS from RDC,Zambia,2012-06-01,2012-05-28,1,True,-4,True
DN-266,SCMS from RDC,Rwanda,2007-08-02,2007-08-02,1,True,0,True
DN-2660,SCMS from RDC,Zambia,2012-06-15,2012-05-28,1,True,-18,True
DN-2661,SCMS from RDC,Zambia,2012-07-26,2012-06-18,2,True,-38,True
DN-2663,SCMS from RDC,Mozambique,2012-07-03,2012-06-28,3,True,-5,True
DN-2665,SCMS from RDC,Zambia,2012-08-23,2012-06-18,1,True,-66,True
DN-2667,SCMS from RDC,Haiti,2012-06-29,2012-06-06,1,True,-23,True
DN-267,SCMS from RDC,Côte d'Ivoire,2007-08-03,2007-08-03,1,True,0,True
DN-2670,SCMS from RDC,Rwanda,2012-06-08,2012-06-01,1,True,-7,True
DN-2672,SCMS from RDC,Rwanda,2012-08-24,2012-06-04,1,True,-81,True
DN-2673,SCMS from RDC,Rwanda,2012-06-15,2012-06-01,1,True,-14,True
DN-2674,SCMS from RDC,Rwanda,2012-06-29,2012-06-01,1,True,-28,True
DN-2675,SCMS from RDC,Uganda,2012-07-04,2012-06-12,2,True,-22,True
DN-2676,SCMS from RDC,Uganda,2012-07-04,2012-06-08,1,True,-26,True
DN-2677,SCMS from RDC,Uganda,2012-08-17,2012-06-08,2,True,-70,True
DN-2678,SCMS from RDC,"Congo, DRC",2012-09-03,2012-09-03,2,True,0,True
DN-2679,SCMS from RDC,Zambia,2012-06-15,2012-06-18,1,True,3,False
DN-268,SCMS from RDC,Côte d'Ivoire,2007-08-14,2007-08-14,3,True,0,True
DN-2680,SCMS from RDC,Mozambique,2012-05-16,2012-05-10,1,True,-6,True
DN-2681,SCMS from RDC,Zambia,2012-07-02,2012-06-07,1,True,-25,True
DN-2682,SCMS from RDC,Zimbabwe,2012-08-14,2012-05-10,1,True,-96,True
DN-2683,SCMS from RDC,Zimbabwe,2012-08-14,2012-06-27,1,True,-48,True
DN-2684,SCMS from RDC,Nigeria,2012-07-04,2012-06-03,2,True,-31,True
DN-2685,SCMS from RDC,Nigeria,2012-06-20,2012-06-03,1,True,-17,True
DN-2686,SCMS from RDC,Nigeria,2012-08-02,2012-06-03,1,True,-60,True
DN-2687,SCMS from RDC,Nigeria,2012-08-02,2012-06-03,2,True,-60,True
DN-2688,SCMS from RDC,Nigeria,2012-08-02,2012-07-09,1,True,-24,True
DN-2689,SCMS from RDC,Côte d'Ivoire,2012-06-21,2012-06-15,1,True,-6,True
DN-269,SCMS from RDC,Zimbabwe,2007-08-17,2007-08-17,2,True,0,True
DN-2690,SCMS from RDC,Nigeria,2012-07-04,2012-06-03,2,True,-31,True
DN-2691,SCMS from RDC,Rwanda,2012-07-31,2012-06-15,1,True,-46,True
DN-2692,SCMS from RDC,Zimbabwe,2012-06-17,2012-06-17,1,True,0,True
DN-2693,SCMS from RDC,Zimbabwe,2012-08-14,2012-06-27,5,True,-48,True
DN-2694,SCMS from RDC,Zimbabwe,2012-10-16,2012-06-27,4,True,-111,True
DN-2695,SCMS from RDC,Zimbabwe,2012-12-11,2012-06-27,3,True,-167,True
DN-2696,SCMS from RDC,Zimbabwe,2012-07-31,2012-06-27,1,True,-34,True
DN-2697,SCMS from RDC,"Congo, DRC",2012-09-11,2012-09-11,7,True,0,True
DN-2698,SCMS from RDC,Côte d'Ivoire,2012-06-20,2012-06-15,1,True,-5,True
DN-2699,SCMS from RDC,Côte d'Ivoire,2012-07-02,2012-06-15,1,True,-17,True
DN-27,SCMS from RDC,Nigeria,2007-02-22,2007-02-22,3,True,0,True
DN-270,SCMS from RDC,Zambia,2007-08-07,2007-08-07,2,True,0,True
DN-2700,SCMS from RDC,Guyana,2012-07-10,2012-06-18,1,True,-22,True
DN-2701,SCMS from RDC,Guyana,2012-07-10,2012-06-13,1,True,-27,True
DN-2703,SCMS from RDC,Zambia,2012-06-29,2012-06-18,1,True,-11,True
DN-2704,SCMS from RDC,Mozambique,2012-07-31,2012-06-28,1,True,-33,True
DN-2705,SCMS from RDC,Mozambique,2012-08-21,2012-08-22,1,True,1,False
DN-2706,SCMS from RDC,Nigeria,2012-06-20,2012-06-03,2,True,-17,True
DN-2707,SCMS from RDC,Nigeria,2012-06-20,2012-06-03,1,True,-17,True
DN-2708,SCMS from RDC,Nigeria,2012-08-02,2012-06-03,1,True,-60,True
DN-2709,SCMS from RDC,Nigeria,2012-08-02,2012-06-03,2,True,-60,True
DN-271,SCMS from RDC,Côte d'Ivoire,2007-08-14,2007-08-14,1,True,0,True
DN-2710,SCMS from RDC,Nigeria,2012-08-02,2012-06-03,2,True,-60,True
DN-2711,SCMS from RDC,Libya,2012-06-29,2012-07-02,1,True,3,False
DN-2712,SCMS from RDC,Uganda,2012-07-20,2012-07-13,1,True,-7,True
DN-2713,SCMS from RDC,Côte d'Ivoire,2012-07-16,2012-06-18,1,True,-28,True
DN-2714,SCMS from RDC,Tanzania,2012-08-07,2012-07-25,1,True,-13,True
DN-2715,SCMS from RDC,Côte d'Ivoire,2012-07-02,2012-07-03,1,True,1,False
DN-2716,SCMS from RDC,Côte d'Ivoire,2012-07-16,2012-07-03,2,True,-13,True
DN-2717,SCMS from RDC,Mozambique,2012-08-07,2012-07-24,2,True,-14,True
DN-2718,SCMS from RDC,Tanzania,2012-08-01,2012-07-25,2,True,-7,True
DN-2719,SCMS from RDC,Uganda,2012-07-11,2012-06-29,1,True,-12,True
DN-2720,SCMS from RDC,"Congo, DRC",2012-09-09,2012-09-09,1,True,0,True
DN-2721,SCMS from RDC,Tanzania,2012-08-15,2012-07-25,1,True,-21,True
DN-2722,SCMS from RDC,Uganda,2012-09-05,2012-06-29,1,True,-68,True
DN-2723,SCMS from RDC,Rwanda,2012-07-03,2012-06-20,1,True,-13,True
DN-2724,SCMS from RDC,Uganda,2012-07-05,2012-07-16,2,True,11,False
DN-2725,SCMS from RDC,Nigeria,2012-07-04,2012-07-10,1,True,6,False
DN-2727,SCMS from RDC,Nigeria,2012-08-02,2012-07-09,2,True,-24,True
DN-2728,SCMS from RDC,Nigeria,2012-07-10,2012-07-10,1,True,0,True
DN-2729,SCMS from RDC,Nigeria,2012-08-02,2012-07-09,3,True,-24,True
DN-2731,SCMS from RDC,Zambia,2012-07-30,2012-07-30,1,True,0,True
DN-2732,SCMS from RDC,Nigeria,2012-07-09,2012-07-09,1,True,0,True
DN-2733,SCMS from RDC,Nigeria,2012-08-02,2012-07-09,1,True,-24,True
DN-2734,SCMS from RDC,Nigeria,2012-08-02,2012-07-10,1,True,-23,True
DN-2736,SCMS from RDC,Rwanda,2012-09-03,2012-07-12,1,True,-53,True
DN-2737,SCMS from RDC,Rwanda,2012-09-28,2012-07-21,1,True,-69,True
DN-2738,SCMS from RDC,Mozambique,2012-09-04,2012-08-22,2,True,-13,True
DN-2739,SCMS from RDC,Mozambique,2012-10-02,2012-08-22,1,True,-41,True
DN-274,SCMS from RDC,Côte d'Ivoire,2007-08-14,2007-08-14,1,True,0,True
DN-2740,SCMS from RDC,Uganda,2012-09-05,2012-07-30,1,True,-37,True
DN-2741,SCMS from RDC,Zimbabwe,2012-10-16,2012-07-23,3,True,-85,True
DN-2742,SCMS from RDC,Zimbabwe,2012-08-14,2012-07-23,2,True,-22,True
DN-2743,SCMS from RDC,Uganda,2012-08-17,2012-08-01,1,True,-16,True
DN-2744,SCMS from RDC,Uganda,2012-09-05,2012-07-26,4,True,-41,True
DN-2745,SCMS from RDC,Uganda,2012-08-07,2012-08-07,1,True,0,True
DN-2746,SCMS from RDC,Uganda,2012-08-07,2012-08-07,1,True,0,True
DN-2747,SCMS from RDC,Uganda,2012-08-17,2012-08-07,1,True,-10,True
DN-2748,SCMS from RDC,Zambia,2012-07-31,2012-07-30,1,True,-1,True
DN-2749,SCMS from RDC,Zambia,2012-08-23,2012-07-30,3,True,-24,True
DN-275,SCMS from RDC,Tanzania,2007-08-22,2007-08-22,1,True,0,True
DN-2750,SCMS from RDC,Zambia,2012-07-26,2012-07-30,1,True,4,False
DN-2751,SCMS from RDC,Côte d'Ivoire,2012-07-31,2012-07-31,1,True,0,True
DN-2752,SCMS from RDC,Côte d'Ivoire,2012-07-31,2012-07-31,1,True,0,True
DN-2753,SCMS from RDC,Côte d'Ivoire,2012-07-31,2012-07-31,1,True,0,True
DN-2754,SCMS from RDC,Côte d'Ivoire,2012-07-31,2012-07-31,2,True,0,True
DN-2755,SCMS from RDC,Côte d'Ivoire,2012-07-31,2012-07-31,1,True,0,True
DN-2756,SCMS from RDC,Côte d'Ivoire,2012-07-31,2012-07-31,1,True,0,True
DN-2758,SCMS from RDC,"Congo, DRC",2012-11-30,2012-11-30,1,True,0,True
DN-2759,SCMS from RDC,Rwanda,2012-08-16,2012-08-16,1,True,0,True
DN-276,SCMS from RDC,Tanzania,2007-08-22,2007-08-22,1,True,0,True
DN-2761,SCMS from RDC,Tanzania,2012-08-31,2012-08-22,3,True,-9,True
DN-2762,SCMS from RDC,Tanzania,2012-09-04,2012-08-22,1,True,-13,True
DN-2763,SCMS from RDC,Zambia,2012-07-31,2012-08-01,2,True,1,False
DN-2764,SCMS from RDC,Nigeria,2012-08-02,2012-07-24,2,True,-9,True
DN-2765,SCMS from RDC,Nigeria,2012-07-30,2012-07-24,1,True,-6,True
DN-2766,SCMS from RDC,Nigeria,2012-08-02,2012-07-24,1,True,-9,True
DN-2767,SCMS from RDC,Nigeria,2012-08-02,2012-07-24,2,True,-9,True
DN-2768,SCMS from RDC,Uganda,2012-09-17,2012-08-14,1,True,-34,True
DN-2769,SCMS from RDC,Nigeria,2012-08-02,2012-07-24,2,True,-9,True
DN-277,SCMS from RDC,Rwanda,2007-08-06,2007-08-06,1,True,0,True
DN-2770,SCMS from RDC,Rwanda,2012-08-31,2012-08-16,1,True,-15,True
DN-2771,SCMS from RDC,Nigeria,2012-07-30,2012-07-24,1,True,-6,True
DN-2772,SCMS from RDC,Nigeria,2012-08-02,2012-07-24,1,True,-9,True
DN-2773,SCMS from RDC,Nigeria,2012-08-02,2012-07-24,3,True,-9,True
DN-2774,SCMS from RDC,Nigeria,2012-07-31,2012-07-24,1,True,-7,True
DN-2775,SCMS from RDC,Nigeria,2012-08-02,2012-07-24,1,True,-9,True
DN-2776,SCMS from RDC,Côte d'Ivoire,2012-08-20,2012-08-18,1,True,-2,True
DN-2777,SCMS from RDC,Côte d'Ivoire,2012-08-20,2012-08-18,1,True,-2,True
DN-2778,SCMS from RDC,Côte d'Ivoire,2012-08-15,2012-08-15,2,True,0,True
DN-2779,SCMS from RDC,Rwanda,2012-08-24,2012-07-31,1,True,-24,True
DN-278,SCMS from RDC,Haiti,2007-08-07,2007-08-07,1,True,0,True
DN-2780,SCMS from RDC,Uganda,2012-09-11,2012-08-08,1,True,-34,True
DN-2781,SCMS from RDC,Uganda,2012-10-30,2012-10-30,3,True,0,True
DN-2782,SCMS from RDC,Uganda,2012-10-30,2012-10-30,1,True,0,True
DN-2783,SCMS from RDC,Rwanda,2012-09-28,2012-08-17,1,True,-42,True
DN-2784,SCMS from RDC,Rwanda,2012-10-31,2012-08-06,1,True,-86,True
DN-2787,SCMS from RDC,Côte d'Ivoire,2012-08-31,2012-08-12,2,True,-19,True
DN-2788,SCMS from RDC,Rwanda,2012-08-31,2012-08-16,1,True,-15,True
DN-2789,SCMS from RDC,Rwanda,2012-08-24,2012-08-16,1,True,-8,True
DN-279,SCMS from RDC,Mozambique,2007-09-21,2007-09-21,1,True,0,True
DN-2790,SCMS from RDC,Ethiopia,2012-08-30,2012-08-30,1,True,0,True
DN-2791,SCMS from RDC,Nigeria,2012-08-20,2012-08-14,3,True,-6,True
DN-2792,SCMS from RDC,Nigeria,2012-08-20,2012-08-14,1,True,-6,True
DN-2793,SCMS from RDC,Nigeria,2012-08-20,2012-08-14,1,True,-6,True
DN-2794,SCMS from RDC,Nigeria,2012-08-20,2012-08-14,1,True,-6,True
DN-2795,SCMS from RDC,Côte d'Ivoire,2012-08-21,2012-08-30,1,True,9,False
DN-2796,SCMS from RDC,Rwanda,2012-11-30,2012-09-14,1,True,-77,True
DN-2797,SCMS from RDC,Rwanda,2012-08-31,2012-08-23,1,True,-8,True
DN-2798,SCMS from RDC,Rwanda,2012-08-31,2012-08-23,2,True,-8,True
DN-2799,SCMS from RDC,Nigeria,2012-08-31,2012-08-14,1,True,-17,True
DN-28,SCMS from RDC,Côte d'Ivoire,2007-03-08,2007-03-08,1,True,0,True
DN-280,SCMS from RDC,Guyana,2007-08-09,2007-08-09,1,True,0,True
DN-2800,SCMS from RDC,Uganda,2012-09-27,2012-09-27,1,True,0,True
DN-2801,SCMS from RDC,Rwanda,2012-10-03,2012-08-17,1,True,-47,True
DN-2802,SCMS from RDC,Zimbabwe,2012-10-16,2012-09-04,1,True,-42,True
DN-2803,SCMS from RDC,Zimbabwe,2012-12-11,2012-09-04,2,True,-98,True
DN-2804,SCMS from RDC,Zimbabwe,2012-12-11,2012-09-04,4,True,-98,True
DN-2805,SCMS from RDC,Zambia,2012-08-31,2012-09-07,1,True,7,False
DN-2806,SCMS from RDC,Côte d'Ivoire,2012-10-01,2012-08-27,1,True,-35,True
DN-2807,SCMS from RDC,Rwanda,2012-08-31,2012-08-21,1,True,-10,True
DN-2808,SCMS from RDC,Mozambique,2012-11-30,2012-10-29,1,True,-32,True
DN-2809,SCMS from RDC,Côte d'Ivoire,2012-09-17,2012-08-27,2,True,-21,True
DN-281,SCMS from RDC,Tanzania,2007-08-22,2007-08-22,1,True,0,True
DN-2810,SCMS from RDC,Guyana,2012-09-30,2012-08-29,1,True,-32,True
DN-2811,SCMS from RDC,Guyana,2012-10-02,2012-08-29,5,True,-34,True
DN-2812,SCMS from RDC,"Congo, DRC",2013-02-14,2013-02-14,10,True,0,True
DN-2813,SCMS from RDC,Côte d'Ivoire,2012-10-29,2012-08-27,2,True,-63,True
DN-2814,SCMS from RDC,Côte d'Ivoire,2012-10-30,2012-08-27,1,True,-64,True
DN-2815,SCMS from RDC,Uganda,2012-10-30,2012-10-30,1,True,0,True
DN-2816,SCMS from RDC,Côte d'Ivoire,2012-10-02,2012-08-27,2,True,-36,True
DN-2817,SCMS from RDC,Nigeria,2012-08-31,2012-08-14,1,True,-17,True
DN-2818,SCMS from RDC,Nigeria,2012-08-31,2012-08-13,2,True,-18,True
DN-282,SCMS from RDC,Mozambique,2007-10-10,2007-10-10,4,True,0,True
DN-2820,SCMS from RDC,Tanzania,2012-10-26,2012-10-26,2,True,0,True
DN-2821,SCMS from RDC,Nigeria,2012-08-31,2012-08-14,2,True,-17,True
DN-2822,SCMS from RDC,Tanzania,2012-10-26,2012-10-26,1,True,0,True
DN-2823,SCMS from RDC,Nigeria,2012-09-10,2012-08-14,1,True,-27,True
DN-2824,SCMS from RDC,Uganda,2012-10-30,2012-10-30,1,True,0,True
DN-2825,SCMS from RDC,Zimbabwe,2012-09-30,2012-09-11,1,True,-19,True
DN-2826,SCMS from RDC,Zimbabwe,2012-08-31,2012-09-11,1,True,11,False
DN-2827,SCMS from RDC,Côte d'Ivoire,2012-09-28,2012-08-31,1,True,-28,True
DN-2828,SCMS from RDC,Uganda,2012-09-24,2012-09-24,1,True,0,True
DN-2829,SCMS from RDC,Uganda,2012-10-29,2012-10-29,2,True,0,True
DN-2830,SCMS from RDC,Uganda,2012-10-18,2012-10-18,2,True,0,True
DN-2831,SCMS from RDC,Uganda,2012-10-31,2012-10-31,1,True,0,True
DN-2832,SCMS from RDC,Zambia,2012-09-17,2012-09-07,2,True,-10,True
DN-2833,SCMS from RDC,Zambia,2012-09-25,2012-09-07,4,True,-18,True
DN-2834,SCMS from RDC,Zambia,2012-09-24,2012-09-07,1,True,-17,True
DN-2835,SCMS from RDC,Zimbabwe,2012-09-25,2012-09-03,1,True,-22,True
DN-2836,SCMS from RDC,Zambia,2012-09-13,2012-09-07,1,True,-6,True
DN-2837,SCMS from RDC,Côte d'Ivoire,2012-11-13,2012-09-05,3,True,-69,True
DN-2838,SCMS from RDC,Uganda,2012-09-28,2012-10-06,2,True,8,False
DN-2839,SCMS from RDC,Uganda,2012-10-05,2012-09-24,1,True,-11,True
DN-284,SCMS from RDC,Zambia,2007-08-07,2007-08-07,1,True,0,True
DN-2840,SCMS from RDC,Uganda,2012-10-05,2012-10-06,1,True,1,False
DN-2841,SCMS from RDC,Uganda,2012-09-28,2012-09-24,1,True,-4,True
DN-2842,SCMS from RDC,Uganda,2012-10-12,2012-09-25,1,True,-17,True
DN-2843,SCMS from RDC,Uganda,2012-10-15,2012-10-12,1,True,-3,True
DN-2844,SCMS from RDC,Tanzania,2012-11-15,2012-11-15,1,True,0,True
DN-2845,SCMS from RDC,Rwanda,2012-10-31,2012-10-30,1,True,-1,True
DN-2846,SCMS from RDC,Zambia,2012-10-31,2012-09-07,1,True,-54,True
DN-2847,SCMS from RDC,Zambia,2012-09-28,2012-09-07,1,True,-21,True
DN-2848,SCMS from RDC,Rwanda,2012-09-28,2012-09-13,2,True,-15,True
DN-2849,SCMS from RDC,Uganda,2012-10-30,2012-10-30,1,True,0,True
DN-2850,SCMS from RDC,Rwanda,2012-09-28,2012-10-10,1,True,12,False
DN-2851,SCMS from RDC,Côte d'Ivoire,2012-09-28,2012-09-10,2,True,-18,True
DN-2852,SCMS from RDC,Rwanda,2012-09-28,2012-10-05,1,True,7,False
DN-2853,SCMS from RDC,Rwanda,2012-10-26,2012-10-26,2,True,0,True
DN-2854,SCMS from RDC,Haiti,2012-09-28,2012-09-11,1,True,-17,True
DN-2856,SCMS from RDC,Rwanda,2012-10-30,2012-10-30,1,True,0,True
DN-2857,SCMS from RDC,South Sudan,2012-10-18,2012-10-03,2,True,-15,True
DN-2858,SCMS from RDC,South Sudan,2012-11-15,2012-10-23,3,True,-23,True
DN-2859,SCMS from RDC,Rwanda,2012-10-19,2012-10-18,2,True,-1,True
DN-2860,SCMS from RDC,Uganda,2012-10-27,2012-10-27,1,True,0,True
DN-2861,SCMS from RDC,Côte d'Ivoire,2012-10-29,2012-10-01,3,True,-28,True
DN-2862,SCMS from RDC,Mozambique,2012-10-31,2012-10-10,3,True,-21,True
DN-2863,SCMS from RDC,Mozambique,2012-10-30,2012-10-10,2,True,-20,True
DN-2864,SCMS from RDC,Mozambique,2012-11-30,2012-10-10,1,True,-51,True
DN-2865,SCMS from RDC,Zambia,2012-10-10,2012-10-05,3,True,-5,True
DN-2866,SCMS from RDC,Zimbabwe,2012-10-31,2012-10-05,1,True,-26,True
DN-2867,SCMS from RDC,Zimbabwe,2012-10-05,2012-10-05,1,True,0,True
DN-2868,SCMS from RDC,Côte d'Ivoire,2012-10-31,2012-10-05,1,True,-26,True
DN-2869,SCMS from RDC,Côte d'Ivoire,2012-11-30,2012-10-05,1,True,-56,True
DN-2870,SCMS from RDC,Côte d'Ivoire,2012-10-15,2012-10-05,1,True,-10,True
DN-2871,SCMS from RDC,South Sudan,2012-11-30,2012-11-30,2,True,0,True
DN-2872,SCMS from RDC,South Sudan,2012-11-30,2012-11-30,1,True,0,True
DN-2873,SCMS from RDC,Uganda,2012-10-25,2012-10-22,3,True,-3,True
DN-2874,SCMS from RDC,Tanzania,2012-10-18,2012-10-31,1,True,13,False
DN-2875,SCMS from RDC,Uganda,2012-10-17,2012-10-11,1,True,-6,True
DN-2876,SCMS from RDC,Uganda,2012-11-08,2012-11-08,1,True,0,True
DN-2877,SCMS from RDC,Côte d'Ivoire,2012-10-15,2012-10-05,1,True,-10,True
DN-2878,SCMS from RDC,Zimbabwe,2012-10-31,2012-10-18,1,True,-13,True
DN-288,SCMS from RDC,Côte d'Ivoire,2007-08-13,2007-08-13,1,True,0,True
DN-2880,SCMS from RDC,Côte d'Ivoire,2012-10-30,2012-10-24,4,True,-6,True
DN-2881,SCMS from RDC,Zimbabwe,2012-10-31,2012-10-18,3,True,-13,True
DN-2883,SCMS from RDC,Tanzania,2012-11-30,2012-10-31,4,True,-30,True
DN-2884,SCMS from RDC,Zambia,2012-10-31,2012-10-19,2,True,-12,True
DN-2885,SCMS from RDC,Rwanda,2012-10-31,2012-10-30,2,True,-1,True
DN-2886,SCMS from RDC,Cameroon,2012-10-24,2012-10-17,5,True,-7,True
DN-2887,SCMS from RDC,Cameroon,2012-11-07,2012-10-17,2,True,-21,True
DN-2888,SCMS from RDC,Tanzania,2012-11-30,2012-11-06,2,True,-24,True
DN-2889,SCMS from RDC,Tanzania,2012-11-30,2012-11-06,2,True,-24,True
DN-2890,SCMS from RDC,Uganda,2012-11-08,2012-10-29,1,True,-10,True
DN-2891,SCMS from RDC,Zambia,2012-11-09,2012-11-05,1,True,-4,True
DN-2893,SCMS from RDC,Côte d'Ivoire,2012-10-31,2012-10-26,1,True,-5,True
DN-2894,SCMS from RDC,Côte d'Ivoire,2012-12-15,2012-10-24,1,True,-52,True
DN-2895,SCMS from RDC,Côte d'Ivoire,2012-12-14,2012-10-24,2,True,-51,True
DN-2896,SCMS from RDC,Côte d'Ivoire,2013-01-31,2012-10-24,1,True,-99,True
DN-2897,SCMS from RDC,Uganda,2012-12-06,2012-10-29,2,True,-38,True
DN-2898,SCMS from RDC,Cameroon,2012-11-07,2012-10-17,1,True,-21,True
DN-2899,SCMS from RDC,Mozambique,2012-11-30,2012-11-14,1,True,-16,True
DN-290,SCMS from RDC,Tanzania,2007-09-10,2007-09-10,6,True,0,True
DN-2900,SCMS from RDC,Nigeria,2012-11-06,2012-11-06,2,True,0,True
DN-2901,SCMS from RDC,Nigeria,2012-11-06,2012-11-06,1,True,0,True
DN-2902,SCMS from RDC,Nigeria,2012-11-06,2012-11-06,1,True,0,True
DN-2903,SCMS from RDC,Nigeria,2012-11-06,2012-11-06,1,True,0,True
DN-2904,SCMS from RDC,Nigeria,2012-11-07,2012-11-07,1,True,0,True
DN-2905,SCMS from RDC,Nigeria,2012-11-06,2012-11-06,1,True,0,True
DN-2906,SCMS from RDC,Nigeria,2012-11-06,2012-11-06,1,True,0,True
DN-2907,SCMS from RDC,Nigeria,2012-11-06,2012-11-06,1,True,0,True
DN-2908,SCMS from RDC,Nigeria,2012-11-06,2012-11-06,1,True,0,True
DN-2909,SCMS from RDC,Nigeria,2012-11-07,2012-11-07,1,True,0,True
DN-291,SCMS from RDC,Tanzania,2007-08-29,2007-08-29,1,True,0,True
DN-2910,SCMS from RDC,Côte d'Ivoire,2012-11-30,2012-11-05,1,True,-25,True
DN-2911,SCMS from RDC,Mozambique,2012-11-30,2012-11-14,1,True,-16,True
DN-2912,SCMS from RDC,Zambia,2012-11-15,2012-11-05,1,True,-10,True
DN-2913,SCMS from RDC,Zimbabwe,2012-11-19,2012-11-19,2,True,0,True
DN-2914,SCMS from RDC,Zimbabwe,2012-11-19,2012-11-19,2,True,0,True
DN-2915,SCMS from RDC,Rwanda,2013-01-16,2013-01-16,1,True,0,True
DN-2916,SCMS from RDC,Rwanda,2013-01-16,2013-01-16,1,True,0,True
DN-2917,SCMS from RDC,Uganda,2012-12-31,2012-11-19,1,True,-42,True
DN-2918,SCMS from RDC,Zambia,2012-11-26,2012-11-26,1,True,0,True
DN-2919,SCMS from RDC,Zambia,2012-12-17,2012-12-17,3,True,0,True
DN-292,SCMS from RDC,Tanzania,2007-08-29,2007-08-29,1,True,0,True
DN-2920,SCMS from RDC,Zimbabwe,2012-12-14,2012-12-13,1,True,-1,True
DN-2921,SCMS from RDC,Uganda,2012-12-10,2012-11-19,2,True,-21,True
DN-2922,SCMS from RDC,Uganda,2012-12-06,2012-11-20,1,True,-16,True
DN-2923,SCMS from RDC,Nigeria,2012-11-15,2012-11-06,1,True,-9,True
DN-2924,SCMS from RDC,Zimbabwe,2012-11-30,2012-11-14,1,True,-16,True
DN-2925,SCMS from RDC,Uganda,2012-12-07,2012-11-28,1,True,-9,True
DN-2926,SCMS from RDC,Uganda,2012-12-20,2012-11-28,1,True,-22,True
DN-2927,SCMS from RDC,Uganda,2013-01-03,2012-11-28,1,True,-36,True
DN-2928,SCMS from RDC,Mozambique,2013-01-11,2013-01-11,3,True,0,True
DN-2929,SCMS from RDC,Zambia,2012-12-17,2012-12-17,1,True,0,True
DN-293,SCMS from RDC,Tanzania,2007-09-26,2007-09-26,1,True,0,True
DN-2930,SCMS from RDC,Zimbabwe,2012-12-19,2012-12-13,1,True,-6,True
DN-2931,SCMS from RDC,Zambia,2012-12-26,2012-12-17,1,True,-9,True
DN-2932,SCMS from RDC,Côte d'Ivoire,2012-12-15,2012-11-26,2,True,-19,True
DN-2933,SCMS from RDC,Haiti,2012-12-03,2012-11-16,1,True,-17,True
DN-2934,SCMS from RDC,Haiti,2012-12-03,2012-11-14,3,True,-19,True
DN-2935,SCMS from RDC,Côte d'Ivoire,2012-12-14,2012-11-30,2,True,-14,True
DN-2936,SCMS from RDC,Côte d'Ivoire,2012-12-13,2012-12-03,1,True,-10,True
DN-2938,SCMS from RDC,Mozambique,2013-01-11,2013-01-11,1,True,0,True
DN-2939,SCMS from RDC,Mozambique,2013-01-11,2013-01-11,2,True,0,True
DN-294,SCMS from RDC,Tanzania,2007-10-18,2007-10-18,1,True,0,True
DN-2940,SCMS from RDC,Zimbabwe,2012-12-21,2012-12-11,2,True,-10,True
DN-2941,SCMS from RDC,Zimbabwe,2012-12-20,2012-12-11,1,True,-9,True
DN-2942,SCMS from RDC,Zimbabwe,2012-12-14,2012-12-11,3,True,-3,True
DN-2943,SCMS from RDC,Nigeria,2012-12-04,2012-12-04,1,True,0,True
DN-2944,SCMS from RDC,Nigeria,2012-12-04,2012-12-04,1,True,0,True
DN-2945,SCMS from RDC,Nigeria,2012-11-30,2012-12-04,3,True,4,False
DN-2946,SCMS from RDC,Nigeria,2012-12-04,2012-12-04,4,True,0,True
DN-2947,SCMS from RDC,Nigeria,2012-12-04,2012-12-04,2,True,0,True
DN-2948,SCMS from RDC,Zimbabwe,2012-12-13,2012-12-13,1,True,0,True
DN-2951,SCMS from RDC,Uganda,2013-02-01,2013-02-01,3,True,0,True
DN-2952,SCMS from RDC,Uganda,2013-02-02,2013-02-02,4,True,0,True
DN-2953,SCMS from RDC,Uganda,2013-02-02,2013-02-02,1,True,0,True
DN-2954,SCMS from RDC,Côte d'Ivoire,2012-12-31,2012-12-06,3,True,-25,True
DN-2957,SCMS from RDC,Côte d'Ivoire,2013-01-31,2013-01-14,1,True,-17,True
DN-2958,SCMS from RDC,Côte d'Ivoire,2013-02-01,2013-01-14,3,True,-18,True
DN-2959,SCMS from RDC,Côte d'Ivoire,2013-02-27,2013-01-14,1,True,-44,True
DN-2961,SCMS from RDC,Rwanda,2013-02-06,2013-02-06,2,True,0,True
DN-2962,SCMS from RDC,Tanzania,2013-03-04,2013-03-04,2,True,0,True
DN-2963,SCMS from RDC,Tanzania,2013-02-28,2013-02-18,1,True,-10,True
DN-2964,SCMS from RDC,Uganda,2013-02-05,2013-02-05,1,True,0,True
DN-2965,SCMS from RDC,Mozambique,2013-01-11,2013-01-11,2,True,0,True
DN-2966,SCMS from RDC,Mozambique,2013-01-31,2013-01-11,1,True,-20,True
DN-2967,SCMS from RDC,Côte d'Ivoire,2013-02-28,2013-01-25,2,True,-34,True
DN-2968,SCMS from RDC,Côte d'Ivoire,2013-02-28,2012-12-27,1,True,-63,True
DN-2969,SCMS from RDC,Côte d'Ivoire,2013-02-28,2013-01-25,1,True,-34,True
DN-297,SCMS from RDC,Uganda,2007-10-17,2007-10-17,1,True,0,True
DN-2970,SCMS from RDC,Côte d'Ivoire,2013-01-31,2012-01-25,2,True,-372,True
DN-2971,SCMS from RDC,Uganda,2013-01-31,2013-02-01,2,True,1,False
DN-2972,SCMS from RDC,Tanzania,2013-02-28,2012-02-26,1,True,-368,True
DN-2973,SCMS from RDC,Zambia,2013-01-09,2013-01-07,1,True,-2,True
DN-2974,SCMS from RDC,Côte d'Ivoire,2013-01-10,2012-12-27,1,True,-14,True
DN-2975,SCMS from RDC,Zimbabwe,2012-12-21,2012-12-13,3,True,-8,True
DN-2976,SCMS from RDC,Rwanda,2013-02-07,2013-02-07,1,True,0,True
DN-2977,SCMS from RDC,Uganda,2013-02-05,2013-02-05,1,True,0,True
DN-2979,SCMS from RDC,Zimbabwe,2013-02-15,2013-01-24,1,True,-22,True
DN-298,SCMS from RDC,Uganda,2007-08-27,2007-08-27,2,True,0,True
DN-2980,SCMS from RDC,Angola,2013-05-20,2013-05-20,1,True,0,True
DN-2981,SCMS from RDC,"Congo, DRC",2013-09-11,2013-09-11,10,True,0,True
DN-2983,SCMS from RDC,Tanzania,2013-03-11,2013-02-18,1,True,-21,True
DN-2985,SCMS from RDC,Mozambique,2013-03-22,2013-03-22,1,True,0,True
DN-2986,SCMS from RDC,Uganda,2013-02-22,2013-02-25,2,True,3,False
DN-2987,SCMS from RDC,Zambia,2013-02-19,2013-02-19,1,True,0,True
DN-2988,SCMS from RDC,Zimbabwe,2013-02-11,2013-02-11,1,True,0,True
DN-2989,SCMS from RDC,Zimbabwe,2013-02-11,2013-02-11,6,True,0,True
DN-299,SCMS from RDC,Zimbabwe,2007-08-17,2007-08-17,1,True,0,True
DN-2994,SCMS from RDC,Nigeria,2013-02-11,2013-02-11,2,True,0,True
DN-2995,SCMS from RDC,Nigeria,2013-02-11,2013-02-11,1,True,0,True
DN-2996,SCMS from RDC,Nigeria,2013-02-11,2013-02-11,2,True,0,True
DN-2997,SCMS from RDC,Nigeria,2013-02-11,2013-02-11,3,True,0,True
DN-2998,SCMS from RDC,Nigeria,2013-02-11,2013-02-11,1,True,0,True
DN-2999,SCMS from RDC,Uganda,2013-02-22,2013-02-28,1,True,6,False
DN-30,SCMS from RDC,Côte d'Ivoire,2007-03-15,2007-03-15,4,True,0,True
DN-300,SCMS from RDC,Zimbabwe,2007-08-24,2007-08-24,1,True,0,True
DN-3000,SCMS from RDC,Uganda,2013-02-11,2013-03-07,2,True,24,False
DN-3001,SCMS from RDC,Uganda,2013-02-22,2013-02-20,4,True,-2,True
DN-3002,SCMS from RDC,Mozambique,2013-03-22,2013-03-22,1,True,0,True
DN-3003,SCMS from RDC,Zambia,2013-03-15,2013-02-19,1,True,-24,True
DN-3007,SCMS from RDC,Zimbabwe,2013-02-21,2013-02-04,1,True,-17,True
DN-3010,SCMS from RDC,Côte d'Ivoire,2013-02-28,2013-02-26,1,True,-2,True
DN-3011,SCMS from RDC,Uganda,2013-03-04,2013-03-04,1,True,0,True
DN-3012,SCMS from RDC,Mozambique,2013-04-01,2013-03-22,3,True,-10,True
DN-3014,SCMS from RDC,Haiti,2013-04-09,2013-01-03,3,True,-96,True
DN-3015,SCMS from RDC,Haiti,2013-04-09,2013-03-14,13,True,-26,True
DN-3016,SCMS from RDC,Haiti,2013-04-23,2013-03-14,1,True,-40,True
DN-3017,SCMS from RDC,"Congo, DRC",2013-03-18,2013-08-08,9,True,143,False
DN-3018,SCMS from RDC,Côte d'Ivoire,2013-03-11,2013-02-28,1,True,-11,True
DN-3019,SCMS from RDC,Côte d'Ivoire,2013-02-28,2013-02-28,2,True,0,True
DN-3020,SCMS from RDC,Côte d'Ivoire,2013-03-06,2013-02-28,1,True,-6,True
DN-3021,SCMS from RDC,Côte d'Ivoire,2013-03-28,2013-02-28,2,True,-28,True
DN-3022,SCMS from RDC,Côte d'Ivoire,2013-03-28,2013-02-28,1,True,-28,True
DN-3023,SCMS from RDC,Côte d'Ivoire,2013-03-27,2013-02-28,2,True,-27,True
DN-3024,SCMS from RDC,Uganda,2013-03-18,2013-03-07,2,True,-11,True
DN-3025,SCMS from RDC,Uganda,2013-04-04,2013-03-07,2,True,-28,True
DN-3026,SCMS from RDC,South Sudan,2013-03-31,2013-03-22,1,True,-9,True
DN-3027,SCMS from RDC,Nigeria,2013-03-15,2013-02-25,2,True,-18,True
DN-3028,SCMS from RDC,Nigeria,2013-03-15,2013-02-21,2,True,-22,True
DN-3029,SCMS from RDC,Nigeria,2013-03-15,2013-02-21,3,True,-22,True
DN-303,SCMS from RDC,Zimbabwe,2007-08-28,2007-08-28,1,True,0,True
DN-3030,SCMS from RDC,Zimbabwe,2013-03-14,2013-03-14,6,True,0,True
DN-3031,SCMS from RDC,Zimbabwe,2013-03-15,2013-03-14,1,True,-1,True
DN-3032,SCMS from RDC,Zimbabwe,2013-03-31,2013-03-14,3,True,-17,True
DN-3033,SCMS from RDC,Zimbabwe,2013-03-31,2013-03-14,3,True,-17,True
DN-3034,SCMS from RDC,Uganda,2013-03-29,2013-03-01,3,True,-28,True
DN-3035,SCMS from RDC,Uganda,2013-03-15,2013-03-01,1,True,-14,True
DN-3036,SCMS from RDC,Zimbabwe,2013-03-29,2013-03-23,1,True,-6,True
DN-3037,SCMS from RDC,Zimbabwe,2013-03-30,2013-03-23,1,True,-7,True
DN-3038,SCMS from RDC,Tanzania,2013-04-01,2013-03-15,1,True,-17,True
DN-3039,SCMS from RDC,Nigeria,2013-03-15,2013-02-21,1,True,-22,True
DN-304,SCMS from RDC,Mozambique,2007-09-21,2007-09-21,17,True,0,True
DN-3040,SCMS from RDC,Uganda,2013-03-08,2013-03-07,1,True,-1,True
DN-3041,SCMS from RDC,Uganda,2013-03-29,2013-03-06,1,True,-23,True
DN-3042,SCMS from RDC,Uganda,2013-03-09,2013-03-07,2,True,-2,True
DN-3043,SCMS from RDC,Haiti,2013-04-30,2013-03-15,2,True,-46,True
DN-3044,SCMS from RDC,Haiti,2013-04-30,2013-03-21,2,True,-40,True
DN-3045,SCMS from RDC,Zambia,2013-03-15,2013-03-22,1,True,7,False
DN-3046,SCMS from RDC,Côte d'Ivoire,2013-04-30,2013-03-08,3,True,-53,True
DN-3048,SCMS from RDC,Zimbabwe,2013-04-15,2013-03-23,3,True,-23,True
DN-3049,SCMS from RDC,Zimbabwe,2013-04-30,2013-03-23,1,True,-38,True
DN-3050,SCMS from RDC,Zimbabwe,2013-04-30,2013-03-23,1,True,-38,True
DN-3051,SCMS from RDC,Zambia,2013-06-25,2013-04-01,1,True,-85,True
DN-3052,SCMS from RDC,Zambia,2013-06-25,2013-03-15,1,True,-102,True
DN-3053,SCMS from RDC,Zambia,2013-06-25,2013-03-22,1,True,-95,True
DN-3055,SCMS from RDC,Zimbabwe,2013-05-31,2013-03-14,1,True,-78,True
DN-3056,SCMS from RDC,Zimbabwe,2013-07-31,2013-03-14,1,True,-139,True
DN-3057,SCMS from RDC,Zimbabwe,2013-04-15,2013-03-14,1,True,-32,True
DN-3058,SCMS from RDC,Guyana,2013-04-03,2013-03-15,1,True,-19,True
DN-3059,SCMS from RDC,Guyana,2013-04-18,2013-03-15,3,True,-34,True
DN-306,SCMS from RDC,Côte d'Ivoire,2007-08-17,2007-08-17,1,True,0,True
DN-3060,SCMS from RDC,Guyana,2013-04-18,2013-03-15,4,True,-34,True
DN-3061,SCMS from RDC,Haiti,2013-04-09,2013-03-14,1,True,-26,True
DN-3062,SCMS from RDC,Tanzania,2013-03-31,2013-04-02,1,True,2,False
DN-3063,SCMS from RDC,Mozambique,2013-04-08,2013-04-16,2,True,8,False
DN-3064,SCMS from RDC,Zimbabwe,2013-04-13,2013-04-13,1,True,0,True
DN-3065,SCMS from RDC,Uganda,2013-06-28,2013-03-20,2,True,-100,True
DN-3069,SCMS from RDC,Uganda,2013-04-25,2013-04-25,3,True,0,True
DN-307,SCMS from RDC,Mozambique,2007-09-04,2007-09-04,1,True,0,True
DN-3072,SCMS from RDC,Côte d'Ivoire,2013-04-30,2013-05-10,1,True,10,False
DN-3073,SCMS from RDC,Côte d'Ivoire,2013-05-31,2013-04-29,1,True,-32,True
DN-3075,SCMS from RDC,Côte d'Ivoire,2013-03-28,2013-03-30,5,True,2,False
DN-3078,SCMS from RDC,Mozambique,2013-07-01,2013-04-16,1,True,-76,True
DN-308,SCMS from RDC,Mozambique,2007-09-04,2007-09-04,1,True,0,True
DN-3080,SCMS from RDC,South Sudan,2013-04-17,2013-04-23,2,True,6,False
DN-3083,SCMS from RDC,Zimbabwe,2013-04-15,2013-04-08,1,True,-7,True
DN-3084,SCMS from RDC,Zimbabwe,2013-04-30,2013-04-08,2,True,-22,True
DN-3085,SCMS from RDC,Zimbabwe,2013-03-30,2013-04-08,1,True,9,False
DN-3086,SCMS from RDC,Mozambique,2013-04-19,2013-04-19,1,True,0,True
DN-3088,SCMS from RDC,Burundi,2013-05-02,2013-03-29,1,True,-34,True
DN-3089,SCMS from RDC,Guyana,2013-03-25,2013-03-28,1,True,3,False
DN-309,SCMS from RDC,Zambia,2007-08-21,2007-08-21,1,True,0,True
DN-3091,SCMS from RDC,Haiti,2013-04-23,2013-04-02,1,True,-21,True
DN-3092,SCMS from RDC,Zimbabwe,2013-03-30,2013-04-08,2,True,9,False
DN-3093,SCMS from RDC,Zimbabwe,2013-05-31,2013-04-08,1,True,-53,True
DN-3094,SCMS from RDC,Zimbabwe,2013-07-31,2013-04-13,1,True,-109,True
DN-3095,SCMS from RDC,Zambia,2013-04-30,2013-04-15,1,True,-15,True
DN-3096,SCMS from RDC,Burundi,2013-05-02,2013-05-10,2,True,8,False
DN-3097,SCMS from RDC,Dominican Republic,2013-04-24,2013-04-02,1,True,-22,True
DN-3098,SCMS from RDC,"Congo, DRC",2013-11-27,2013-11-27,1,True,0,True
DN-3099,SCMS from RDC,Guyana,2013-04-18,2013-04-19,3,True,1,False
DN-310,SCMS from RDC,Mozambique,2007-09-21,2007-09-21,1,True,0,True
DN-3100,SCMS from RDC,South Sudan,2013-04-30,2013-04-26,1,True,-4,True
DN-3101,SCMS from RDC,Tanzania,2013-05-31,2013-05-14,3,True,-17,True
DN-3102,SCMS from RDC,Mozambique,2013-08-01,2013-08-01,4,True,0,True
DN-3103,SCMS from RDC,Tanzania,2013-05-31,2013-04-22,1,True,-39,True
DN-3104,SCMS from RDC,Tanzania,2013-05-31,2013-04-22,1,True,-39,True
DN-3105,SCMS from RDC,Uganda,2013-04-16,2013-04-25,1,True,9,False
DN-3107,SCMS from RDC,Mozambique,2013-06-06,2013-06-11,1,True,5,False
DN-3108,SCMS from RDC,Mozambique,2013-07-04,2013-07-04,2,True,0,True
DN-3109,SCMS from RDC,Mozambique,2013-07-04,2013-07-04,1,True,0,True
DN-3110,SCMS from RDC,Mozambique,2013-06-06,2013-06-20,5,True,14,False
DN-3111,SCMS from RDC,Tanzania,2013-05-31,2013-05-09,1,True,-22,True
DN-3112,SCMS from RDC,Mozambique,2013-07-14,2013-07-26,1,True,12,False
DN-3113,SCMS from RDC,Zimbabwe,2013-04-30,2013-04-29,1,True,-1,True
DN-3115,SCMS from RDC,Zambia,2013-06-28,2013-05-14,1,True,-45,True
DN-3116,SCMS from RDC,Zambia,2013-06-28,2013-05-13,2,True,-46,True
DN-3117,SCMS from RDC,Dominican Republic,2013-04-24,2013-05-21,2,True,27,False
DN-3118,SCMS from RDC,Burundi,2013-05-31,2013-05-23,4,True,-8,True
DN-3119,SCMS from RDC,Uganda,2013-05-08,2013-05-09,1,True,1,False
DN-3120,SCMS from RDC,Uganda,2013-04-30,2013-05-09,1,True,9,False
DN-3121,SCMS from RDC,Uganda,2013-08-09,2013-08-09,3,True,0,True
DN-3122,SCMS from RDC,Uganda,2013-06-07,2013-06-07,4,True,0,True
DN-3123,SCMS from RDC,Uganda,2013-04-30,2013-05-09,1,True,9,False
DN-3124,SCMS from RDC,Uganda,2013-04-30,2013-05-09,1,True,9,False
DN-3125,SCMS from RDC,South Sudan,2013-04-30,2013-04-24,8,True,-6,True
DN-3126,SCMS from RDC,South Sudan,2013-04-30,2013-04-17,1,True,-13,True
DN-3127,SCMS from RDC,Uganda,2013-06-04,2013-06-04,1,True,0,True
DN-3128,SCMS from RDC,Uganda,2013-05-09,2013-05-07,1,True,-2,True
DN-3129,SCMS from RDC,Burundi,2013-06-30,2013-05-09,2,True,-52,True
DN-3130,SCMS from RDC,Nigeria,2013-05-21,2013-05-03,2,True,-18,True
DN-3131,SCMS from RDC,Zimbabwe,2013-05-06,2013-04-29,4,True,-7,True
DN-3132,SCMS from RDC,Zimbabwe,2013-05-30,2013-04-29,2,True,-31,True
DN-3133,SCMS from RDC,Mozambique,2013-07-21,2013-07-26,2,True,5,False
DN-3134,SCMS from RDC,South Sudan,2013-06-28,2013-05-17,1,True,-42,True
DN-3135,SCMS from RDC,Côte d'Ivoire,2013-06-28,2013-04-30,1,True,-59,True
DN-3136,SCMS from RDC,Mozambique,2013-09-30,2013-08-29,1,True,-32,True
DN-3137,SCMS from RDC,Uganda,2013-06-28,2013-05-15,1,True,-44,True
DN-3138,SCMS from RDC,Nigeria,2013-05-06,2013-05-03,1,True,-3,True
DN-3139,SCMS from RDC,Nigeria,2013-05-21,2013-05-03,1,True,-18,True
DN-314,SCMS from RDC,Côte d'Ivoire,2007-08-24,2007-08-24,3,True,0,True
DN-3140,SCMS from RDC,Nigeria,2013-05-21,2013-05-02,1,True,-19,True
DN-3141,SCMS from RDC,Nigeria,2013-05-21,2013-05-03,1,True,-18,True
DN-3142,SCMS from RDC,Nigeria,2013-05-21,2013-05-03,1,True,-18,True
DN-3143,SCMS from RDC,Nigeria,2013-06-04,2013-05-03,1,True,-32,True
DN-3144,SCMS from RDC,Nigeria,2013-08-21,2013-05-03,1,True,-110,True
DN-3145,SCMS from RDC,Zimbabwe,2013-05-30,2013-04-29,1,True,-31,True
DN-3146,SCMS from RDC,Mozambique,2013-08-30,2013-07-31,1,True,-30,True
DN-3147,SCMS from RDC,Uganda,2013-06-20,2013-05-22,1,True,-29,True
DN-3148,SCMS from RDC,Nigeria,2013-05-21,2013-05-06,2,True,-15,True
DN-315,SCMS from RDC,Côte d'Ivoire,2007-08-24,2007-08-24,1,True,0,True
DN-3151,SCMS from RDC,Nigeria,2013-05-21,2013-05-23,1,True,2,False
DN-3152,SCMS from RDC,Uganda,2013-05-09,2013-05-22,1,True,13,False
DN-3153,SCMS from RDC,Uganda,2013-06-28,2013-06-07,3,True,-21,True
DN-3155,SCMS from RDC,Tanzania,2013-08-23,2013-05-14,2,True,-101,True
DN-3156,SCMS from RDC,Uganda,2013-05-31,2013-05-30,1,True,-1,True
DN-3159,SCMS from RDC,Rwanda,2013-06-28,2013-05-24,1,True,-35,True
DN-3160,SCMS from RDC,Rwanda,2013-06-28,2013-05-27,1,True,-32,True
DN-3161,SCMS from RDC,Zambia,2013-05-31,2013-05-28,1,True,-3,True
DN-3162,SCMS from RDC,Nigeria,2013-05-21,2013-05-03,1,True,-18,True
DN-3163,SCMS from RDC,Nigeria,2013-05-28,2013-05-03,1,True,-25,True
DN-3166,SCMS from RDC,Zambia,2013-06-25,2013-06-07,1,True,-18,True
DN-317,SCMS from RDC,Zimbabwe,2007-08-28,2007-08-28,1,True,0,True
DN-3170,SCMS from RDC,Nigeria,2013-05-21,2013-05-10,1,True,-11,True
DN-3171,SCMS from RDC,Nigeria,2013-05-21,2013-05-10,3,True,-11,True
DN-3172,SCMS from RDC,Nigeria,2013-05-28,2013-05-10,1,True,-18,True
DN-3173,SCMS from RDC,Nigeria,2013-06-04,2013-05-10,3,True,-25,True
DN-3174,SCMS from RDC,Nigeria,2013-08-21,2013-05-10,1,True,-103,True
DN-3175,SCMS from RDC,Nigeria,2013-09-04,2013-05-10,1,True,-117,True
DN-3176,SCMS from RDC,Nigeria,2013-05-21,2013-05-10,1,True,-11,True
DN-3177,SCMS from RDC,Tanzania,2013-05-31,2013-06-18,1,True,18,False
DN-318,SCMS from RDC,Côte d'Ivoire,2007-09-10,2007-09-10,1,True,0,True
DN-3180,SCMS from RDC,Mozambique,2013-06-28,2013-07-10,1,True,12,False
DN-3181,SCMS from RDC,Mozambique,2013-09-30,2013-08-08,1,True,-53,True
DN-3182,SCMS from RDC,Mozambique,2013-07-26,2013-07-26,5,True,0,True
DN-3184,SCMS from RDC,Zambia,2013-06-25,2013-05-29,1,True,-27,True
DN-3185,SCMS from RDC,Tanzania,2013-06-28,2013-05-23,1,True,-36,True
DN-3186,SCMS from RDC,Zambia,2013-06-28,2013-06-07,4,True,-21,True
DN-3189,SCMS from RDC,Nigeria,2013-05-21,2013-05-29,1,True,8,False
DN-319,SCMS from RDC,Zambia,2007-08-29,2007-08-29,2,True,0,True
DN-3190,SCMS from RDC,Nigeria,2013-05-21,2013-05-29,1,True,8,False
DN-3194,SCMS from RDC,Tanzania,2013-05-31,2013-06-18,1,True,18,False
DN-3196,SCMS from RDC,Tanzania,2013-05-31,2013-06-18,1,True,18,False
DN-3197,SCMS from RDC,Nigeria,2013-05-31,2013-05-28,2,True,-3,True
DN-3198,SCMS from RDC,Nigeria,2013-05-28,2013-05-28,1,True,0,True
DN-3199,SCMS from RDC,Nigeria,2013-06-04,2013-05-29,4,True,-6,True
DN-32,SCMS from RDC,Zimbabwe,2007-03-23,2007-03-23,1,True,0,True
DN-320,SCMS from RDC,Côte d'Ivoire,2007-08-30,2007-08-30,8,True,0,True
DN-3200,SCMS from RDC,Côte d'Ivoire,2013-07-06,2013-07-19,1,True,13,False
DN-3202,SCMS from RDC,Zambia,2013-06-25,2013-06-07,1,True,-18,True
DN-3203,SCMS from RDC,Zambia,2013-07-18,2013-07-23,1,True,5,False
DN-3204,SCMS from RDC,Zambia,2013-07-23,2013-08-06,1,True,14,False
DN-3205,SCMS from RDC,Nigeria,2013-06-04,2013-05-29,1,True,-6,True
DN-3206,SCMS from RDC,Nigeria,2013-05-31,2013-05-30,1,True,-1,True
DN-3207,SCMS from RDC,Tanzania,2013-08-23,2013-06-18,1,True,-66,True
DN-3208,SCMS from RDC,Tanzania,2013-08-27,2013-07-24,1,True,-34,True
DN-3209,SCMS from RDC,Zambia,2013-07-15,2013-07-23,1,True,8,False
DN-3210,SCMS from RDC,Zambia,2013-11-05,2013-11-05,1,True,0,True
DN-3211,SCMS from RDC,Zambia,2013-10-22,2013-10-22,1,True,0,True
DN-3212,SCMS from RDC,Zimbabwe,2013-07-31,2013-08-06,1,True,6,False
DN-3213,SCMS from RDC,Mozambique,2013-07-31,2013-07-26,1,True,-5,True
DN-3214,SCMS from RDC,Uganda,2013-07-30,2013-08-09,1,True,10,False
DN-3215,SCMS from RDC,Côte d'Ivoire,2013-07-31,2013-08-06,1,True,6,False
DN-3216,SCMS from RDC,Côte d'Ivoire,2013-07-31,2013-08-06,2,True,6,False
DN-3218,SCMS from RDC,Uganda,2013-07-31,2013-07-23,1,True,-8,True
DN-3219,SCMS from RDC,Uganda,2013-07-31,2013-07-18,1,True,-13,True
DN-322,SCMS from RDC,Namibia,2007-09-07,2007-09-07,2,True,0,True
DN-3220,SCMS from RDC,Uganda,2013-07-31,2013-07-19,1,True,-12,True
DN-3221,SCMS from RDC,Uganda,2013-07-31,2013-07-18,1,True,-13,True
DN-3227,SCMS from RDC,Cameroon,2013-07-22,2013-07-31,4,True,9,False
DN-3228,SCMS from RDC,Cameroon,2013-07-22,2013-07-14,2,True,-8,True
DN-3229,SCMS from RDC,Tanzania,2013-09-25,2013-09-23,1,True,-2,True
DN-323,SCMS from RDC,Côte d'Ivoire,2007-09-14,2007-09-14,4,True,0,True
DN-3230,SCMS from RDC,Mozambique,2013-08-01,2013-08-01,2,True,0,True
DN-3231,SCMS from RDC,Zimbabwe,2013-07-31,2013-08-06,4,True,6,False
DN-3232,SCMS from RDC,Zimbabwe,2013-07-30,2013-08-06,2,True,7,False
DN-3234,SCMS from RDC,Burundi,2013-07-09,2013-08-23,2,True,45,False
DN-3235,SCMS from RDC,Burundi,2013-08-06,2013-08-23,1,True,17,False
DN-3236,SCMS from RDC,Tanzania,2013-08-29,2013-09-10,1,True,12,False
DN-3237,SCMS from RDC,Uganda,2013-07-31,2013-08-26,2,True,26,False
DN-3239,SCMS from RDC,Nigeria,2013-08-21,2013-07-23,2,True,-29,True
DN-324,SCMS from RDC,Côte d'Ivoire,2007-08-31,2007-08-31,2,True,0,True
DN-3240,SCMS from RDC,Nigeria,2013-07-22,2013-07-23,1,True,1,False
DN-3242,SCMS from RDC,Nigeria,2013-09-04,2013-07-23,1,True,-43,True
DN-3243,SCMS from RDC,Nigeria,2013-09-04,2013-07-23,1,True,-43,True
DN-3244,SCMS from RDC,Nigeria,2013-08-21,2013-07-30,1,True,-22,True
DN-3245,SCMS from RDC,Côte d'Ivoire,2013-10-31,2013-07-23,1,True,-100,True
DN-3246,SCMS from RDC,Côte d'Ivoire,2013-08-01,2013-07-23,1,True,-9,True
DN-3247,SCMS from RDC,Côte d'Ivoire,2013-10-31,2013-07-23,1,True,-100,True
DN-3248,SCMS from RDC,Côte d'Ivoire,2013-10-31,2013-08-21,1,True,-71,True
DN-3251,SCMS from RDC,Nigeria,2013-08-21,2013-07-30,3,True,-22,True
DN-3252,SCMS from RDC,Nigeria,2013-08-21,2013-07-30,1,True,-22,True
DN-3253,SCMS from RDC,Nigeria,2013-09-04,2013-07-23,1,True,-43,True
DN-3255,SCMS from RDC,Tanzania,2013-09-11,2013-09-11,1,True,0,True
DN-3256,SCMS from RDC,Uganda,2013-08-06,2013-08-20,3,True,14,False
DN-3257,SCMS from RDC,Burundi,2013-08-24,2013-08-26,2,True,2,False
DN-3258,SCMS from RDC,Zambia,2013-09-06,2013-07-30,2,True,-38,True
DN-3259,SCMS from RDC,South Sudan,2013-08-26,2013-08-26,2,True,0,True
DN-326,SCMS from RDC,Côte d'Ivoire,2007-09-05,2007-09-05,1,True,0,True
DN-3260,SCMS from RDC,Burundi,2013-08-06,2013-05-21,2,True,-77,True
DN-3261,SCMS from RDC,Burundi,2013-08-16,2013-08-22,1,True,6,False
DN-3263,SCMS from RDC,Uganda,2013-09-27,2013-09-27,3,True,0,True
DN-3264,SCMS from RDC,Uganda,2013-08-30,2013-08-10,1,True,-20,True
DN-3266,SCMS from RDC,Tanzania,2013-10-16,2013-09-05,1,True,-41,True
DN-3267,SCMS from RDC,Uganda,2013-08-29,2013-09-13,4,True,15,False
DN-3268,SCMS from RDC,"Congo, DRC",2013-08-27,2014-02-08,8,True,165,False
DN-3269,SCMS from RDC,"Congo, DRC",2013-08-28,2014-02-08,7,True,164,False
DN-327,SCMS from RDC,Côte d'Ivoire,2007-09-10,2007-09-10,2,True,0,True
DN-3270,SCMS from RDC,Uganda,2013-09-05,2013-09-05,1,True,0,True
DN-3271,SCMS from RDC,Uganda,2013-09-02,2013-09-02,2,True,0,True
DN-3273,SCMS from RDC,Uganda,2013-08-06,2013-08-22,1,True,16,False
DN-3278,SCMS from RDC,Tanzania,2013-07-30,2013-08-15,1,True,16,False
DN-3279,SCMS from RDC,Côte d'Ivoire,2013-08-28,2013-08-28,1,True,0,True
DN-328,SCMS from RDC,Zambia,2007-08-31,2007-08-31,1,True,0,True
DN-3281,SCMS from RDC,Mozambique,2013-09-27,2013-09-27,2,True,0,True
DN-3282,SCMS from RDC,Côte d'Ivoire,2013-08-15,2013-08-14,1,True,-1,True
DN-3283,SCMS from RDC,Burundi,2013-10-13,2013-05-21,1,True,-145,True
DN-3284,SCMS from RDC,Burundi,2013-08-30,2013-08-27,1,True,-3,True
DN-3285,SCMS from RDC,Uganda,2013-08-30,2013-08-30,1,True,0,True
DN-3286,SCMS from RDC,Mozambique,2013-10-09,2013-10-09,1,True,0,True
DN-3287,SCMS from RDC,Zimbabwe,2013-09-20,2013-09-20,1,True,0,True
DN-3288,SCMS from RDC,Mozambique,2013-09-27,2013-09-27,1,True,0,True
DN-3289,SCMS from RDC,Mozambique,2013-11-13,2013-11-13,4,True,0,True
DN-329,SCMS from RDC,Zambia,2007-08-31,2007-08-31,1,True,0,True
DN-3290,SCMS from RDC,Uganda,2013-09-27,2013-09-27,1,True,0,True
DN-3291,SCMS from RDC,Zimbabwe,2013-09-18,2013-09-20,1,True,2,False
DN-3293,SCMS from RDC,Zimbabwe,2013-09-12,2013-09-20,1,True,8,False
DN-3294,SCMS from RDC,Côte d'Ivoire,2013-09-30,2013-08-28,1,True,-33,True
DN-3295,SCMS from RDC,Tanzania,2013-10-15,2013-09-10,3,True,-35,True
DN-3296,SCMS from RDC,Uganda,2013-09-12,2013-10-16,2,True,34,False
DN-3297,SCMS from RDC,Zambia,2013-10-22,2013-10-22,1,True,0,True
DN-3298,SCMS from RDC,Zambia,2013-10-22,2013-10-22,2,True,0,True
DN-3299,SCMS from RDC,Zambia,2013-09-16,2013-09-23,1,True,7,False
DN-330,SCMS from RDC,Côte d'Ivoire,2007-09-04,2007-09-04,2,True,0,True
DN-3300,SCMS from RDC,Tanzania,2013-10-25,2013-10-01,2,True,-24,True
DN-3301,SCMS from RDC,Tanzania,2013-10-16,2013-09-27,1,True,-19,True
DN-3302,SCMS from RDC,Mozambique,2013-09-30,2013-10-12,1,True,12,False
DN-3303,SCMS from RDC,Mozambique,2013-11-29,2013-10-12,1,True,-48,True
DN-3304,SCMS from RDC,Tanzania,2013-11-20,2013-09-09,1,True,-72,True
DN-3305,SCMS from RDC,Uganda,2013-11-29,2013-10-16,1,True,-44,True
DN-3308,SCMS from RDC,Tanzania,2013-10-15,2013-09-18,1,True,-27,True
DN-3309,SCMS from RDC,Tanzania,2013-10-15,2013-09-05,1,True,-40,True
DN-3310,SCMS from RDC,Burundi,2013-09-09,2013-09-10,1,True,1,False
DN-3311,SCMS from RDC,"Congo, DRC",2014-01-21,2014-01-21,1,True,0,True
DN-3312,SCMS from RDC,Côte d'Ivoire,2013-09-30,2013-09-13,1,True,-17,True
DN-3313,SCMS from RDC,Côte d'Ivoire,2014-01-08,2013-09-13,1,True,-117,True
DN-3314,SCMS from RDC,Tanzania,2013-10-31,2013-10-08,1,True,-23,True
DN-3315,SCMS from RDC,Cameroon,2013-10-02,2013-10-02,1,True,0,True
DN-3316,SCMS from RDC,Tanzania,2013-10-31,2013-09-27,2,True,-34,True
DN-3317,SCMS from RDC,Zambia,2013-10-22,2013-10-22,2,True,0,True
DN-3318,SCMS from RDC,Mozambique,2013-10-31,2013-10-31,3,True,0,True
DN-3319,SCMS from RDC,Zimbabwe,2013-09-30,2013-09-20,1,True,-10,True
DN-332,SCMS from RDC,Ethiopia,2007-09-04,2007-09-04,10,True,0,True
DN-3320,SCMS from RDC,Nigeria,2013-09-20,2013-09-12,1,True,-8,True
DN-3321,SCMS from RDC,Nigeria,2013-09-20,2013-09-12,1,True,-8,True
DN-3322,SCMS from RDC,Nigeria,2013-09-20,2013-09-12,1,True,-8,True
DN-3323,SCMS from RDC,Nigeria,2013-09-20,2013-09-12,1,True,-8,True
DN-3324,SCMS from RDC,Nigeria,2013-09-18,2013-09-12,4,True,-6,True
DN-3325,SCMS from RDC,Dominican Republic,2013-09-26,2013-05-21,1,True,-128,True
DN-3326,SCMS from RDC,Tanzania,2013-11-20,2013-09-10,1,True,-71,True
DN-3327,SCMS from RDC,Zambia,2013-09-30,2013-09-17,2,True,-13,True
DN-3329,SCMS from RDC,Côte d'Ivoire,2013-09-30,2013-09-20,3,True,-10,True
DN-3330,SCMS from RDC,Côte d'Ivoire,2013-09-30,2013-09-20,1,True,-10,True
DN-3331,SCMS from RDC,Guyana,2013-09-30,2013-10-04,3,True,4,False
DN-3332,SCMS from RDC,Guyana,2013-09-30,2013-10-04,1,True,4,False
DN-3333,SCMS from RDC,Uganda,2013-09-30,2013-10-29,1,True,29,False
DN-3334,SCMS from RDC,Guyana,2013-10-14,2013-10-07,1,True,-7,True
DN-3335,SCMS from RDC,Burundi,2013-11-03,2013-11-05,2,True,2,False
DN-3336,SCMS from RDC,Burundi,2013-10-27,2013-11-05,1,True,9,False
DN-3337,SCMS from RDC,Zimbabwe,2013-09-30,2013-10-09,2,True,9,False
DN-3338,SCMS from RDC,Mozambique,2013-10-31,2013-10-31,1,True,0,True
DN-3339,SCMS from RDC,Mozambique,2013-10-31,2013-11-13,3,True,13,False
DN-3340,SCMS from RDC,Zambia,2013-11-05,2013-11-05,1,True,0,True
DN-3341,SCMS from RDC,Rwanda,2013-10-04,2013-10-15,1,True,11,False
DN-3342,SCMS from RDC,Zimbabwe,2013-09-30,2013-10-09,1,True,9,False
DN-3344,SCMS from RDC,Guyana,2013-09-30,2013-10-11,1,True,11,False
DN-3345,SCMS from RDC,Rwanda,2013-10-15,2013-10-15,1,True,0,True
DN-3346,SCMS from RDC,Tanzania,2013-10-28,2013-11-01,1,True,4,False
DN-3347,SCMS from RDC,Tanzania,2013-10-31,2013-11-04,3,True,4,False
DN-3348,SCMS from RDC,Uganda,2013-10-15,2013-11-08,1,True,24,False
DN-3349,SCMS from RDC,Dominican Republic,2013-10-29,2013-10-16,2,True,-13,True
DN-3350,SCMS from RDC,Mozambique,2013-11-15,2013-10-08,2,True,-38,True
DN-3351,SCMS from RDC,Rwanda,2013-10-31,2013-10-24,1,True,-7,True
DN-3353,SCMS from RDC,Uganda,2013-10-21,2013-11-08,1,True,18,False
DN-3355,SCMS from RDC,Dominican Republic,2013-10-29,2013-10-10,4,True,-19,True
DN-3356,SCMS from RDC,Dominican Republic,2013-11-26,2013-10-10,1,True,-47,True
DN-3357,SCMS from RDC,Zambia,2013-11-24,2013-11-29,2,True,5,False
DN-3359,SCMS from RDC,Côte d'Ivoire,2013-11-20,2013-10-04,1,True,-47,True
DN-336,SCMS from RDC,Côte d'Ivoire,2007-09-21,2007-09-21,1,True,0,True
DN-3360,SCMS from RDC,Zambia,2014-01-24,2014-01-24,3,True,0,True
DN-3361,SCMS from RDC,Zambia,2013-11-29,2013-11-29,3,True,0,True
DN-3362,SCMS from RDC,Zambia,2013-11-29,2013-11-29,1,True,0,True
DN-3363,SCMS from RDC,Zimbabwe,2013-11-30,2013-10-22,1,True,-39,True
DN-3364,SCMS from RDC,Nigeria,2013-10-31,2013-10-14,1,True,-17,True
DN-3365,SCMS from RDC,Nigeria,2013-10-31,2013-10-14,1,True,-17,True
DN-3366,SCMS from RDC,Nigeria,2013-10-31,2013-10-14,2,True,-17,True
DN-3368,SCMS from RDC,Nigeria,2013-11-18,2013-10-14,2,True,-35,True
DN-3369,SCMS from RDC,Nigeria,2013-10-31,2013-10-14,1,True,-17,True
DN-3370,SCMS from RDC,Nigeria,2013-10-31,2013-10-14,1,True,-17,True
DN-3371,SCMS from RDC,Côte d'Ivoire,2013-10-31,2013-10-22,5,True,-9,True
DN-3372,SCMS from RDC,Côte d'Ivoire,2013-11-04,2013-10-22,1,True,-13,True
DN-3373,SCMS from RDC,"Congo, DRC",2013-10-31,2014-01-27,2,True,88,False
DN-3374,SCMS from RDC,Nigeria,2013-11-07,2013-10-21,1,True,-17,True
DN-3375,SCMS from RDC,Mozambique,2013-11-29,2013-11-28,1,True,-1,True
DN-3376,SCMS from RDC,Mozambique,2013-11-29,2013-11-28,2,True,-1,True
DN-3378,SCMS from RDC,Uganda,2013-11-29,2013-11-20,1,True,-9,True
DN-3379,SCMS from RDC,Zambia,2013-11-20,2013-11-29,1,True,9,False
DN-338,SCMS from RDC,Zimbabwe,2007-09-26,2007-09-26,1,True,0,True
DN-3380,SCMS from RDC,Zambia,2013-10-31,2014-01-24,1,True,85,False
DN-3381,SCMS from RDC,Burundi,2013-11-15,2013-11-22,3,True,7,False
DN-3382,SCMS from RDC,Burundi,2013-11-15,2013-11-22,1,True,7,False
DN-3383,SCMS from RDC,Burundi,2013-12-29,2013-11-20,1,True,-39,True
DN-3384,SCMS from RDC,Burundi,2013-11-22,2013-12-05,1,True,13,False
DN-3385,SCMS from RDC,Uganda,2013-11-29,2013-11-13,2,True,-16,True
DN-3386,SCMS from RDC,Uganda,2013-11-15,2013-11-22,1,True,7,False
DN-3395,SCMS from RDC,Zambia,2013-11-29,2013-11-09,1,True,-20,True
DN-3396,SCMS from RDC,Zambia,2014-01-24,2014-01-24,2,True,0,True
DN-3397,SCMS from RDC,Côte d'Ivoire,2013-11-29,2013-12-09,1,True,10,False
DN-3399,SCMS from RDC,Rwanda,2013-11-29,2013-11-29,1,True,0,True
DN-340,SCMS from RDC,Zambia,2007-09-14,2007-09-14,1,True,0,True
DN-3401,SCMS from RDC,Tanzania,2013-12-26,2013-12-16,3,True,-10,True
DN-3402,SCMS from RDC,Uganda,2013-12-16,2013-12-20,2,True,4,False
DN-3404,SCMS from RDC,Zimbabwe,2013-11-30,2013-11-25,1,True,-5,True
DN-3405,SCMS from RDC,Zimbabwe,2013-11-30,2013-11-25,1,True,-5,True
DN-3407,SCMS from RDC,Tanzania,2013-12-31,2014-01-09,1,True,9,False
DN-3408,SCMS from RDC,Guyana,2013-12-31,2013-11-30,1,True,-31,True
DN-3409,SCMS from RDC,Guyana,2013-12-31,2013-11-30,3,True,-31,True
DN-3413,SCMS from RDC,Zimbabwe,2013-11-30,2013-11-25,3,True,-5,True
DN-3414,SCMS from RDC,Uganda,2013-12-16,2013-12-20,1,True,4,False
DN-3416,SCMS from RDC,Uganda,2013-12-31,2013-11-28,1,True,-33,True
DN-3418,SCMS from RDC,Côte d'Ivoire,2013-12-16,2013-12-02,2,True,-14,True
DN-3419,SCMS from RDC,Côte d'Ivoire,2013-11-18,2013-12-02,1,True,14,False
DN-3420,SCMS from RDC,Côte d'Ivoire,2013-11-28,2013-12-02,1,True,4,False
DN-3421,SCMS from RDC,Rwanda,2014-01-31,2013-12-23,3,True,-39,True
DN-3423,SCMS from RDC,Burundi,2013-12-31,2014-02-17,1,True,48,False
DN-3424,SCMS from RDC,Rwanda,2013-11-29,2014-02-05,1,True,68,False
DN-3425,SCMS from RDC,Guyana,2013-12-31,2013-12-02,7,True,-29,True
DN-3426,SCMS from RDC,"Congo, DRC",2013-11-15,2014-01-26,1,True,72,False
DN-3427,SCMS from RDC,Mozambique,2014-01-15,2014-01-15,1,True,0,True
DN-3428,SCMS from RDC,Mozambique,2013-11-29,2014-01-30,4,True,62,False
DN-3429,SCMS from RDC,Mozambique,2014-01-15,2014-01-15,1,True,0,True
DN-343,SCMS from RDC,Zambia,2007-09-07,2007-09-07,1,True,0,True
DN-3430,SCMS from RDC,Côte d'Ivoire,2013-11-29,2013-12-10,1,True,11,False
DN-3431,SCMS from RDC,Côte d'Ivoire,2013-12-03,2013-12-10,1,True,7,False
DN-3432,SCMS from RDC,Zambia,2014-01-24,2014-01-24,2,True,0,True
DN-3433,SCMS from RDC,Côte d'Ivoire,2013-12-10,2013-12-10,1,True,0,True
DN-3434,SCMS from RDC,Nigeria,2013-12-31,2013-11-26,1,True,-35,True
DN-3435,SCMS from RDC,Nigeria,2014-01-31,2013-11-26,1,True,-66,True
DN-3436,SCMS from RDC,Nigeria,2013-11-18,2013-11-26,1,True,8,False
DN-3437,SCMS from RDC,Nigeria,2013-11-18,2013-11-26,2,True,8,False
DN-3438,SCMS from RDC,Nigeria,2013-11-18,2013-11-26,1,True,8,False
DN-3439,SCMS from RDC,Mozambique,2014-01-31,2014-01-30,2,True,-1,True
DN-344,SCMS from RDC,Mozambique,2007-10-05,2007-10-05,2,True,0,True
DN-3444,SCMS from RDC,Nigeria,2013-12-31,2013-11-26,1,True,-35,True
DN-3445,SCMS from RDC,Rwanda,2013-12-17,2013-12-11,1,True,-6,True
DN-3446,SCMS from RDC,Côte d'Ivoire,2014-01-03,2014-01-03,1,True,0,True
DN-3447,SCMS from RDC,Côte d'Ivoire,2013-12-17,2013-12-17,1,True,0,True
DN-3448,SCMS from RDC,Zambia,2014-03-25,2014-03-25,1,True,0,True
DN-3453,SCMS from RDC,Rwanda,2014-01-17,2014-01-17,1,True,0,True
DN-3454,SCMS from RDC,Tanzania,2014-01-31,2014-01-20,2,True,-11,True
DN-3456,SCMS from RDC,Côte d'Ivoire,2014-01-07,2013-12-14,1,True,-24,True
DN-3457,SCMS from RDC,Zimbabwe,2014-01-31,2014-01-13,3,True,-18,True
DN-3458,SCMS from RDC,Tanzania,2013-12-31,2014-02-25,5,True,56,False
DN-3459,SCMS from RDC,Mozambique,2014-01-06,2014-01-06,1,True,0,True
DN-3460,SCMS from RDC,Zimbabwe,2013-12-31,2014-01-13,1,True,13,False
DN-3462,SCMS from RDC,Haiti,2013-12-24,2013-12-27,1,True,3,False
DN-3467,SCMS from RDC,Haiti,2014-01-31,2014-02-07,1,True,7,False
DN-3468,SCMS from RDC,Zimbabwe,2014-01-31,2014-01-13,1,True,-18,True
DN-3469,SCMS from RDC,Côte d'Ivoire,2014-01-22,2013-12-16,1,True,-37,True
DN-3470,SCMS from RDC,Côte d'Ivoire,2013-12-16,2013-12-16,1,True,0,True
DN-3471,SCMS from RDC,Côte d'Ivoire,2014-01-17,2014-01-17,1,True,0,True
DN-3472,SCMS from RDC,Côte d'Ivoire,2014-01-31,2014-01-10,1,True,-21,True
DN-3475,SCMS from RDC,Nigeria,2014-01-31,2014-01-10,1,True,-21,True
DN-3476,SCMS from RDC,Nigeria,2014-01-17,2014-01-10,2,True,-7,True
DN-3477,SCMS from RDC,Tanzania,2014-01-31,2014-03-07,2,True,35,False
DN-3479,SCMS from RDC,Rwanda,2014-01-31,2014-01-23,1,True,-8,True
DN-3480,SCMS from RDC,Rwanda,2014-01-31,2014-01-22,1,True,-9,True
DN-3481,SCMS from RDC,Rwanda,2014-01-31,2014-01-10,1,True,-21,True
DN-3483,SCMS from RDC,Mozambique,2014-01-31,2014-02-10,3,True,10,False
DN-3484,SCMS from RDC,Mozambique,2014-01-31,2014-02-20,1,True,20,False
DN-3485,SCMS from RDC,Mozambique,2014-03-20,2014-03-28,1,True,8,False
DN-3486,SCMS from RDC,Zimbabwe,2014-02-14,2014-02-10,1,True,-4,True
DN-3487,SCMS from RDC,Zimbabwe,2014-01-31,2014-02-10,1,True,10,False
DN-3488,SCMS from RDC,Zimbabwe,2014-01-31,2014-02-10,1,True,10,False
DN-3489,SCMS from RDC,Nigeria,2014-01-31,2014-01-10,1,True,-21,True
DN-349,SCMS from RDC,Côte d'Ivoire,2007-09-12,2007-09-12,3,True,0,True
DN-3491,SCMS from RDC,Zambia,2014-02-13,2014-01-24,1,True,-20,True
DN-3492,SCMS from RDC,Rwanda,2014-02-28,2014-02-25,1,True,-3,True
DN-3493,SCMS from RDC,South Sudan,2014-01-22,2014-02-11,4,True,20,False
DN-3494,SCMS from RDC,Nigeria,2014-01-17,2014-01-10,2,True,-7,True
DN-3496,SCMS from RDC,Zimbabwe,2014-01-31,2014-02-10,1,True,10,False
DN-3497,SCMS from RDC,Rwanda,2014-01-31,2014-02-03,3,True,3,False
DN-3499,SCMS from RDC,Tanzania,2014-01-31,2014-03-12,1,True,40,False
DN-350,SCMS from RDC,Côte d'Ivoire,2007-09-17,2007-09-17,1,True,0,True
DN-3500,SCMS from RDC,Tanzania,2014-01-31,2014-03-07,1,True,35,False
DN-3501,SCMS from RDC,Tanzania,2014-01-31,2014-02-19,2,True,19,False
DN-3502,SCMS from RDC,Uganda,2014-01-31,2014-01-30,1,True,-1,True
DN-3503,SCMS from RDC,Uganda,2014-02-28,2014-01-30,1,True,-29,True
DN-3504,SCMS from RDC,Côte d'Ivoire,2014-01-31,2014-01-18,2,True,-13,True
DN-3505,SCMS from RDC,Tanzania,2014-01-31,2014-02-19,2,True,19,False
DN-3509,SCMS from RDC,Côte d'Ivoire,2014-01-31,2014-02-12,1,True,12,False
DN-351,SCMS from RDC,Zambia,2007-09-12,2007-09-12,1,True,0,True
DN-3510,SCMS from RDC,Côte d'Ivoire,2014-01-29,2014-02-15,1,True,17,False
DN-3511,SCMS from RDC,Côte d'Ivoire,2014-01-31,2014-02-18,1,True,18,False
DN-3512,SCMS from RDC,Côte d'Ivoire,2014-02-15,2014-02-18,1,True,3,False
DN-3513,SCMS from RDC,"Congo, DRC",2014-03-26,2014-03-26,1,True,0,True
DN-3514,SCMS from RDC,"Congo, DRC",2014-03-26,2014-03-26,1,True,0,True
DN-3515,SCMS from RDC,Uganda,2014-01-31,2014-02-17,1,True,17,False
DN-3516,SCMS from RDC,Uganda,2014-01-31,2014-02-17,1,True,17,False
DN-3517,SCMS from RDC,Côte d'Ivoire,2014-02-10,2014-02-05,1,True,-5,True
DN-3518,SCMS from RDC,Rwanda,2014-01-31,2014-02-03,1,True,3,False
DN-352,SCMS from RDC,Rwanda,2007-09-14,2007-09-14,1,True,0,True
DN-3520,SCMS from RDC,Rwanda,2014-01-31,2014-02-25,1,True,25,False
DN-3521,SCMS from RDC,Zimbabwe,2014-01-30,2014-02-11,1,True,12,False
DN-3525,SCMS from RDC,Mozambique,2014-01-31,2014-02-20,2,True,20,False
DN-3526,SCMS from RDC,Mozambique,2014-03-10,2014-02-20,2,True,-18,True
DN-3527,SCMS from RDC,Uganda,2014-02-28,2014-02-21,1,True,-7,True
DN-353,SCMS from RDC,Zambia,2007-09-14,2007-09-14,1,True,0,True
DN-3530,SCMS from RDC,Côte d'Ivoire,2014-01-31,2014-02-13,2,True,13,False
DN-3531,SCMS from RDC,Tanzania,2014-01-31,2014-02-19,3,True,19,False
DN-3532,SCMS from RDC,Tanzania,2014-01-31,2014-02-19,1,True,19,False
DN-3533,SCMS from RDC,Tanzania,2014-02-14,2014-02-21,1,True,7,False
DN-3534,SCMS from RDC,Uganda,2014-01-31,2014-03-19,1,True,47,False
DN-3535,SCMS from RDC,Mozambique,2014-01-31,2014-02-19,1,True,19,False
DN-3536,SCMS from RDC,Rwanda,2014-01-31,2014-02-25,1,True,25,False
DN-3537,SCMS from RDC,Mozambique,2014-02-28,2014-02-19,1,True,-9,True
DN-3538,SCMS from RDC,Uganda,2014-02-28,2014-03-07,1,True,7,False
DN-3539,SCMS from RDC,Nigeria,2014-02-28,2014-02-10,1,True,-18,True
DN-354,SCMS from RDC,Zimbabwe,2007-09-18,2007-09-18,2,True,0,True
DN-3540,SCMS from RDC,Nigeria,2014-02-28,2014-02-10,1,True,-18,True
DN-3541,SCMS from RDC,Nigeria,2014-02-28,2014-02-10,1,True,-18,True
DN-3542,SCMS from RDC,Nigeria,2014-03-07,2014-02-10,2,True,-25,True
DN-3543,SCMS from RDC,Tanzania,2014-05-29,2014-05-07,1,True,-22,True
DN-3544,SCMS from RDC,Côte d'Ivoire,2014-02-28,2014-02-18,1,True,-10,True
DN-3545,SCMS from RDC,Côte d'Ivoire,2014-02-28,2014-02-18,1,True,-10,True
DN-3546,SCMS from RDC,Côte d'Ivoire,2014-02-28,2014-02-18,3,True,-10,True
DN-3547,SCMS from RDC,Côte d'Ivoire,2014-02-28,2014-01-18,3,True,-41,True
DN-3548,SCMS from RDC,Côte d'Ivoire,2014-02-28,2014-02-18,1,True,-10,True
DN-3549,SCMS from RDC,Zimbabwe,2014-03-31,2014-02-11,1,True,-48,True
DN-355,SCMS from RDC,Zimbabwe,2007-09-20,2007-09-20,2,True,0,True
DN-3550,SCMS from RDC,Zimbabwe,2014-03-03,2014-02-11,1,True,-20,True
DN-3551,SCMS from RDC,Nigeria,2014-02-28,2014-02-10,3,True,-18,True
DN-3553,SCMS from RDC,Mozambique,2014-06-03,2014-06-03,2,True,0,True
DN-3554,SCMS from RDC,Mozambique,2014-03-31,2014-03-28,2,True,-3,True
DN-3555,SCMS from RDC,Côte d'Ivoire,2014-02-27,2014-02-18,1,True,-9,True
DN-3556,SCMS from RDC,Côte d'Ivoire,2014-02-28,2014-03-01,1,True,1,False
DN-3557,SCMS from RDC,Côte d'Ivoire,2014-02-28,2014-03-01,1,True,1,False
DN-3558,SCMS from RDC,Mozambique,2014-04-15,2014-03-28,4,True,-18,True
DN-356,SCMS from RDC,Côte d'Ivoire,2007-09-19,2007-09-19,2,True,0,True
DN-3561,SCMS from RDC,"Congo, DRC",2014-05-30,2014-05-19,11,True,-11,True
DN-3564,SCMS from RDC,Mozambique,2014-03-28,2014-03-28,1,True,0,True
DN-3565,SCMS from RDC,Zambia,2014-03-25,2014-03-25,2,True,0,True
DN-3566,SCMS from RDC,Côte d'Ivoire,2014-04-11,2014-04-11,1,True,0,True
DN-3567,SCMS from RDC,Côte d'Ivoire,2014-03-28,2014-03-26,2,True,-2,True
DN-3568,SCMS from RDC,Côte d'Ivoire,2014-03-28,2014-04-11,2,True,14,False
DN-3569,SCMS from RDC,Côte d'Ivoire,2014-03-31,2014-03-26,1,True,-5,True
DN-357,SCMS from RDC,Zimbabwe,2007-09-18,2007-09-18,1,True,0,True
DN-3570,SCMS from RDC,Zambia,2014-02-28,2014-03-25,1,True,25,False
DN-3571,SCMS from RDC,Zimbabwe,2014-03-31,2014-03-24,1,True,-7,True
DN-3572,SCMS from RDC,Zimbabwe,2014-03-31,2014-03-24,1,True,-7,True
DN-3574,SCMS from RDC,Zambia,2014-03-21,2014-03-25,1,True,4,False
DN-3575,SCMS from RDC,Côte d'Ivoire,2014-03-18,2014-03-10,1,True,-8,True
DN-3576,SCMS from RDC,Ghana,2014-03-20,2014-03-14,3,True,-6,True
DN-3577,SCMS from RDC,Guyana,2014-04-05,2014-04-16,1,True,11,False
DN-3578,SCMS from RDC,Rwanda,2014-03-25,2014-04-02,1,True,8,False
DN-3579,SCMS from RDC,Rwanda,2014-03-28,2014-04-02,4,True,5,False
DN-358,SCMS from RDC,Namibia,2007-09-21,2007-09-21,1,True,0,True
DN-3580,SCMS from RDC,Mozambique,2014-04-15,2014-04-14,6,True,-1,True
DN-3581,SCMS from RDC,South Sudan,2014-03-31,2014-03-21,5,True,-10,True
DN-3582,SCMS from RDC,Tanzania,2014-04-30,2014-05-02,2,True,2,False
DN-3583,SCMS from RDC,Uganda,2014-04-30,2014-04-18,1,True,-12,True
DN-3585,SCMS from RDC,Guyana,2014-03-31,2014-04-03,7,True,3,False
DN-3586,SCMS from RDC,Haiti,2014-03-30,2014-03-24,4,True,-6,True
DN-3587,SCMS from RDC,Haiti,2014-05-05,2014-03-24,2,True,-42,True
DN-3588,SCMS from RDC,Zimbabwe,2014-05-06,2014-03-21,3,True,-46,True
DN-3589,SCMS from RDC,Uganda,2014-04-20,2014-04-18,3,True,-2,True
DN-3590,SCMS from RDC,Ghana,2014-04-07,2014-04-07,2,True,0,True
DN-3591,SCMS from RDC,Kenya,2014-04-03,2014-03-11,1,True,-23,True
DN-3592,SCMS from RDC,Tanzania,2014-04-08,2014-04-08,1,True,0,True
DN-3593,SCMS from RDC,Tanzania,2014-05-15,2014-05-07,1,True,-8,True
DN-3594,SCMS from RDC,Tanzania,2014-04-30,2014-04-17,1,True,-13,True
DN-3598,SCMS from RDC,Côte d'Ivoire,2014-04-10,2014-04-10,2,True,0,True
DN-3599,SCMS from RDC,Côte d'Ivoire,2014-04-30,2014-04-14,3,True,-16,True
DN-360,SCMS from RDC,Tanzania,2007-10-11,2007-10-11,1,True,0,True
DN-3601,SCMS from RDC,Côte d'Ivoire,2014-03-31,2014-04-14,2,True,14,False
DN-3602,SCMS from RDC,Uganda,2014-04-30,2014-04-18,1,True,-12,True
DN-3603,SCMS from RDC,"Congo, DRC",2014-03-26,2014-05-13,1,True,48,False
DN-3605,SCMS from RDC,Uganda,2014-03-31,2014-04-18,1,True,18,False
DN-3607,SCMS from RDC,Uganda,2014-03-21,2014-04-18,1,True,28,False
DN-3608,SCMS from RDC,Uganda,2014-07-04,2014-07-15,1,True,11,False
DN-361,SCMS from RDC,Rwanda,2007-10-16,2007-10-16,1,True,0,True
DN-3611,SCMS from RDC,Rwanda,2014-05-20,2014-03-04,1,True,-77,True
DN-3612,SCMS from RDC,Mozambique,2014-05-23,2014-05-23,1,True,0,True
DN-3613,SCMS from RDC,Tanzania,2014-05-09,2014-05-10,1,True,1,False
DN-3614,SCMS from RDC,Tanzania,2014-04-30,2014-05-07,1,True,7,False
DN-3615,SCMS from RDC,Zambia,2014-05-19,2014-05-19,1,True,0,True
DN-3616,SCMS from RDC,Zambia,2014-05-19,2014-05-19,1,True,0,True
DN-3617,SCMS from RDC,Rwanda,2014-05-06,2014-05-06,1,True,0,True
DN-3618,SCMS from RDC,Nigeria,2014-04-15,2014-04-17,1,True,2,False
DN-3619,SCMS from RDC,Nigeria,2014-04-15,2014-04-17,2,True,2,False
DN-362,SCMS from RDC,Uganda,2007-11-05,2007-11-05,2,True,0,True
DN-3620,SCMS from RDC,Nigeria,2014-04-15,2014-04-20,1,True,5,False
DN-3621,SCMS from RDC,Nigeria,2014-04-15,2014-04-17,1,True,2,False
DN-3622,SCMS from RDC,Nigeria,2014-05-06,2014-04-17,1,True,-19,True
DN-3623,SCMS from RDC,Mozambique,2014-08-31,2014-06-03,1,True,-89,True
DN-3624,SCMS from RDC,Mozambique,2014-06-30,2014-06-03,1,True,-27,True
DN-3625,SCMS from RDC,Zambia,2014-05-06,2014-06-04,2,True,29,False
DN-3626,SCMS from RDC,Guyana,2014-06-30,2014-04-14,8,True,-77,True
DN-3627,SCMS from RDC,Mozambique,2014-06-03,2014-06-03,4,True,0,True
DN-3628,SCMS from RDC,Mozambique,2014-06-14,2014-06-24,5,True,10,False
DN-3629,SCMS from RDC,Tanzania,2014-06-30,2014-08-15,1,True,46,False
DN-363,SCMS from RDC,Uganda,2007-10-16,2007-10-16,1,True,0,True
DN-3630,SCMS from RDC,Côte d'Ivoire,2014-04-30,2014-04-25,2,True,-5,True
DN-3631,SCMS from RDC,Côte d'Ivoire,2014-05-30,2014-04-23,2,True,-37,True
DN-3632,SCMS from RDC,Côte d'Ivoire,2014-04-30,2014-04-25,3,True,-5,True
DN-3633,SCMS from RDC,Côte d'Ivoire,2014-04-30,2014-04-22,3,True,-8,True
DN-3634,SCMS from RDC,Côte d'Ivoire,2014-04-30,2014-04-25,1,True,-5,True
DN-3635,SCMS from RDC,Guyana,2014-04-30,2014-04-22,1,True,-8,True
DN-3636,SCMS from RDC,Guyana,2014-04-30,2014-04-23,1,True,-7,True
DN-3637,SCMS from RDC,Rwanda,2014-06-04,2014-06-04,1,True,0,True
DN-3638,SCMS from RDC,Côte d'Ivoire,2014-04-30,2014-04-25,1,True,-5,True
DN-3639,SCMS from RDC,Guyana,2014-05-05,2014-04-25,1,True,-10,True
DN-3640,SCMS from RDC,Guyana,2014-06-30,2014-04-25,1,True,-66,True
DN-3641,SCMS from RDC,Rwanda,2014-05-05,2014-05-06,1,True,1,False
DN-3642,SCMS from RDC,Rwanda,2014-05-05,2014-06-06,2,True,32,False
DN-3643,SCMS from RDC,Tanzania,2014-06-30,2014-06-06,1,True,-24,True
DN-3644,SCMS from RDC,Mozambique,2014-06-02,2014-06-03,1,True,1,False
DN-3645,SCMS from RDC,Mozambique,2014-06-30,2014-05-26,1,True,-35,True
DN-3646,SCMS from RDC,Tanzania,2014-09-15,2014-09-25,1,True,10,False
DN-3647,SCMS from RDC,Zambia,2014-05-10,2014-05-19,1,True,9,False
DN-3648,SCMS from RDC,Zambia,2014-05-06,2014-05-19,4,True,13,False
DN-3649,SCMS from RDC,Zimbabwe,2014-05-05,2014-05-23,1,True,18,False
DN-3650,SCMS from RDC,Mozambique,2014-07-08,2014-07-18,1,True,10,False
DN-3651,SCMS from RDC,Mozambique,2014-07-04,2014-06-03,1,True,-31,True
DN-3652,SCMS from RDC,Mozambique,2014-06-16,2014-05-23,3,True,-24,True
DN-3653,SCMS from RDC,Côte d'Ivoire,2014-04-30,2014-05-12,1,True,12,False
DN-3654,SCMS from RDC,"Congo, DRC",2014-08-15,2014-08-15,2,True,0,True
DN-3655,SCMS from RDC,Côte d'Ivoire,2014-04-21,2014-05-01,5,True,10,False
DN-3656,SCMS from RDC,Côte d'Ivoire,2014-04-30,2014-04-22,2,True,-8,True
DN-3657,SCMS from RDC,Zambia,2014-04-08,2014-04-18,2,True,10,False
DN-3658,SCMS from RDC,Rwanda,2014-05-05,2014-06-06,1,True,32,False
DN-3659,SCMS from RDC,Tanzania,2014-05-05,2014-06-18,1,True,44,False
DN-366,SCMS from RDC,Zambia,2007-09-27,2007-09-27,3,True,0,True
DN-3660,SCMS from RDC,Haiti,2014-05-07,2014-06-12,1,True,36,False
DN-3661,SCMS from RDC,Uganda,2014-05-20,2014-05-08,1,True,-12,True
DN-3662,SCMS from RDC,Nigeria,2014-05-06,2014-04-17,1,True,-19,True
DN-367,SCMS from RDC,Zambia,2007-09-28,2007-09-28,1,True,0,True
DN-3674,SCMS from RDC,Tanzania,2014-06-30,2014-06-24,1,True,-6,True
DN-3679,SCMS from RDC,Côte d'Ivoire,2014-05-15,2014-05-12,1,True,-3,True
DN-368,SCMS from RDC,Zambia,2007-10-02,2007-10-02,1,True,0,True
DN-3680,SCMS from RDC,Côte d'Ivoire,2014-05-15,2014-05-12,1,True,-3,True
DN-3681,SCMS from RDC,Côte d'Ivoire,2014-05-15,2014-05-12,1,True,-3,True
DN-3682,SCMS from RDC,Haiti,2014-04-30,2014-05-12,1,True,12,False
DN-3683,SCMS from RDC,Haiti,2014-05-15,2014-05-12,1,True,-3,True
DN-3684,SCMS from RDC,Haiti,2014-05-17,2014-05-29,1,True,12,False
DN-3685,SCMS from RDC,Côte d'Ivoire,2014-05-30,2014-05-12,2,True,-18,True
DN-3688,SCMS from RDC,Tanzania,2014-06-01,2014-06-05,1,True,4,False
DN-3689,SCMS from RDC,Rwanda,2014-06-16,2014-05-17,1,True,-30,True
DN-3690,SCMS from RDC,Tanzania,2014-05-30,2014-06-21,1,True,22,False
DN-3692,SCMS from RDC,Côte d'Ivoire,2014-06-30,2014-05-16,1,True,-45,True
DN-3693,SCMS from RDC,Côte d'Ivoire,2014-05-30,2014-05-16,1,True,-14,True
DN-3694,SCMS from RDC,Côte d'Ivoire,2014-05-30,2014-05-17,1,True,-13,True
DN-3695,SCMS from RDC,Mozambique,2014-07-31,2014-07-25,1,True,-6,True
DN-3696,SCMS from RDC,Mozambique,2014-07-31,2014-09-05,1,True,36,False
DN-3697,SCMS from RDC,Mozambique,2014-07-09,2014-07-18,1,True,9,False
DN-3698,SCMS from RDC,Mozambique,2014-07-16,2014-07-25,1,True,9,False
DN-3699,SCMS from RDC,Rwanda,2014-06-27,2014-07-06,1,True,9,False
DN-3700,SCMS from RDC,Tanzania,2014-07-29,2014-08-02,1,True,4,False
DN-3701,SCMS from RDC,Zambia,2014-05-30,2014-06-06,1,True,7,False
DN-3702,SCMS from RDC,Zimbabwe,2014-05-30,2014-05-30,2,True,0,True
DN-3703,SCMS from RDC,Zimbabwe,2014-05-30,2014-06-02,1,True,3,False
DN-3704,SCMS from RDC,Tanzania,2014-06-30,2014-06-21,1,True,-9,True
DN-3705,SCMS from RDC,Zimbabwe,2014-07-31,2014-05-30,1,True,-62,True
DN-3706,SCMS from RDC,Côte d'Ivoire,2014-06-30,2014-06-04,2,True,-26,True
DN-3707,SCMS from RDC,Côte d'Ivoire,2014-08-29,2014-06-04,1,True,-86,True
DN-3708,SCMS from RDC,Côte d'Ivoire,2014-06-04,2014-06-03,1,True,-1,True
DN-3709,SCMS from RDC,Tanzania,2014-06-30,2014-06-10,1,True,-20,True
DN-371,SCMS from RDC,Zambia,2007-09-21,2007-09-21,1,True,0,True
DN-3711,SCMS from RDC,Côte d'Ivoire,2014-06-04,2014-06-16,1,True,12,False
DN-3712,SCMS from RDC,Burundi,2014-05-30,2014-06-25,4,True,26,False
DN-3713,SCMS from RDC,Uganda,2014-05-30,2014-05-28,1,True,-2,True
DN-3714,SCMS from RDC,Rwanda,2014-05-30,2014-07-03,1,True,34,False
DN-3715,SCMS from RDC,"Congo, DRC",2014-05-30,2014-08-15,1,True,77,False
DN-3716,SCMS from RDC,Guyana,2014-05-30,2014-06-04,1,True,5,False
DN-3718,SCMS from RDC,Nigeria,2014-06-30,2014-05-09,1,True,-52,True
DN-3719,SCMS from RDC,Nigeria,2014-06-30,2014-05-09,2,True,-52,True
DN-372,SCMS from RDC,Haiti,2007-10-06,2007-10-06,1,True,0,True
DN-3720,SCMS from RDC,Nigeria,2014-06-30,2014-05-09,1,True,-52,True
DN-3721,SCMS from RDC,Nigeria,2014-06-03,2014-05-09,2,True,-25,True
DN-373,SCMS from RDC,Nigeria,2007-09-20,2007-09-20,9,True,0,True
DN-3731,SCMS from RDC,Côte d'Ivoire,2014-06-16,2014-06-16,1,True,0,True
DN-3732,SCMS from RDC,Uganda,2014-06-30,2014-06-30,3,True,0,True
DN-3736,SCMS from RDC,Uganda,2014-06-30,2014-06-30,1,True,0,True
DN-3737,SCMS from RDC,Guyana,2014-06-30,2014-06-03,2,True,-27,True
DN-3739,SCMS from RDC,Burundi,2014-06-16,2014-06-04,3,True,-12,True
DN-3742,SCMS from RDC,Mozambique,2014-08-15,2014-08-15,1,True,0,True
DN-3744,SCMS from RDC,Mozambique,2014-08-31,2014-07-18,2,True,-44,True
DN-3745,SCMS from RDC,Mozambique,2014-07-31,2014-07-18,1,True,-13,True
DN-3747,SCMS from RDC,Côte d'Ivoire,2014-06-30,2014-06-16,1,True,-14,True
DN-3748,SCMS from RDC,Rwanda,2014-06-30,2014-06-12,1,True,-18,True
DN-375,SCMS from RDC,Mozambique,2007-10-31,2007-10-31,1,True,0,True
DN-3752,SCMS from RDC,Mozambique,2014-07-31,2014-07-25,3,True,-6,True
DN-3753,SCMS from RDC,Zambia,2014-06-16,2014-06-17,1,True,1,False
DN-3754,SCMS from RDC,Zambia,2014-06-30,2014-07-04,1,True,4,False
DN-3755,SCMS from RDC,Zambia,2014-06-30,2014-06-17,1,True,-13,True
DN-3756,SCMS from RDC,Zambia,2014-06-30,2014-07-04,1,True,4,False
DN-3757,SCMS from RDC,Mozambique,2014-07-31,2014-10-06,1,True,67,False
DN-3758,SCMS from RDC,Tanzania,2014-06-30,2014-06-24,1,True,-6,True
DN-3759,SCMS from RDC,Tanzania,2014-06-30,2014-06-24,1,True,-6,True
DN-376,SCMS from RDC,Côte d'Ivoire,2007-10-02,2007-10-02,2,True,0,True
DN-3760,SCMS from RDC,Uganda,2014-06-30,2014-06-20,1,True,-10,True
DN-3761,SCMS from RDC,Côte d'Ivoire,2014-06-16,2014-06-16,1,True,0,True
DN-3762,SCMS from RDC,Tanzania,2014-07-31,2014-09-25,3,True,56,False
DN-3766,SCMS from RDC,Uganda,2014-06-30,2014-06-20,1,True,-10,True
DN-3771,SCMS from RDC,Zimbabwe,2014-09-30,2014-06-20,2,True,-102,True
DN-3772,SCMS from RDC,Zimbabwe,2014-06-30,2014-06-20,1,True,-10,True
DN-3780,SCMS from RDC,Zimbabwe,2014-07-30,2014-07-11,2,True,-19,True
DN-3787,SCMS from RDC,Rwanda,2014-08-19,2014-08-13,2,True,-6,True
DN-3788,SCMS from RDC,Rwanda,2014-10-30,2014-08-13,1,True,-78,True
DN-3789,SCMS from RDC,Côte d'Ivoire,2014-06-30,2014-07-09,1,True,9,False
DN-379,SCMS from RDC,Côte d'Ivoire,2007-10-15,2007-10-15,3,True,0,True
DN-3790,SCMS from RDC,Nigeria,2014-06-30,2014-06-20,1,True,-10,True
DN-3791,SCMS from RDC,Nigeria,2014-06-30,2014-06-20,1,True,-10,True
DN-3792,SCMS from RDC,Nigeria,2014-06-30,2014-06-20,2,True,-10,True
DN-3793,SCMS from RDC,Nigeria,2014-06-30,2014-06-20,1,True,-10,True
DN-3794,SCMS from RDC,Nigeria,2014-06-30,2014-06-20,3,True,-10,True
DN-3797,SCMS from RDC,Burundi,2014-08-30,2014-09-05,1,True,6,False
DN-3798,SCMS from RDC,Côte d'Ivoire,2014-07-09,2014-07-09,1,True,0,True
DN-3799,SCMS from RDC,Côte d'Ivoire,2014-07-15,2014-07-09,1,True,-6,True
DN-380,SCMS from RDC,Zambia,2007-10-17,2007-10-17,3,True,0,True
DN-3800,SCMS from RDC,Côte d'Ivoire,2014-06-30,2014-07-09,1,True,9,False
DN-3801,SCMS from RDC,Nigeria,2014-07-31,2014-06-20,1,True,-41,True
DN-3802,SCMS from RDC,Rwanda,2014-09-30,2014-07-16,1,True,-76,True
DN-3803,SCMS from RDC,Côte d'Ivoire,2014-11-28,2014-07-09,3,True,-142,True
DN-3804,SCMS from RDC,Burundi,2014-07-31,2014-07-25,1,True,-6,True
DN-3805,SCMS from RDC,Mozambique,2014-09-30,2014-09-05,1,True,-25,True
DN-3806,SCMS from RDC,Zambia,2014-07-31,2014-07-25,1,True,-6,True
DN-3807,SCMS from RDC,Nigeria,2014-10-31,2014-06-20,2,True,-133,True
DN-3809,SCMS from RDC,Mozambique,2014-08-15,2014-08-15,2,True,0,True
DN-381,SCMS from RDC,Uganda,2007-11-05,2007-11-05,1,True,0,True
DN-3810,SCMS from RDC,Rwanda,2014-07-17,2014-07-17,1,True,0,True
DN-3811,SCMS from RDC,Tanzania,2014-09-18,2014-09-25,1,True,7,False
DN-3812,SCMS from RDC,Tanzania,2014-08-29,2014-09-23,1,True,25,False
DN-3813,SCMS from RDC,Tanzania,2014-08-29,2014-08-27,1,True,-2,True
DN-3814,SCMS from RDC,Rwanda,2014-12-31,2014-08-14,1,True,-139,True
DN-3816,SCMS from RDC,Guyana,2014-07-21,2014-08-25,1,True,35,False
DN-3817,SCMS from RDC,Guyana,2014-09-30,2014-08-29,2,True,-32,True
DN-3818,SCMS from RDC,Mozambique,2014-12-31,2014-08-15,1,True,-138,True
DN-3819,SCMS from RDC,Zambia,2014-07-31,2014-07-23,3,True,-8,True
DN-382,SCMS from RDC,Zimbabwe,2007-10-05,2007-10-05,1,True,0,True
DN-3820,SCMS from RDC,Zambia,2014-07-31,2014-07-25,1,True,-6,True
DN-3821,SCMS from RDC,Zambia,2014-09-04,2014-09-03,1,True,-1,True
DN-3822,SCMS from RDC,Zambia,2014-07-14,2014-09-03,2,True,51,False
DN-3823,SCMS from RDC,Zimbabwe,2014-09-30,2014-06-29,1,True,-93,True
DN-3824,SCMS from RDC,Zimbabwe,2014-11-30,2014-06-29,1,True,-154,True
DN-3825,SCMS from RDC,Zimbabwe,2014-09-30,2014-06-29,8,True,-93,True
DN-3826,SCMS from RDC,Mozambique,2014-08-29,2014-11-05,1,True,68,False
DN-3827,SCMS from RDC,Mozambique,2014-08-29,2014-08-25,4,True,-4,True
DN-3828,SCMS from RDC,Mozambique,2014-08-29,2014-11-05,4,True,68,False
DN-3829,SCMS from RDC,Mozambique,2014-08-29,2014-10-30,1,True,62,False
DN-383,SCMS from RDC,Zambia,2007-10-17,2007-10-17,1,True,0,True
DN-3830,SCMS from RDC,Mozambique,2014-08-29,2014-08-15,1,True,-14,True
DN-3832,SCMS from RDC,Zambia,2014-07-31,2014-07-25,1,True,-6,True
DN-3833,SCMS from RDC,Zambia,2014-08-29,2014-09-04,2,True,6,False
DN-3836,SCMS from RDC,"Congo, DRC",2014-09-24,2014-10-28,2,True,34,False
DN-3837,SCMS from RDC,South Sudan,2014-08-19,2014-10-17,1,True,59,False
DN-3838,SCMS from RDC,Zambia,2014-09-04,2014-07-25,1,True,-41,True
DN-3839,SCMS from RDC,Zambia,2014-08-30,2014-07-25,1,True,-36,True
DN-384,SCMS from RDC,Zambia,2007-10-29,2007-10-29,3,True,0,True
DN-3841,SCMS from RDC,Uganda,2014-07-31,2014-07-15,1,True,-16,True
DN-3842,SCMS from RDC,South Sudan,2014-09-01,2014-09-01,3,True,0,True
DN-3843,SCMS from RDC,"Congo, DRC",2014-08-13,2014-09-24,10,True,42,False
DN-3844,SCMS from RDC,Guyana,2014-09-30,2014-07-30,5,True,-62,True
DN-3845,SCMS from RDC,Rwanda,2014-09-16,2014-08-01,1,True,-46,True
DN-385,SCMS from RDC,Côte d'Ivoire,2007-10-22,2007-10-22,2,True,0,True
DN-3850,SCMS from RDC,Côte d'Ivoire,2014-08-29,2014-08-18,1,True,-11,True
DN-3851,SCMS from RDC,Côte d'Ivoire,2014-10-31,2014-08-18,1,True,-74,True
DN-3852,SCMS from RDC,Burundi,2014-09-30,2014-09-05,1,True,-25,True
DN-3853,SCMS from RDC,Burundi,2014-08-31,2014-07-25,1,True,-37,True
DN-3855,SCMS from RDC,Mozambique,2014-12-31,2014-10-27,1,True,-65,True
DN-3857,SCMS from RDC,Rwanda,2014-07-30,2014-08-01,1,True,2,False
DN-3860,SCMS from RDC,Zambia,2014-07-31,2014-09-23,1,True,54,False
DN-3861,SCMS from RDC,Zambia,2014-07-31,2014-09-23,1,True,54,False
DN-3862,SCMS from RDC,Zambia,2014-08-06,2014-08-06,1,True,0,True
DN-3863,SCMS from RDC,Uganda,2014-09-11,2014-08-09,1,True,-33,True
DN-3864,SCMS from RDC,Mozambique,2014-08-29,2014-10-27,2,True,59,False
DN-3865,SCMS from RDC,Mozambique,2014-08-31,2014-10-30,3,True,60,False
DN-3866,SCMS from RDC,Mozambique,2014-08-29,2014-10-27,2,True,59,False
DN-3867,SCMS from RDC,Tanzania,2014-08-29,2014-09-29,2,True,31,False
DN-3868,SCMS from RDC,Tanzania,2014-08-29,2014-09-29,1,True,31,False
DN-3869,SCMS from RDC,Zambia,2014-08-29,2014-09-02,1,True,4,False
DN-387,SCMS from RDC,Zambia,2007-10-29,2007-10-29,1,True,0,True
DN-3870,SCMS from RDC,Ethiopia,2014-07-29,2014-07-10,1,True,-19,True
DN-3871,SCMS from RDC,South Sudan,2015-01-30,2014-12-16,1,True,-45,True
DN-3872,SCMS from RDC,Mozambique,2014-09-30,2014-10-27,3,True,27,False
DN-3873,SCMS from RDC,Mozambique,2015-02-01,2015-01-13,1,True,-19,True
DN-3874,SCMS from RDC,Mozambique,2014-08-31,2014-10-27,1,True,57,False
DN-3875,SCMS from RDC,Mozambique,2014-12-31,2014-10-30,6,True,-62,True
DN-3876,SCMS from RDC,Zambia,2014-08-29,2014-09-23,1,True,25,False
DN-3877,SCMS from RDC,Zambia,2014-09-04,2014-09-23,2,True,19,False
DN-3879,SCMS from RDC,Zimbabwe,2014-08-25,2014-09-12,1,True,18,False
DN-388,SCMS from RDC,Zambia,2007-11-09,2007-11-09,2,True,0,True
DN-3880,SCMS from RDC,Uganda,2014-11-28,2014-08-22,1,True,-98,True
DN-3885,SCMS from RDC,"Congo, DRC",2014-09-22,2014-09-30,2,True,8,False
DN-3886,SCMS from RDC,Mozambique,2014-09-30,2014-10-30,2,True,30,False
DN-3887,SCMS from RDC,Zambia,2014-09-18,2014-10-02,1,True,14,False
DN-3888,SCMS from RDC,Zambia,2014-08-29,2014-09-23,1,True,25,False
DN-3889,SCMS from RDC,Zambia,2014-09-30,2014-10-02,1,True,2,False
DN-389,SCMS from RDC,Ethiopia,2007-10-31,2007-10-31,1,True,0,True
DN-3890,SCMS from RDC,Zimbabwe,2014-08-30,2014-09-15,1,True,16,False
DN-3891,SCMS from RDC,South Sudan,2014-10-02,2014-10-17,2,True,15,False
DN-3892,SCMS from RDC,Ethiopia,2014-09-15,2014-08-29,1,True,-17,True
DN-3897,SCMS from RDC,Côte d'Ivoire,2014-09-30,2014-09-08,1,True,-22,True
DN-3898,SCMS from RDC,Côte d'Ivoire,2014-09-30,2014-09-08,1,True,-22,True
DN-3899,SCMS from RDC,Côte d'Ivoire,2014-09-30,2014-09-08,1,True,-22,True
DN-39,SCMS from RDC,Zambia,2007-03-28,2007-03-28,1,True,0,True
DN-390,SCMS from RDC,Tanzania,2007-12-04,2007-12-04,1,True,0,True
DN-3900,SCMS from RDC,Côte d'Ivoire,2014-09-30,2014-09-08,2,True,-22,True
DN-3901,SCMS from RDC,"Congo, DRC",2014-09-30,2014-10-24,1,True,24,False
DN-3902,SCMS from RDC,Rwanda,2014-09-15,2014-09-19,1,True,4,False
DN-3903,SCMS from RDC,Mozambique,2014-12-30,2014-10-30,2,True,-61,True
DN-3906,SCMS from RDC,Namibia,2014-09-30,2014-09-02,1,True,-28,True
DN-3907,SCMS from RDC,Namibia,2014-09-30,2014-09-15,3,True,-15,True
DN-3908,SCMS from RDC,Uganda,2014-09-30,2014-09-17,1,True,-13,True
DN-3909,SCMS from RDC,"Congo, DRC",2014-11-27,2014-11-27,1,True,0,True
DN-3910,SCMS from RDC,Tanzania,2014-11-11,2014-10-17,1,True,-25,True
DN-3912,SCMS from RDC,Nigeria,2014-09-30,2014-09-03,1,True,-27,True
DN-3913,SCMS from RDC,Nigeria,2014-09-30,2014-09-03,2,True,-27,True
DN-3914,SCMS from RDC,Nigeria,2014-09-30,2014-09-03,1,True,-27,True
DN-3915,SCMS from RDC,Nigeria,2014-09-30,2014-09-03,1,True,-27,True
DN-3916,SCMS from RDC,Nigeria,2014-10-31,2014-09-03,1,True,-58,True
DN-3917,SCMS from RDC,Nigeria,2014-09-30,2014-09-03,1,True,-27,True
DN-3918,SCMS from RDC,Nigeria,2014-09-30,2014-09-03,2,True,-27,True
DN-392,SCMS from RDC,Zimbabwe,2007-10-22,2007-10-22,1,True,0,True
DN-3923,SCMS from RDC,Namibia,2014-10-08,2014-10-21,1,True,13,False
DN-3925,SCMS from RDC,Tanzania,2014-11-03,2014-10-17,1,True,-17,True
DN-3926,SCMS from RDC,Tanzania,2014-11-03,2014-10-28,1,True,-6,True
DN-3927,SCMS from RDC,"Congo, DRC",2014-10-30,2014-10-27,2,True,-3,True
DN-3928,SCMS from RDC,South Sudan,2014-09-30,2014-10-15,1,True,15,False
DN-3929,SCMS from RDC,Tanzania,2014-10-30,2014-10-17,1,True,-13,True
DN-393,SCMS from RDC,Côte d'Ivoire,2007-11-22,2007-11-22,1,True,0,True
DN-3930,SCMS from RDC,Uganda,2014-10-31,2014-09-25,1,True,-36,True
DN-3931,SCMS from RDC,Rwanda,2014-10-31,2014-09-24,1,True,-37,True
DN-3932,SCMS from RDC,Tanzania,2014-10-31,2014-10-22,1,True,-9,True
DN-3933,SCMS from RDC,Tanzania,2014-11-03,2014-10-17,1,True,-17,True
DN-3934,SCMS from RDC,Mozambique,2014-10-31,2014-10-30,1,True,-1,True
DN-3935,SCMS from RDC,Mozambique,2014-10-31,2014-10-30,1,True,-1,True
DN-3936,SCMS from RDC,Uganda,2014-09-30,2014-10-01,2,True,1,False
DN-3937,SCMS from RDC,Zambia,2014-09-30,2014-09-19,1,True,-11,True
DN-3938,SCMS from RDC,Guyana,2014-09-30,2014-10-09,1,True,9,False
DN-3939,SCMS from RDC,Mozambique,2014-10-31,2014-10-30,3,True,-1,True
DN-3941,SCMS from RDC,Zambia,2014-09-30,2014-10-02,1,True,2,False
DN-3942,SCMS from RDC,Zambia,2014-10-31,2014-10-10,1,True,-21,True
DN-3943,SCMS from RDC,Zambia,2014-11-30,2014-09-23,1,True,-68,True
DN-3944,SCMS from RDC,Mozambique,2014-12-31,2014-10-28,3,True,-64,True
DN-3945,SCMS from RDC,Guyana,2014-09-30,2014-10-31,1,True,31,False
DN-3948,SCMS from RDC,Rwanda,2014-10-15,2014-10-14,1,True,-1,True
DN-395,SCMS from RDC,Zambia,2007-11-02,2007-11-02,2,True,0,True
DN-3950,SCMS from RDC,Zambia,2014-10-31,2014-10-02,1,True,-29,True
DN-3951,SCMS from RDC,Zambia,2014-10-31,2014-10-02,2,True,-29,True
DN-3952,SCMS from RDC,Burundi,2014-10-31,2014-10-15,2,True,-16,True
DN-3954,SCMS from RDC,"Congo, DRC",2015-04-14,2015-04-14,5,True,0,True
DN-3957,SCMS from RDC,Mozambique,2014-12-31,2014-12-01,3,True,-30,True
DN-396,SCMS from RDC,Zambia,2007-11-12,2007-11-12,1,True,0,True
DN-3964,SCMS from RDC,Tanzania,2014-11-28,2014-11-19,1,True,-9,True
DN-3965,SCMS from RDC,Côte d'Ivoire,2014-10-31,2014-10-17,1,True,-14,True
DN-3966,SCMS from RDC,Côte d'Ivoire,2014-10-31,2014-10-17,2,True,-14,True
DN-3967,SCMS from RDC,Tanzania,2014-11-28,2014-11-20,1,True,-8,True
DN-3968,SCMS from RDC,Tanzania,2015-01-30,2014-12-17,1,True,-44,True
DN-3969,SCMS from RDC,Rwanda,2014-10-01,2014-11-12,1,True,42,False
DN-397,SCMS from RDC,Zambia,2007-11-26,2007-11-26,1,True,0,True
DN-3970,SCMS from RDC,Zimbabwe,2014-10-31,2014-10-30,1,True,-1,True
DN-3971,SCMS from RDC,Zimbabwe,2014-10-30,2014-11-03,1,True,4,False
DN-3972,SCMS from RDC,Zimbabwe,2014-11-14,2014-10-30,2,True,-15,True
DN-3973,SCMS from RDC,Zimbabwe,2014-11-24,2014-10-30,1,True,-25,True
DN-3974,SCMS from RDC,Zimbabwe,2015-01-31,2014-10-30,3,True,-93,True
DN-3975,SCMS from RDC,"Congo, DRC",2015-01-30,2015-02-18,8,True,19,False
DN-3977,SCMS from RDC,Guyana,2014-12-31,2014-11-26,1,True,-35,True
DN-3978,SCMS from RDC,Zambia,2014-10-31,2014-11-19,1,True,19,False
DN-3979,SCMS from RDC,Zambia,2014-12-31,2014-11-19,1,True,-42,True
DN-3981,SCMS from RDC,Côte d'Ivoire,2014-10-31,2014-10-24,1,True,-7,True
DN-3982,SCMS from RDC,Côte d'Ivoire,2014-10-31,2014-10-24,1,True,-7,True
DN-3984,SCMS from RDC,Zambia,2015-01-30,2015-02-19,1,True,20,False
DN-399,SCMS from RDC,Mozambique,2007-11-22,2007-11-22,1,True,0,True
DN-3993,SCMS from RDC,Nigeria,2014-10-31,2014-10-30,1,True,-1,True
DN-3994,SCMS from RDC,Nigeria,2014-10-31,2014-10-30,1,True,-1,True
DN-3995,SCMS from RDC,Nigeria,2014-10-31,2014-10-30,1,True,-1,True
DN-3996,SCMS from RDC,Nigeria,2014-10-31,2014-10-30,1,True,-1,True
DN-3997,SCMS from RDC,Nigeria,2014-10-31,2014-10-30,1,True,-1,True
DN-3998,SCMS from RDC,Nigeria,2015-03-31,2014-10-30,1,True,-152,True
DN-3999,SCMS from RDC,Nigeria,2014-11-30,2014-10-30,2,True,-31,True
DN-4,SCMS from RDC,Zambia,2007-02-02,2007-02-02,1,True,0,True
DN-40,SCMS from RDC,Zambia,2007-04-02,2007-04-02,1,True,0,True
DN-400,SCMS from RDC,Zambia,2007-11-02,2007-11-02,1,True,0,True
DN-4000,SCMS from RDC,Nigeria,2014-11-28,2014-10-30,1,True,-29,True
DN-4003,SCMS from RDC,Burundi,2014-11-20,2014-11-20,2,True,0,True
DN-4004,SCMS from RDC,Zimbabwe,2014-11-24,2014-11-11,1,True,-13,True
DN-4006,SCMS from RDC,Tanzania,2015-01-30,2015-01-23,1,True,-7,True
DN-4007,SCMS from RDC,Uganda,2014-10-31,2014-11-25,1,True,25,False
DN-4008,SCMS from RDC,Uganda,2014-11-28,2014-12-03,2,True,5,False
DN-4009,SCMS from RDC,Rwanda,2015-01-30,2015-01-14,1,True,-16,True
DN-401,SCMS from RDC,Zimbabwe,2007-11-25,2007-11-25,2,True,0,True
DN-4011,SCMS from RDC,Rwanda,2015-01-14,2014-11-13,2,True,-62,True
DN-4012,SCMS from RDC,Rwanda,2015-02-16,2015-01-14,4,True,-33,True
DN-4015,SCMS from RDC,Côte d'Ivoire,2014-11-28,2014-12-02,1,True,4,False
DN-4016,SCMS from RDC,Côte d'Ivoire,2014-11-28,2014-12-02,2,True,4,False
DN-4017,SCMS from RDC,Côte d'Ivoire,2014-11-28,2014-12-02,2,True,4,False
DN-4018,SCMS from RDC,Zambia,2015-01-30,2015-02-01,1,True,2,False
DN-4019,SCMS from RDC,Uganda,2015-01-15,2014-12-17,2,True,-29,True
DN-402,SCMS from RDC,Côte d'Ivoire,2007-12-14,2007-12-14,1,True,0,True
DN-4020,SCMS from RDC,Zimbabwe,2015-01-30,2015-01-05,1,True,-25,True
DN-4024,SCMS from RDC,Côte d'Ivoire,2015-01-30,2015-02-11,3,True,12,False
DN-4027,SCMS from RDC,Côte d'Ivoire,2015-01-30,2014-12-19,1,True,-42,True
DN-4032,SCMS from RDC,Mozambique,2015-03-02,2015-03-02,5,True,0,True
DN-4034,SCMS from RDC,Uganda,2015-01-30,2015-01-05,1,True,-25,True
DN-4039,SCMS from RDC,Côte d'Ivoire,2015-01-30,2015-02-11,3,True,12,False
DN-4040,SCMS from RDC,Rwanda,2015-01-14,2014-12-24,2,True,-21,True
DN-4041,SCMS from RDC,Uganda,2015-02-16,2015-01-24,5,True,-23,True
DN-4042,SCMS from RDC,Rwanda,2015-01-27,2015-01-09,1,True,-18,True
DN-4043,SCMS from RDC,Rwanda,2015-01-14,2014-12-24,1,True,-21,True
DN-4044,SCMS from RDC,Rwanda,2015-01-31,2014-12-24,1,True,-38,True
DN-4045,SCMS from RDC,Zambia,2015-01-30,2015-02-19,1,True,20,False
DN-4050,SCMS from RDC,Mozambique,2015-03-23,2015-03-23,1,True,0,True
DN-4051,SCMS from RDC,Mozambique,2015-03-23,2015-03-23,1,True,0,True
DN-4052,SCMS from RDC,Nigeria,2015-01-30,2014-12-29,2,True,-32,True
DN-4053,SCMS from RDC,Nigeria,2015-01-26,2014-12-29,1,True,-28,True
DN-4054,SCMS from RDC,Nigeria,2015-01-30,2014-12-29,1,True,-32,True
DN-4055,SCMS from RDC,Rwanda,2015-01-31,2014-12-24,1,True,-38,True
DN-4056,SCMS from RDC,Guyana,2015-01-30,2015-01-06,1,True,-24,True
DN-4057,SCMS from RDC,Guyana,2015-03-31,2015-01-06,1,True,-84,True
DN-4060,SCMS from RDC,Uganda,2015-01-30,2015-01-16,1,True,-14,True
DN-4061,SCMS from RDC,Uganda,2015-06-15,2015-01-16,2,True,-150,True
DN-4063,SCMS from RDC,Côte d'Ivoire,2015-01-30,2015-01-19,1,True,-11,True
DN-4064,SCMS from RDC,Côte d'Ivoire,2015-02-16,2015-01-19,5,True,-28,True
DN-4070,SCMS from RDC,Uganda,2015-02-16,2015-01-24,1,True,-23,True
DN-4071,SCMS from RDC,Uganda,2015-02-02,2015-01-24,1,True,-9,True
DN-4072,SCMS from RDC,Zimbabwe,2015-01-30,2015-01-12,1,True,-18,True
DN-4081,SCMS from RDC,Mozambique,2015-02-27,2015-03-03,2,True,4,False
DN-4082,SCMS from RDC,Zambia,2015-01-30,2015-02-19,2,True,20,False
DN-4085,SCMS from RDC,Rwanda,2015-01-30,2015-02-09,2,True,10,False
DN-4088,SCMS from RDC,Rwanda,2015-02-27,2015-02-28,1,True,1,False
DN-4089,SCMS from RDC,Tanzania,2015-02-25,2015-01-27,1,True,-29,True
DN-409,SCMS from RDC,Nigeria,2007-11-16,2007-11-16,2,True,0,True
DN-4090,SCMS from RDC,Haiti,2015-01-30,2015-02-13,1,True,14,False
DN-4092,SCMS from RDC,Côte d'Ivoire,2015-02-25,2015-03-12,1,True,15,False
DN-4093,SCMS from RDC,Côte d'Ivoire,2015-01-30,2015-03-12,1,True,41,False
DN-4094,SCMS from RDC,Côte d'Ivoire,2015-02-16,2015-03-12,1,True,24,False
DN-4095,SCMS from RDC,Uganda,2015-02-03,2015-02-10,1,True,7,False
DN-4096,SCMS from RDC,Mozambique,2015-02-28,2015-03-13,3,True,13,False
DN-4097,SCMS from RDC,Nigeria,2015-01-30,2015-01-14,2,True,-16,True
DN-4098,SCMS from RDC,Nigeria,2015-01-30,2015-01-14,3,True,-16,True
DN-4099,SCMS from RDC,Nigeria,2015-02-28,2015-01-14,1,True,-45,True
DN-41,SCMS from RDC,Zambia,2007-03-29,2007-03-29,1,True,0,True
DN-410,SCMS from RDC,Nigeria,2007-12-04,2007-12-04,1,True,0,True
DN-4100,SCMS from RDC,Uganda,2015-02-06,2015-01-30,1,True,-7,True
DN-4101,SCMS from RDC,Uganda,2015-02-27,2015-02-25,2,True,-2,True
DN-4102,SCMS from RDC,Uganda,2015-02-27,2015-02-24,2,True,-3,True
DN-4103,SCMS from RDC,Uganda,2015-02-16,2015-01-30,1,True,-17,True
DN-4104,SCMS from RDC,Tanzania,2015-02-16,2015-03-12,1,True,24,False
DN-4105,SCMS from RDC,Uganda,2015-02-27,2015-02-25,1,True,-2,True
DN-4106,SCMS from RDC,Uganda,2015-02-17,2015-01-31,1,True,-17,True
DN-4107,SCMS from RDC,"Congo, DRC",2015-04-14,2015-04-14,1,True,0,True
DN-4108,SCMS from RDC,Mozambique,2015-02-27,2015-03-30,1,True,31,False
DN-4109,SCMS from RDC,Uganda,2015-02-17,2015-02-09,1,True,-8,True
DN-411,SCMS from RDC,Nigeria,2007-11-01,2007-11-01,2,True,0,True
DN-4110,SCMS from RDC,Zambia,2015-02-28,2015-02-19,1,True,-9,True
DN-4111,SCMS from RDC,Zambia,2015-03-31,2015-02-19,2,True,-40,True
DN-4112,SCMS from RDC,Zimbabwe,2015-03-06,2015-02-06,3,True,-28,True
DN-4113,SCMS from RDC,Zimbabwe,2015-02-16,2015-02-04,1,True,-12,True
DN-4114,SCMS from RDC,Zimbabwe,2015-02-16,2015-02-04,1,True,-12,True
DN-4115,SCMS from RDC,Mozambique,2015-03-16,2015-03-30,2,True,14,False
DN-4116,SCMS from RDC,Zimbabwe,2015-02-16,2015-02-04,1,True,-12,True
DN-4117,SCMS from RDC,Zambia,2015-02-27,2015-02-19,3,True,-8,True
DN-4121,SCMS from RDC,Nigeria,2015-03-02,2015-02-05,1,True,-25,True
DN-4122,SCMS from RDC,Nigeria,2015-02-28,2015-02-05,2,True,-23,True
DN-4123,SCMS from RDC,Nigeria,2015-03-02,2015-02-05,1,True,-25,True
DN-4125,SCMS from RDC,Rwanda,2015-02-27,2015-02-25,1,True,-2,True
DN-4128,SCMS from RDC,Nigeria,2015-02-28,2015-02-05,1,True,-23,True
DN-4129,SCMS from RDC,Zimbabwe,2015-02-09,2015-02-10,1,True,1,False
DN-413,SCMS from RDC,Mozambique,2007-11-12,2007-11-12,1,True,0,True
DN-4132,SCMS from RDC,Nigeria,2015-03-02,2015-02-05,1,True,-25,True
DN-4133,SCMS from RDC,Nigeria,2015-02-28,2015-02-05,1,True,-23,True
DN-4134,SCMS from RDC,Nigeria,2015-03-02,2015-02-05,1,True,-25,True
DN-4137,SCMS from RDC,Côte d'Ivoire,2015-02-27,2015-03-11,2,True,12,False
DN-4138,SCMS from RDC,Côte d'Ivoire,2015-02-27,2015-03-11,1,True,12,False
DN-4139,SCMS from RDC,Côte d'Ivoire,2015-02-27,2015-02-25,1,True,-2,True
DN-414,SCMS from RDC,Zambia,2007-11-12,2007-11-12,1,True,0,True
DN-4141,SCMS from RDC,Rwanda,2015-03-10,2015-03-27,1,True,17,False
DN-4144,SCMS from RDC,Burundi,2015-02-27,2015-02-28,5,True,1,False
DN-4149,SCMS from RDC,Rwanda,2015-03-31,2015-03-24,3,True,-7,True
DN-415,SCMS from RDC,Mozambique,2007-11-30,2007-11-30,2,True,0,True
DN-4150,SCMS from RDC,Rwanda,2015-03-31,2015-03-20,1,True,-11,True
DN-4151,SCMS from RDC,Uganda,2015-03-16,2015-03-12,2,True,-4,True
DN-4152,SCMS from RDC,Mozambique,2015-03-31,2015-04-10,1,True,10,False
DN-4153,SCMS from RDC,Mozambique,2015-06-30,2015-04-10,2,True,-81,True
DN-4154,SCMS from RDC,Zambia,2015-02-27,2015-03-25,3,True,26,False
DN-4155,SCMS from RDC,Zimbabwe,2015-03-31,2015-03-17,1,True,-14,True
DN-4156,SCMS from RDC,Zimbabwe,2015-04-30,2015-03-17,2,True,-44,True
DN-4157,SCMS from RDC,Zimbabwe,2015-03-07,2015-03-17,2,True,10,False
DN-4158,SCMS from RDC,Zimbabwe,2015-03-16,2015-03-17,1,True,1,False
DN-4159,SCMS from RDC,Zimbabwe,2015-03-31,2015-03-17,2,True,-14,True
DN-416,SCMS from RDC,Guyana,2007-11-07,2007-11-07,2,True,0,True
DN-4160,SCMS from RDC,Zimbabwe,2015-03-31,2015-03-17,1,True,-14,True
DN-4162,SCMS from RDC,Rwanda,2015-03-31,2015-03-24,3,True,-7,True
DN-4163,SCMS from RDC,Uganda,2015-03-31,2015-05-15,1,True,45,False
DN-4164,SCMS from RDC,Zimbabwe,2015-04-30,2015-03-17,1,True,-44,True
DN-417,SCMS from RDC,Zambia,2007-11-02,2007-11-02,1,True,0,True
DN-4170,SCMS from RDC,Nigeria,2015-03-02,2015-03-10,2,True,8,False
DN-4172,SCMS from RDC,Nigeria,2015-02-28,2015-03-10,3,True,10,False
DN-4174,SCMS from RDC,Côte d'Ivoire,2015-03-31,2015-03-26,1,True,-5,True
DN-4175,SCMS from RDC,Côte d'Ivoire,2015-03-27,2015-03-26,1,True,-1,True
DN-4176,SCMS from RDC,Rwanda,2015-04-24,2015-05-04,1,True,10,False
DN-4177,SCMS from RDC,Côte d'Ivoire,2015-05-29,2015-05-29,4,True,0,True
DN-4178,SCMS from RDC,Burundi,2015-05-29,2015-03-25,4,True,-65,True
DN-418,SCMS from RDC,Zambia,2007-11-13,2007-11-13,1,True,0,True
DN-4180,SCMS from RDC,Rwanda,2015-04-30,2015-03-27,1,True,-34,True
DN-4181,SCMS from RDC,Rwanda,2015-04-30,2015-03-27,1,True,-34,True
DN-4182,SCMS from RDC,Zambia,2015-05-15,2015-05-25,1,True,10,False
DN-4184,SCMS from RDC,Togo,2015-03-31,2015-03-23,1,True,-8,True
DN-4185,SCMS from RDC,Togo,2015-03-31,2015-04-24,1,True,24,False
DN-4186,SCMS from RDC,Nigeria,2015-04-15,2015-03-18,1,True,-28,True
DN-4187,SCMS from RDC,Nigeria,2015-06-30,2015-03-18,1,True,-104,True
DN-4188,SCMS from RDC,Nigeria,2015-04-30,2015-03-20,2,True,-41,True
DN-419,SCMS from RDC,Zambia,2007-11-13,2007-11-13,1,True,0,True
DN-4190,SCMS from RDC,Nigeria,2015-04-30,2015-03-18,2,True,-43,True
DN-4191,SCMS from RDC,Mozambique,2015-05-31,2015-05-13,2,True,-18,True
DN-4192,SCMS from RDC,Zambia,2015-05-01,2015-04-10,1,True,-21,True
DN-4193,SCMS from RDC,Mozambique,2015-05-15,2015-05-15,1,True,0,True
DN-4194,SCMS from RDC,Swaziland,2015-04-06,2015-03-26,1,True,-11,True
DN-4195,SCMS from RDC,"Congo, DRC",2015-05-06,2015-07-06,3,True,61,False
DN-4196,SCMS from RDC,"Congo, DRC",2015-06-16,2015-05-25,2,True,-22,True
DN-4197,SCMS from RDC,"Congo, DRC",2015-07-01,2015-07-13,2,True,12,False
DN-42,SCMS from RDC,Guyana,2007-03-08,2007-03-08,1,True,0,True
DN-4200,SCMS from RDC,Rwanda,2015-04-06,2015-04-20,1,True,14,False
DN-421,SCMS from RDC,Côte d'Ivoire,2008-01-17,2008-01-17,2,True,0,True
DN-4210,SCMS from RDC,Burundi,2015-06-30,2015-04-22,4,True,-69,True
DN-4211,SCMS from RDC,Côte d'Ivoire,2015-06-19,2015-04-16,1,True,-64,True
DN-4212,SCMS from RDC,Côte d'Ivoire,2015-05-29,2015-04-29,1,True,-30,True
DN-4213,SCMS from RDC,Rwanda,2015-04-30,2015-05-19,1,True,19,False
DN-4214,SCMS from RDC,Uganda,2015-04-30,2015-04-22,1,True,-8,True
DN-4215,SCMS from RDC,Uganda,2015-04-30,2015-04-22,2,True,-8,True
DN-4216,SCMS from RDC,Uganda,2015-04-30,2015-04-22,2,True,-8,True
DN-4217,SCMS from RDC,Uganda,2015-04-30,2015-04-22,1,True,-8,True
DN-4218,SCMS from RDC,Uganda,2015-06-15,2015-05-14,7,True,-32,True
DN-422,SCMS from RDC,Nigeria,2007-11-09,2007-11-09,3,True,0,True
DN-4224,SCMS from RDC,Zimbabwe,2015-04-30,2015-04-10,1,True,-20,True
DN-4225,SCMS from RDC,Zimbabwe,2015-04-30,2015-04-08,1,True,-22,True
DN-4226,SCMS from RDC,Nigeria,2015-04-30,2015-04-15,1,True,-15,True
DN-4227,SCMS from RDC,Nigeria,2015-04-30,2015-04-15,2,True,-15,True
DN-4228,SCMS from RDC,Nigeria,2015-06-30,2015-04-15,1,True,-76,True
DN-4229,SCMS from RDC,Nigeria,2015-06-30,2015-04-15,2,True,-76,True
DN-423,SCMS from RDC,Côte d'Ivoire,2007-11-13,2007-11-13,4,True,0,True
DN-4230,SCMS from RDC,Nigeria,2015-06-30,2015-04-15,1,True,-76,True
DN-4231,SCMS from RDC,Mozambique,2015-05-31,2015-06-09,1,True,9,False
DN-4233,SCMS from RDC,Mozambique,2015-05-29,2015-06-09,1,True,11,False
DN-4234,SCMS from RDC,Mozambique,2015-05-29,2015-06-15,1,True,17,False
DN-4235,SCMS from RDC,Mozambique,2015-05-29,2015-06-09,1,True,11,False
DN-4236,SCMS from RDC,Mozambique,2015-05-29,2015-06-15,1,True,17,False
DN-4237,SCMS from RDC,Mozambique,2015-05-29,2015-06-15,1,True,17,False
DN-4238,SCMS from RDC,Rwanda,2015-06-30,2015-05-05,1,True,-56,True
DN-424,SCMS from RDC,Zimbabwe,2007-11-16,2007-11-16,2,True,0,True
DN-4243,SCMS from RDC,Zimbabwe,2015-04-30,2015-04-30,3,True,0,True
DN-4244,SCMS from RDC,Nigeria,2015-04-30,2015-04-15,1,True,-15,True
DN-4245,SCMS from RDC,Nigeria,2015-06-30,2015-04-15,1,True,-76,True
DN-4247,SCMS from RDC,Mozambique,2015-06-30,2015-06-09,2,True,-21,True
DN-4248,SCMS from RDC,Mozambique,2015-06-30,2015-06-15,1,True,-15,True
DN-4249,SCMS from RDC,Uganda,2015-04-30,2015-05-15,1,True,15,False
DN-425,SCMS from RDC,Zimbabwe,2007-11-16,2007-11-16,2,True,0,True
DN-4250,SCMS from RDC,Zambia,2015-05-29,2015-05-15,4,True,-14,True
DN-4251,SCMS from RDC,Zambia,2015-06-15,2015-05-15,2,True,-31,True
DN-4253,SCMS from RDC,Côte d'Ivoire,2015-06-08,2015-06-08,5,True,0,True
DN-4254,SCMS from RDC,Côte d'Ivoire,2015-05-29,2015-06-08,1,True,10,False
DN-4255,SCMS from RDC,Côte d'Ivoire,2015-06-19,2015-06-08,5,True,-11,True
DN-4256,SCMS from RDC,Zambia,2015-05-29,2015-05-15,1,True,-14,True
DN-4257,SCMS from RDC,Zambia,2015-05-29,2015-05-15,2,True,-14,True
DN-4258,SCMS from RDC,Nigeria,2015-05-29,2015-05-13,1,True,-16,True
DN-4259,SCMS from RDC,Uganda,2015-06-30,2015-06-04,2,True,-26,True
DN-426,SCMS from RDC,Mozambique,2007-11-29,2007-11-29,6,True,0,True
DN-4260,SCMS from RDC,Nigeria,2015-06-30,2015-04-28,2,True,-63,True
DN-4261,SCMS from RDC,Nigeria,2015-06-30,2015-04-29,1,True,-62,True
DN-4263,SCMS from RDC,Nigeria,2015-06-30,2015-04-29,1,True,-62,True
DN-4264,SCMS from RDC,Mozambique,2015-06-30,2015-06-22,1,True,-8,True
DN-4265,SCMS from RDC,Uganda,2015-06-15,2015-06-04,2,True,-11,True
DN-4269,SCMS from RDC,Nigeria,2015-06-30,2015-04-28,1,True,-63,True
DN-427,SCMS from RDC,Mozambique,2007-11-22,2007-11-22,1,True,0,True
DN-4273,SCMS from RDC,Nigeria,2015-06-30,2015-05-15,2,True,-46,True
DN-4274,SCMS from RDC,Nigeria,2015-06-30,2015-05-15,2,True,-46,True
DN-4275,SCMS from RDC,Nigeria,2015-06-30,2015-05-15,2,True,-46,True
DN-4276,SCMS from RDC,Nigeria,2015-06-30,2015-05-15,1,True,-46,True
DN-4278,SCMS from RDC,Nigeria,2015-06-30,2015-05-15,2,True,-46,True
DN-4279,SCMS from RDC,Nigeria,2015-06-02,2015-05-15,1,True,-18,True
DN-4280,SCMS from RDC,Nigeria,2015-06-30,2015-05-15,1,True,-46,True
DN-4281,SCMS from RDC,Nigeria,2015-06-02,2015-06-22,1,True,20,False
DN-4282,SCMS from RDC,Nigeria,2015-06-30,2015-06-22,2,True,-8,True
DN-4283,SCMS from RDC,"Congo, DRC",2015-07-08,2015-08-07,3,True,30,False
DN-4284,SCMS from RDC,"Congo, DRC",2015-08-17,2015-08-07,1,True,-10,True
DN-4285,SCMS from RDC,"Congo, DRC",2015-07-08,2015-07-30,2,True,22,False
DN-4286,SCMS from RDC,Rwanda,2015-06-30,2015-06-17,1,True,-13,True
DN-4287,SCMS from RDC,South Sudan,2015-07-28,2015-06-19,1,True,-39,True
DN-4288,SCMS from RDC,Zambia,2015-06-30,2015-07-13,1,True,13,False
DN-4290,SCMS from RDC,Nigeria,2015-06-30,2015-06-02,3,True,-28,True
DN-4291,SCMS from RDC,Nigeria,2015-06-30,2015-06-02,2,True,-28,True
DN-4292,SCMS from RDC,Nigeria,2015-06-30,2015-06-02,1,True,-28,True
DN-4293,SCMS from RDC,Senegal,2015-06-22,2015-06-25,1,True,3,False
DN-4294,SCMS from RDC,Guyana,2015-06-30,2015-06-26,1,True,-4,True
DN-4296,SCMS from RDC,South Sudan,2015-06-25,2015-06-19,2,True,-6,True
DN-4297,SCMS from RDC,Rwanda,2015-06-30,2015-06-29,1,True,-1,True
DN-4298,SCMS from RDC,Uganda,2015-07-15,2015-07-09,1,True,-6,True
DN-4299,SCMS from RDC,Rwanda,2015-06-30,2015-06-17,1,True,-13,True
DN-43,SCMS from RDC,Rwanda,2007-03-17,2007-03-17,1,True,0,True
DN-430,SCMS from RDC,Uganda,2007-12-10,2007-12-10,1,True,0,True
DN-4305,SCMS from RDC,Cameroon,2015-07-16,2015-06-28,1,True,-18,True
DN-4306,SCMS from RDC,Burundi,2015-07-31,2015-07-10,1,True,-21,True
DN-4307,SCMS from RDC,Zimbabwe,2015-07-31,2015-07-15,5,True,-16,True
DN-4309,SCMS from RDC,Uganda,2015-07-31,2015-07-23,3,True,-8,True
DN-4310,SCMS from RDC,Uganda,2015-07-31,2015-07-23,3,True,-8,True
DN-4313,SCMS from RDC,Côte d'Ivoire,2015-07-31,2015-08-06,3,True,6,False
DN-4314,SCMS from RDC,Côte d'Ivoire,2015-07-31,2015-08-06,2,True,6,False
DN-4315,SCMS from RDC,Zambia,2015-08-15,2015-08-25,3,True,10,False
DN-4316,SCMS from RDC,Zambia,2015-08-31,2015-08-25,4,True,-6,True
DN-4317,SCMS from RDC,Mozambique,2015-10-22,2015-08-20,1,True,-63,True
DN-4320,SCMS from RDC,Cameroon,2015-08-10,2015-08-19,1,True,9,False
DN-4323,SCMS from RDC,Rwanda,2015-08-18,2015-08-25,1,True,7,False
DN-4325,SCMS from RDC,Uganda,2015-08-14,2015-08-08,2,True,-6,True
DN-4326,SCMS from RDC,Côte d'Ivoire,2015-08-14,2015-08-20,1,True,6,False
DN-4327,SCMS from RDC,Rwanda,2015-08-18,2015-08-06,2,True,-12,True
DN-4328,SCMS from RDC,Zambia,2015-08-17,2015-08-25,2,True,8,False
DN-4330,SCMS from RDC,Rwanda,2015-09-30,2015-08-03,1,True,-58,True
DN-4331,SCMS from RDC,Zambia,2015-08-14,2015-08-25,2,True,11,False
DN-4334,SCMS from RDC,Zimbabwe,2015-09-09,2015-08-04,1,True,-36,True
DN-4335,SCMS from RDC,Zimbabwe,2015-12-31,2015-08-04,1,True,-149,True
DN-4336,SCMS from RDC,Zimbabwe,2015-08-31,2015-08-04,2,True,-27,True
DN-434,SCMS from RDC,Côte d'Ivoire,2007-11-22,2007-11-22,8,True,0,True
DN-4343,SCMS from RDC,Nigeria,2015-09-30,2015-08-28,1,True,-33,True
DN-4344,SCMS from RDC,Nigeria,2015-12-31,2015-08-28,1,True,-125,True
DN-4345,SCMS from RDC,Rwanda,2015-09-08,2015-08-26,2,True,-13,True
DN-4347,SCMS from RDC,Rwanda,2015-09-08,2015-08-26,1,True,-13,True
DN-435,SCMS from RDC,Uganda,2007-12-10,2007-12-10,3,True,0,True
DN-438,SCMS from RDC,Zambia,2007-11-21,2007-11-21,1,True,0,True
DN-439,SCMS from RDC,Côte d'Ivoire,2007-11-16,2007-11-16,1,True,0,True
DN-44,SCMS from RDC,Mozambique,2007-04-17,2007-04-17,7,True,0,True
DN-440,SCMS from RDC,Côte d'Ivoire,2007-11-29,2007-11-29,2,True,0,True
DN-441,SCMS from RDC,Côte d'Ivoire,2007-11-29,2007-11-29,1,True,0,True
DN-442,SCMS from RDC,Côte d'Ivoire,2007-11-22,2007-11-22,2,True,0,True
DN-443,SCMS from RDC,Côte d'Ivoire,2007-12-14,2007-12-14,1,True,0,True
DN-444,SCMS from RDC,Haiti,2007-12-31,2007-12-31,2,True,0,True
DN-445,SCMS from RDC,Haiti,2008-01-22,2008-01-22,6,True,0,True
DN-446,SCMS from RDC,Côte d'Ivoire,2007-11-30,2007-11-30,2,True,0,True
DN-447,SCMS from RDC,Zambia,2007-11-26,2007-11-26,1,True,0,True
DN-448,SCMS from RDC,Côte d'Ivoire,2007-12-18,2007-12-18,1,True,0,True
DN-449,SCMS from RDC,Côte d'Ivoire,2007-12-18,2007-12-18,1,True,0,True
DN-451,SCMS from RDC,Côte d'Ivoire,2008-01-17,2008-01-17,2,True,0,True
DN-453,SCMS from RDC,Zambia,2007-12-06,2007-12-06,1,True,0,True
DN-454,SCMS from RDC,Zambia,2007-12-06,2007-12-06,1,True,0,True
DN-457,SCMS from RDC,Zambia,2007-12-24,2007-12-24,1,True,0,True
DN-458,SCMS from RDC,Haiti,2007-12-05,2007-12-05,4,True,0,True
DN-459,SCMS from RDC,Ethiopia,2007-11-26,2007-11-26,1,True,0,True
DN-46,SCMS from RDC,Côte d'Ivoire,2007-05-04,2007-05-04,2,True,0,True
DN-461,SCMS from RDC,Zambia,2008-01-25,2008-01-25,1,True,0,True
DN-464,SCMS from RDC,Zambia,2008-01-02,2008-01-02,1,True,0,True
DN-465,SCMS from RDC,Zambia,2007-11-30,2007-11-30,1,True,0,True
DN-466,SCMS from RDC,Zambia,2007-12-12,2007-12-12,1,True,0,True
DN-469,SCMS from RDC,Zimbabwe,2007-12-07,2007-12-07,1,True,0,True
DN-470,SCMS from RDC,Zambia,2007-11-26,2007-11-26,1,True,0,True
DN-475,SCMS from RDC,Nigeria,2007-12-03,2007-12-03,9,True,0,True
DN-477,SCMS from RDC,Zimbabwe,2008-01-11,2008-01-11,1,True,0,True
DN-478,SCMS from RDC,Côte d'Ivoire,2007-12-10,2007-12-10,2,True,0,True
DN-479,SCMS from RDC,Zimbabwe,2008-02-05,2008-02-05,3,True,0,True
DN-480,SCMS from RDC,Uganda,2008-03-19,2008-03-19,2,True,0,True
DN-481,SCMS from RDC,Zambia,2008-01-15,2008-01-15,2,True,0,True
DN-482,SCMS from RDC,Zambia,2008-02-22,2008-02-22,2,True,0,True
DN-483,SCMS from RDC,Zambia,2008-02-12,2008-02-12,1,True,0,True
DN-484,SCMS from RDC,Zambia,2007-12-07,2007-12-07,1,True,0,True
DN-485,SCMS from RDC,Zambia,2008-01-08,2008-01-08,1,True,0,True
DN-486,SCMS from RDC,Zambia,2007-12-06,2007-12-06,1,True,0,True
DN-487,SCMS from RDC,Mozambique,2008-02-08,2008-02-08,1,True,0,True
DN-488,SCMS from RDC,Zimbabwe,2008-01-14,2008-01-14,6,True,0,True
DN-489,SCMS from RDC,Uganda,2008-01-15,2008-01-15,3,True,0,True
DN-490,SCMS from RDC,Namibia,2007-12-06,2007-12-06,1,True,0,True
DN-491,SCMS from RDC,Namibia,2007-11-30,2007-11-30,1,True,0,True
DN-492,SCMS from RDC,Namibia,2007-11-30,2007-11-30,1,True,0,True
DN-493,SCMS from RDC,Zambia,2007-12-28,2007-12-28,1,True,0,True
DN-494,SCMS from RDC,Zambia,2007-12-28,2007-12-28,1,True,0,True
DN-495,SCMS from RDC,Ethiopia,2007-12-20,2007-12-20,2,True,0,True
DN-498,SCMS from RDC,Haiti,2007-12-31,2007-12-31,1,True,0,True
DN-5,SCMS from RDC,Zimbabwe,2007-02-06,2007-02-06,1,True,0,True
DN-500,SCMS from RDC,Rwanda,2007-12-05,2007-12-05,2,True,0,True
DN-501,SCMS from RDC,Côte d'Ivoire,2007-12-14,2007-12-14,1,True,0,True
DN-502,SCMS from RDC,Haiti,2007-12-10,2007-12-10,1,True,0,True
DN-503,SCMS from RDC,Côte d'Ivoire,2007-12-14,2007-12-14,1,True,0,True
DN-504,SCMS from RDC,Côte d'Ivoire,2008-01-24,2008-01-24,1,True,0,True
DN-505,SCMS from RDC,Nigeria,2007-12-17,2007-12-17,1,True,0,True
DN-506,SCMS from RDC,Zambia,2007-12-19,2007-12-19,1,True,0,True
DN-507,SCMS from RDC,Zambia,2008-01-08,2008-01-08,1,True,0,True
DN-508,SCMS from RDC,Zambia,2007-12-28,2007-12-28,1,True,0,True
DN-51,SCMS from RDC,Côte d'Ivoire,2007-05-04,2007-05-04,1,True,0,True
DN-510,SCMS from RDC,Zambia,2008-02-14,2008-02-14,1,True,0,True
DN-511,SCMS from RDC,Rwanda,2008-01-31,2008-01-31,1,True,0,True
DN-515,SCMS from RDC,Nigeria,2008-01-09,2008-01-09,1,True,0,True
DN-516,SCMS from RDC,Ethiopia,2008-01-10,2008-01-10,1,True,0,True
DN-517,SCMS from RDC,Ethiopia,2007-12-14,2007-12-14,1,True,0,True
DN-518,SCMS from RDC,Ethiopia,2007-12-20,2007-12-20,1,True,0,True
DN-519,SCMS from RDC,Ethiopia,2008-01-31,2008-01-31,1,True,0,True
DN-52,SCMS from RDC,Côte d'Ivoire,2007-05-04,2007-05-04,1,True,0,True
DN-520,SCMS from RDC,Ethiopia,2007-12-20,2007-12-20,1,True,0,True
DN-521,SCMS from RDC,Ethiopia,2007-12-20,2007-12-20,1,True,0,True
DN-522,SCMS from RDC,Ethiopia,2008-02-20,2008-02-20,1,True,0,True
DN-524,SCMS from RDC,Ethiopia,2008-02-04,2008-02-04,1,True,0,True
DN-525,SCMS from RDC,Ethiopia,2007-12-20,2007-12-20,1,True,0,True
DN-526,SCMS from RDC,Ethiopia,2007-12-20,2007-12-20,1,True,0,True
DN-528,SCMS from RDC,Ethiopia,2007-12-20,2007-12-20,1,True,0,True
DN-529,SCMS from RDC,Ethiopia,2007-12-20,2007-12-20,1,True,0,True
DN-53,SCMS from RDC,Côte d'Ivoire,2007-05-04,2007-05-04,1,True,0,True
DN-530,SCMS from RDC,Ethiopia,2007-12-17,2007-12-17,1,True,0,True
DN-534,SCMS from RDC,Uganda,2008-02-15,2008-02-15,1,True,0,True
DN-535,SCMS from RDC,Nigeria,2008-01-09,2008-01-09,6,True,0,True
DN-537,SCMS from RDC,Ethiopia,2007-12-20,2007-12-25,1,True,5,False
DN-538,SCMS from RDC,Côte d'Ivoire,2007-12-28,2007-12-28,1,True,0,True
DN-539,SCMS from RDC,Côte d'Ivoire,2007-12-28,2007-12-28,1,True,0,True
DN-54,SCMS from RDC,Côte d'Ivoire,2007-05-04,2007-05-04,1,True,0,True
DN-540,SCMS from RDC,Ethiopia,2007-12-20,2008-01-16,1,True,27,False
DN-541,SCMS from RDC,Ethiopia,2007-12-20,2008-01-09,1,True,20,False
DN-542,SCMS from RDC,Ethiopia,2008-01-29,2008-01-29,1,True,0,True
DN-545,SCMS from RDC,Côte d'Ivoire,2008-01-25,2008-01-25,2,True,0,True
DN-547,SCMS from RDC,Côte d'Ivoire,2008-01-15,2008-01-15,1,True,0,True
DN-549,SCMS from RDC,Côte d'Ivoire,2007-12-28,2008-01-15,1,True,18,False
DN-550,SCMS from RDC,Uganda,2008-03-11,2008-03-11,2,True,0,True
DN-551,SCMS from RDC,Nigeria,2008-01-16,2008-01-16,2,True,0,True
DN-552,SCMS from RDC,Zambia,2008-01-25,2008-01-25,1,True,0,True
DN-553,SCMS from RDC,Zambia,2008-02-28,2008-02-28,1,True,0,True
DN-554,SCMS from RDC,Zambia,2008-02-12,2008-02-12,1,True,0,True
DN-555,SCMS from RDC,Zambia,2008-01-25,2008-01-25,1,True,0,True
DN-556,SCMS from RDC,Tanzania,2008-02-06,2008-02-06,2,True,0,True
DN-557,SCMS from RDC,Guyana,2008-01-24,2008-01-24,2,True,0,True
DN-559,SCMS from RDC,Tanzania,2008-02-25,2008-02-25,3,True,0,True
DN-56,SCMS from RDC,Zambia,2007-03-26,2007-03-26,1,True,0,True
DN-560,SCMS from RDC,Côte d'Ivoire,2008-01-21,2008-01-21,1,True,0,True
DN-561,SCMS from RDC,Côte d'Ivoire,2008-01-17,2008-01-17,1,True,0,True
DN-565,SCMS from RDC,Côte d'Ivoire,2008-01-29,2008-01-29,1,True,0,True
DN-567,SCMS from RDC,Nigeria,2008-01-16,2008-01-24,1,True,8,False
DN-568,SCMS from RDC,Côte d'Ivoire,2008-01-25,2008-01-25,1,True,0,True
DN-569,SCMS from RDC,Côte d'Ivoire,2008-01-29,2008-01-29,3,True,0,True
DN-570,SCMS from RDC,Rwanda,2008-01-28,2008-01-28,1,True,0,True
DN-571,SCMS from RDC,Rwanda,2008-01-28,2008-01-28,2,True,0,True
DN-572,SCMS from RDC,Rwanda,2008-01-28,2008-01-28,2,True,0,True
DN-574,SCMS from RDC,Ethiopia,2008-01-31,2008-01-31,1,True,0,True
DN-576,SCMS from RDC,Ethiopia,2008-02-01,2008-02-01,1,True,0,True
DN-577,SCMS from RDC,Ethiopia,2008-02-07,2008-02-07,1,True,0,True
DN-579,SCMS from RDC,Zambia,2008-01-21,2007-11-26,1,True,-56,True
DN-580,SCMS from RDC,Rwanda,2008-01-28,2008-01-28,1,True,0,True
DN-581,SCMS from RDC,Côte d'Ivoire,2008-02-05,2008-02-05,3,True,0,True
DN-582,SCMS from RDC,Côte d'Ivoire,2008-02-01,2008-02-01,1,True,0,True
DN-583,SCMS from RDC,Namibia,2008-02-13,2008-02-13,1,True,0,True
DN-586,SCMS from RDC,Côte d'Ivoire,2008-02-05,2008-02-05,1,True,0,True
DN-587,SCMS from RDC,Côte d'Ivoire,2008-03-06,2008-02-05,1,True,-30,True
DN-588,SCMS from RDC,Uganda,2008-03-06,2008-03-06,1,True,0,True
DN-589,SCMS from RDC,Uganda,2008-02-28,2008-02-28,3,True,0,True
DN-590,SCMS from RDC,Rwanda,2008-02-29,2008-02-29,2,True,0,True
DN-592,SCMS from RDC,Zambia,2007-12-28,2007-12-28,1,True,0,True
DN-593,SCMS from RDC,Ethiopia,2008-02-05,2008-02-05,1,True,0,True
DN-595,SCMS from RDC,Kenya,2008-02-27,2008-02-01,1,True,-26,True
DN-597,SCMS from RDC,Mozambique,2008-02-29,2008-02-29,2,True,0,True
DN-599,SCMS from RDC,Mozambique,2008-03-10,2008-03-10,1,True,0,True
DN-6,SCMS from RDC,Rwanda,2007-02-01,2007-02-01,1,True,0,True
DN-60,SCMS from RDC,Côte d'Ivoire,2007-05-04,2007-05-04,1,True,0,True
DN-600,SCMS from RDC,Mozambique,2008-04-18,2008-04-18,1,True,0,True
DN-601,SCMS from RDC,Mozambique,2008-04-08,2008-04-05,5,True,-3,True
DN-603,SCMS from RDC,Mozambique,2008-04-08,2008-04-08,2,True,0,True
DN-604,SCMS from RDC,Zimbabwe,2008-03-05,2008-03-05,3,True,0,True
DN-605,SCMS from RDC,Zambia,2008-02-21,2008-02-21,2,True,0,True
DN-606,SCMS from RDC,Zambia,2008-02-20,2008-02-20,1,True,0,True
DN-607,SCMS from RDC,Zambia,2008-02-26,2008-02-26,1,True,0,True
DN-608,SCMS from RDC,Zambia,2008-04-10,2008-04-10,1,True,0,True
DN-609,SCMS from RDC,Côte d'Ivoire,2008-02-19,2008-02-19,3,True,0,True
DN-61,SCMS from RDC,Côte d'Ivoire,2007-05-04,2007-05-04,1,True,0,True
DN-610,SCMS from RDC,Côte d'Ivoire,2008-02-05,2008-02-19,1,True,14,False
DN-611,SCMS from RDC,Côte d'Ivoire,2008-03-06,2008-02-19,2,True,-16,True
DN-613,SCMS from RDC,Côte d'Ivoire,2008-02-19,2008-02-19,1,True,0,True
DN-614,SCMS from RDC,Haiti,2008-03-04,2008-02-21,4,True,-12,True
DN-616,SCMS from RDC,Namibia,2008-03-05,2008-03-05,1,True,0,True
DN-617,SCMS from RDC,Guyana,2008-02-21,2008-02-21,2,True,0,True
DN-618,SCMS from RDC,Guyana,2008-02-21,2008-02-21,1,True,0,True
DN-62,SCMS from RDC,Côte d'Ivoire,2007-05-04,2007-05-04,1,True,0,True
DN-620,SCMS from RDC,Nigeria,2008-02-14,2008-02-14,2,True,0,True
DN-621,SCMS from RDC,Botswana,2008-03-12,2008-03-12,1,True,0,True
DN-622,SCMS from RDC,Uganda,2008-03-11,2008-03-11,1,True,0,True
DN-623,SCMS from RDC,Zimbabwe,2008-03-05,2008-03-05,2,True,0,True
DN-624,SCMS from RDC,Mozambique,2008-03-31,2008-03-31,1,True,0,True
DN-625,SCMS from RDC,Zambia,2008-03-28,2008-03-28,3,True,0,True
DN-626,SCMS from RDC,Côte d'Ivoire,2008-02-27,2008-02-27,1,True,0,True
DN-627,SCMS from RDC,Haiti,2008-03-08,2008-03-08,2,True,0,True
DN-628,SCMS from RDC,Mozambique,2008-04-08,2008-04-05,4,True,-3,True
DN-629,SCMS from RDC,Mozambique,2008-04-08,2008-05-16,1,True,38,False
DN-630,SCMS from RDC,Ethiopia,2008-02-01,2008-03-06,1,True,34,False
DN-631,SCMS from RDC,Ethiopia,2008-03-06,2008-03-06,1,True,0,True
DN-632,SCMS from RDC,Côte d'Ivoire,2008-03-13,2008-03-13,2,True,0,True
DN-634,SCMS from RDC,Ethiopia,2008-03-21,2008-03-21,2,True,0,True
DN-635,SCMS from RDC,Namibia,2008-03-14,2008-03-14,1,True,0,True
DN-636,SCMS from RDC,Tanzania,2008-04-01,2008-04-01,1,True,0,True
DN-637,SCMS from RDC,Tanzania,2008-03-28,2008-03-28,2,True,0,True
DN-639,SCMS from RDC,Zambia,2008-03-14,2008-03-14,1,True,0,True
DN-640,SCMS from RDC,Haiti,2008-03-04,2008-03-04,1,True,0,True
DN-641,SCMS from RDC,Côte d'Ivoire,2008-03-03,2008-03-03,2,True,0,True
DN-642,SCMS from RDC,Zambia,2008-03-17,2008-03-17,1,True,0,True
DN-643,SCMS from RDC,Côte d'Ivoire,2008-03-06,2008-03-06,1,True,0,True
DN-644,SCMS from RDC,Zimbabwe,2008-03-12,2008-03-12,2,True,0,True
DN-645,SCMS from RDC,Zimbabwe,2008-03-07,2008-03-07,1,True,0,True
DN-646,SCMS from RDC,Kenya,2008-02-27,2008-02-27,1,True,0,True
DN-650,SCMS from RDC,Namibia,2008-04-17,2008-04-17,2,True,0,True
DN-651,SCMS from RDC,Namibia,2008-03-11,2008-03-11,1,True,0,True
DN-652,SCMS from RDC,Uganda,2008-04-07,2008-04-07,1,True,0,True
DN-653,SCMS from RDC,Tanzania,2008-04-01,2008-04-01,1,True,0,True
DN-654,SCMS from RDC,Tanzania,2008-03-28,2008-03-28,1,True,0,True
DN-657,SCMS from RDC,Haiti,2008-03-19,2008-03-19,1,True,0,True
DN-658,SCMS from RDC,Haiti,2008-03-19,2008-03-19,1,True,0,True
DN-659,SCMS from RDC,Ethiopia,2008-03-12,2008-03-12,1,True,0,True
DN-66,SCMS from RDC,Tanzania,2007-04-13,2007-04-13,1,True,0,True
DN-663,SCMS from RDC,Tanzania,2008-04-22,2008-04-23,2,True,1,False
DN-664,SCMS from RDC,Tanzania,2008-04-23,2008-04-23,1,True,0,True
DN-665,SCMS from RDC,Mozambique,2008-06-05,2008-06-05,1,True,0,True
DN-667,SCMS from RDC,Kenya,2008-03-26,2008-03-26,2,True,0,True
DN-668,SCMS from RDC,Ethiopia,2008-03-25,2008-03-25,1,True,0,True
DN-669,SCMS from RDC,Ethiopia,2008-03-27,2008-03-27,1,True,0,True
DN-673,SCMS from RDC,Côte d'Ivoire,2008-03-27,2008-03-27,2,True,0,True
DN-674,SCMS from RDC,Côte d'Ivoire,2008-03-27,2008-03-27,1,True,0,True
DN-675,SCMS from RDC,Kenya,2008-03-05,2008-03-05,2,True,0,True
DN-676,SCMS from RDC,Zambia,2008-04-01,2008-04-01,1,True,0,True
DN-677,SCMS from RDC,Zambia,2008-03-28,2008-03-28,1,True,0,True
DN-678,SCMS from RDC,Botswana,2008-03-25,2008-03-25,3,True,0,True
DN-68,SCMS from RDC,Mozambique,2007-05-04,2007-05-04,1,True,0,True
DN-680,SCMS from RDC,Namibia,2008-03-19,2008-03-19,1,True,0,True
DN-682,SCMS from RDC,Haiti,2008-03-21,2008-03-21,6,True,0,True
DN-683,SCMS from RDC,Uganda,2008-04-17,2008-04-17,1,True,0,True
DN-684,SCMS from RDC,Côte d'Ivoire,2008-04-08,2008-04-08,2,True,0,True
DN-685,SCMS from RDC,Haiti,2008-03-31,2008-03-31,2,True,0,True
DN-686,SCMS from RDC,Haiti,2008-04-03,2008-04-03,5,True,0,True
DN-687,SCMS from RDC,Zimbabwe,2008-03-30,2008-03-30,3,True,0,True
DN-688,SCMS from RDC,Mozambique,2008-06-30,2008-06-30,1,True,0,True
DN-689,SCMS from RDC,Zambia,2008-04-03,2008-04-03,1,True,0,True
DN-69,SCMS from RDC,Zambia,2007-04-20,2007-04-20,1,True,0,True
DN-690,SCMS from RDC,Haiti,2008-04-14,2008-04-14,5,True,0,True
DN-691,SCMS from RDC,Haiti,2008-04-02,2008-04-02,1,True,0,True
DN-692,SCMS from RDC,Haiti,2008-04-03,2008-04-03,2,True,0,True
DN-693,SCMS from RDC,Haiti,2008-04-11,2008-04-11,2,True,0,True
DN-694,SCMS from RDC,Zambia,2008-04-10,2008-04-10,1,True,0,True
DN-695,SCMS from RDC,Haiti,2008-04-11,2008-04-11,1,True,0,True
DN-696,SCMS from RDC,Tanzania,2008-04-23,2008-04-23,1,True,0,True
DN-697,SCMS from RDC,Kenya,2008-03-31,2008-03-31,2,True,0,True
DN-698,SCMS from RDC,Mozambique,2008-06-23,2008-06-23,6,True,0,True
DN-699,SCMS from RDC,Mozambique,2008-04-21,2008-04-21,1,True,0,True
DN-70,SCMS from RDC,Rwanda,2007-04-10,2007-04-10,2,True,0,True
DN-700,SCMS from RDC,Zambia,2008-05-08,2008-05-08,1,True,0,True
DN-701,SCMS from RDC,Zambia,2008-05-09,2008-05-09,1,True,0,True
DN-703,SCMS from RDC,Ethiopia,2008-04-21,2008-04-21,2,True,0,True
DN-704,SCMS from RDC,Haiti,2008-04-21,2008-04-21,1,True,0,True
DN-705,SCMS from RDC,Côte d'Ivoire,2008-04-17,2008-04-17,1,True,0,True
DN-706,SCMS from RDC,Kenya,2008-04-08,2008-04-08,1,True,0,True
DN-707,SCMS from RDC,Mozambique,2008-05-22,2008-05-22,1,True,0,True
DN-708,SCMS from RDC,Zimbabwe,2008-04-21,2008-04-21,1,True,0,True
DN-709,SCMS from RDC,Zimbabwe,2008-04-21,2008-04-21,3,True,0,True
DN-71,SCMS from RDC,Côte d'Ivoire,2007-04-30,2007-04-30,2,True,0,True
DN-710,SCMS from RDC,Namibia,2008-04-10,2008-04-10,1,True,0,True
DN-711,SCMS from RDC,Zambia,2008-05-09,2008-05-09,1,True,0,True
DN-712,SCMS from RDC,Zambia,2008-05-09,2008-05-09,1,True,0,True
DN-714,SCMS from RDC,Uganda,2008-05-19,2008-05-19,1,True,0,True
DN-715,SCMS from RDC,Uganda,2008-06-02,2008-06-02,1,True,0,True
DN-717,SCMS from RDC,Nigeria,2008-04-18,2008-04-18,7,True,0,True
DN-718,SCMS from RDC,Nigeria,2008-04-21,2008-04-21,4,True,0,True
DN-719,SCMS from RDC,Zambia,2008-05-09,2008-05-09,1,True,0,True
DN-72,SCMS from RDC,Nigeria,2007-04-17,2007-04-17,3,True,0,True
DN-720,SCMS from RDC,Ethiopia,2008-04-21,2008-04-21,1,True,0,True
DN-722,SCMS from RDC,Tanzania,2008-04-30,2008-04-30,1,True,0,True
DN-727,SCMS from RDC,Guyana,2008-05-09,2008-05-09,1,True,0,True
DN-728,SCMS from RDC,Guyana,2008-05-20,2008-05-20,1,True,0,True
DN-729,SCMS from RDC,Nigeria,2008-05-09,2008-05-09,2,True,0,True
DN-73,SCMS from RDC,Côte d'Ivoire,2007-04-30,2007-04-30,1,True,0,True
DN-730,SCMS from RDC,Nigeria,2008-05-26,2008-05-26,2,True,0,True
DN-732,SCMS from RDC,Pakistan,2008-05-19,2008-05-19,2,True,0,True
DN-733,SCMS from RDC,Haiti,2008-05-26,2008-05-26,2,True,0,True
DN-734,SCMS from RDC,Côte d'Ivoire,2008-06-02,2008-06-02,2,True,0,True
DN-735,SCMS from RDC,Côte d'Ivoire,2008-05-14,2008-05-14,1,True,0,True
DN-736,SCMS from RDC,Haiti,2008-05-29,2008-05-29,2,True,0,True
DN-737,SCMS from RDC,Nigeria,2008-05-14,2008-05-14,3,True,0,True
DN-738,SCMS from RDC,Nigeria,2008-05-20,2008-05-20,1,True,0,True
DN-739,SCMS from RDC,Nigeria,2008-05-14,2008-05-14,1,True,0,True
DN-74,SCMS from RDC,Côte d'Ivoire,2007-04-30,2007-04-30,2,True,0,True
DN-740,SCMS from RDC,Nigeria,2008-05-20,2008-05-20,1,True,0,True
DN-741,SCMS from RDC,Pakistan,2008-05-20,2008-05-20,1,True,0,True
DN-742,SCMS from RDC,Haiti,2008-06-02,2008-06-02,2,True,0,True
DN-743,SCMS from RDC,Haiti,2008-05-27,2008-05-27,2,True,0,True
DN-744,SCMS from RDC,Haiti,2008-06-02,2008-06-02,5,True,0,True
DN-745,SCMS from RDC,Haiti,2008-06-02,2008-06-02,1,True,0,True
DN-748,SCMS from RDC,Tanzania,2008-06-30,2008-06-30,3,True,0,True
DN-749,SCMS from RDC,Zambia,2008-05-29,2008-05-29,1,True,0,True
DN-75,SCMS from RDC,Côte d'Ivoire,2007-04-30,2007-04-30,1,True,0,True
DN-750,SCMS from RDC,Nigeria,2008-05-27,2008-05-27,1,True,0,True
DN-751,SCMS from RDC,Tanzania,2008-07-01,2008-07-01,1,True,0,True
DN-756,SCMS from RDC,Zimbabwe,2008-06-11,2008-06-11,2,True,0,True
DN-757,SCMS from RDC,Tanzania,2008-06-30,2008-06-30,1,True,0,True
DN-758,SCMS from RDC,Tanzania,2008-07-09,2008-07-09,1,True,0,True
DN-759,SCMS from RDC,Namibia,2008-06-19,2008-06-19,1,True,0,True
DN-76,SCMS from RDC,Côte d'Ivoire,2007-04-30,2007-04-30,1,True,0,True
DN-760,SCMS from RDC,Kenya,2008-05-26,2008-05-26,2,True,0,True
DN-761,SCMS from RDC,Côte d'Ivoire,2008-06-02,2008-06-02,3,True,0,True
DN-762,SCMS from RDC,Haiti,2008-06-18,2008-06-18,1,True,0,True
DN-763,SCMS from RDC,Tanzania,2008-07-09,2008-07-09,3,True,0,True
DN-764,SCMS from RDC,Tanzania,2008-06-30,2008-06-30,1,True,0,True
DN-765,SCMS from RDC,Tanzania,2008-07-01,2008-07-01,1,True,0,True
DN-766,SCMS from RDC,Tanzania,2008-07-10,2008-07-10,1,True,0,True
DN-767,SCMS from RDC,Zambia,2008-06-17,2008-06-17,1,True,0,True
DN-768,SCMS from RDC,Mozambique,2008-07-18,2008-07-18,1,True,0,True
DN-769,SCMS from RDC,Zambia,2008-06-17,2008-06-17,1,True,0,True
DN-77,SCMS from RDC,Côte d'Ivoire,2007-04-30,2007-04-30,1,True,0,True
DN-770,SCMS from RDC,Zimbabwe,2008-06-09,2008-06-09,3,True,0,True
DN-771,SCMS from RDC,Zimbabwe,2008-06-09,2008-06-09,1,True,0,True
DN-773,SCMS from RDC,Zimbabwe,2008-06-17,2008-06-17,2,True,0,True
DN-774,SCMS from RDC,Zimbabwe,2008-06-17,2008-06-17,2,True,0,True
DN-775,SCMS from RDC,Haiti,2008-06-27,2008-06-27,1,True,0,True
DN-776,SCMS from RDC,Nigeria,2008-06-03,2008-06-03,1,True,0,True
DN-777,SCMS from RDC,Zambia,2008-06-19,2008-06-19,1,True,0,True
DN-778,SCMS from RDC,Zambia,2008-06-19,2008-06-19,1,True,0,True
DN-779,SCMS from RDC,Zambia,2008-06-19,2008-06-19,1,True,0,True
DN-78,SCMS from RDC,Côte d'Ivoire,2007-04-30,2007-04-30,1,True,0,True
DN-780,SCMS from RDC,Zambia,2008-06-16,2008-06-16,1,True,0,True
DN-783,SCMS from RDC,Haiti,2008-06-13,2008-06-13,1,True,0,True
DN-786,SCMS from RDC,Côte d'Ivoire,2008-06-27,2008-06-27,1,True,0,True
DN-787,SCMS from RDC,Nigeria,2008-07-04,2008-07-04,1,True,0,True
DN-788,SCMS from RDC,Haiti,2008-07-01,2008-07-01,1,True,0,True
DN-789,SCMS from RDC,Uganda,2008-07-10,2008-07-10,1,True,0,True
DN-79,SCMS from RDC,Côte d'Ivoire,2007-04-30,2007-04-30,1,True,0,True
DN-791,SCMS from RDC,Tanzania,2008-09-16,2008-09-16,1,True,0,True
DN-793,SCMS from RDC,Uganda,2008-07-22,2008-07-22,1,True,0,True
DN-794,SCMS from RDC,Uganda,2008-07-11,2008-07-11,1,True,0,True
DN-797,SCMS from RDC,Uganda,2008-07-11,2008-07-11,2,True,0,True
DN-798,SCMS from RDC,Zimbabwe,2008-07-30,2008-07-30,1,True,0,True
DN-799,SCMS from RDC,Tanzania,2008-07-09,2008-07-09,1,True,0,True
DN-80,SCMS from RDC,Côte d'Ivoire,2007-04-30,2007-04-30,1,True,0,True
DN-800,SCMS from RDC,Nigeria,2008-06-19,2008-06-19,5,True,0,True
DN-801,SCMS from RDC,Nigeria,2008-06-30,2008-06-30,1,True,0,True
DN-802,SCMS from RDC,Haiti,2008-07-04,2008-07-04,1,True,0,True
DN-803,SCMS from RDC,Zimbabwe,2008-07-01,2008-07-01,1,True,0,True
DN-806,SCMS from RDC,Nigeria,2008-06-27,2008-06-27,1,True,0,True
DN-808,SCMS from RDC,Zambia,2008-07-23,2008-07-23,1,True,0,True
DN-81,SCMS from RDC,Côte d'Ivoire,2007-04-30,2007-04-30,1,True,0,True
DN-810,SCMS from RDC,Mozambique,2008-08-07,2008-08-07,2,True,0,True
DN-812,SCMS from RDC,Uganda,2008-08-21,2008-08-21,1,True,0,True
DN-813,SCMS from RDC,Zimbabwe,2008-07-26,2008-07-26,3,True,0,True
DN-816,SCMS from RDC,Uganda,2008-08-21,2008-08-21,1,True,0,True
DN-817,SCMS from RDC,Mozambique,2008-08-07,2008-08-07,2,True,0,True
DN-818,SCMS from RDC,Uganda,2008-08-21,2008-08-21,2,True,0,True
DN-82,SCMS from RDC,Côte d'Ivoire,2007-04-30,2007-04-30,1,True,0,True
DN-820,SCMS from RDC,Zambia,2008-07-29,2008-07-29,1,True,0,True
DN-821,SCMS from RDC,Zambia,2008-07-29,2008-07-29,1,True,0,True
DN-822,SCMS from RDC,Zambia,2008-07-29,2008-07-29,1,True,0,True
DN-823,SCMS from RDC,Zambia,2008-07-23,2008-07-23,3,True,0,True
DN-824,SCMS from RDC,Zambia,2008-07-23,2008-07-23,1,True,0,True
DN-826,SCMS from RDC,Tanzania,2008-07-29,2008-07-29,4,True,0,True
DN-827,SCMS from RDC,Haiti,2008-07-16,2008-07-16,1,True,0,True
DN-828,SCMS from RDC,Zambia,2008-07-29,2008-07-29,2,True,0,True
DN-829,SCMS from RDC,Kenya,2008-03-31,2008-03-31,1,True,0,True
DN-83,SCMS from RDC,Botswana,2007-04-27,2007-04-27,1,True,0,True
DN-830,SCMS from RDC,Kenya,2008-05-30,2008-05-30,1,True,0,True
DN-831,SCMS from RDC,Tanzania,2008-08-21,2008-08-21,1,True,0,True
DN-833,SCMS from RDC,Nigeria,2008-07-16,2008-07-16,2,True,0,True
DN-834,SCMS from RDC,Nigeria,2008-07-16,2008-07-16,3,True,0,True
DN-835,SCMS from RDC,Uganda,2008-08-04,2008-08-04,1,True,0,True
DN-836,SCMS from RDC,Nigeria,2008-07-31,2008-07-31,3,True,0,True
DN-837,SCMS from RDC,Haiti,2008-08-01,2008-08-01,1,True,0,True
DN-838,SCMS from RDC,Zimbabwe,2008-07-26,2008-07-26,2,True,0,True
DN-839,SCMS from RDC,Zambia,2008-08-20,2008-08-20,2,True,0,True
DN-84,SCMS from RDC,Botswana,2007-04-27,2007-04-27,1,True,0,True
DN-840,SCMS from RDC,Nigeria,2008-08-03,2008-08-03,3,True,0,True
DN-841,SCMS from RDC,Guyana,2008-07-25,2008-07-25,2,True,0,True
DN-842,SCMS from RDC,Cameroon,2008-08-20,2008-08-20,1,True,0,True
DN-843,SCMS from RDC,Nigeria,2008-07-28,2008-07-28,1,True,0,True
DN-844,SCMS from RDC,Nigeria,2008-07-24,2008-07-24,2,True,0,True
DN-845,SCMS from RDC,Tanzania,2008-08-22,2008-08-22,1,True,0,True
DN-846,SCMS from RDC,Nigeria,2008-07-24,2008-07-24,2,True,0,True
DN-849,SCMS from RDC,Tanzania,2008-08-22,2008-08-22,1,True,0,True
DN-85,SCMS from RDC,Côte d'Ivoire,2007-04-30,2007-04-30,1,True,0,True
DN-850,SCMS from RDC,Mozambique,2008-09-05,2008-09-05,6,True,0,True
DN-852,SCMS from RDC,Tanzania,2008-08-22,2008-08-22,1,True,0,True
DN-853,SCMS from RDC,Tanzania,2008-08-29,2008-08-29,2,True,0,True
DN-854,SCMS from RDC,Zambia,2008-08-20,2008-08-20,1,True,0,True
DN-855,SCMS from RDC,Zambia,2008-08-20,2008-08-20,1,True,0,True
DN-856,SCMS from RDC,Zambia,2008-08-20,2008-08-20,1,True,0,True
DN-857,SCMS from RDC,Zimbabwe,2008-07-26,2008-07-26,1,True,0,True
DN-858,SCMS from RDC,Mozambique,2008-09-05,2008-09-05,2,True,0,True
DN-859,SCMS from RDC,Haiti,2008-08-07,2008-08-07,2,True,0,True
DN-86,SCMS from RDC,Côte d'Ivoire,2007-04-30,2007-04-30,1,True,0,True
DN-860,SCMS from RDC,Haiti,2008-08-11,2008-08-11,2,True,0,True
DN-861,SCMS from RDC,Zambia,2008-08-20,2008-08-20,2,True,0,True
DN-862,SCMS from RDC,Nigeria,2008-07-31,2008-07-31,1,True,0,True
DN-863,SCMS from RDC,Zambia,2008-08-27,2008-08-27,1,True,0,True
DN-864,SCMS from RDC,Zambia,2008-08-27,2008-08-27,1,True,0,True
DN-865,SCMS from RDC,Zambia,2008-08-27,2008-08-27,1,True,0,True
DN-866,SCMS from RDC,Haiti,2008-08-11,2008-08-11,1,True,0,True
DN-868,SCMS from RDC,Tanzania,2008-08-22,2008-08-22,1,True,0,True
DN-87,SCMS from RDC,Zambia,2007-05-03,2007-05-03,1,True,0,True
DN-870,SCMS from RDC,Nigeria,2008-08-18,2008-08-18,1,True,0,True
DN-871,SCMS from RDC,Nigeria,2008-08-25,2008-08-25,1,True,0,True
DN-872,SCMS from RDC,Nigeria,2008-08-18,2008-08-18,1,True,0,True
DN-875,SCMS from RDC,Kenya,2008-08-26,2008-08-26,1,True,0,True
DN-879,SCMS from RDC,Kenya,2008-08-20,2008-08-20,1,True,0,True
DN-88,SCMS from RDC,Mozambique,2007-05-04,2007-05-04,1,True,0,True
DN-880,SCMS from RDC,Kenya,2008-08-08,2008-08-08,1,True,0,True
DN-882,SCMS from RDC,Nigeria,2008-08-24,2008-08-24,1,True,0,True
DN-883,SCMS from RDC,Nigeria,2008-08-24,2008-08-24,1,True,0,True
DN-885,SCMS from RDC,Sierra Leone,2008-08-22,2008-08-22,1,True,0,True
DN-886,SCMS from RDC,Nigeria,2008-08-31,2008-08-31,1,True,0,True
DN-888,SCMS from RDC,Nigeria,2008-08-31,2008-08-31,2,True,0,True
DN-889,SCMS from RDC,Nigeria,2008-09-16,2008-09-16,1,True,0,True
DN-89,SCMS from RDC,Zambia,2007-05-04,2007-05-04,2,True,0,True
DN-890,SCMS from RDC,Tanzania,2008-09-15,2008-09-15,1,True,0,True
DN-891,SCMS from RDC,Tanzania,2008-09-23,2008-09-23,1,True,0,True
DN-892,SCMS from RDC,Haiti,2008-09-09,2008-09-09,1,True,0,True
DN-893,SCMS from RDC,Tanzania,2008-09-15,2008-09-15,3,True,0,True
DN-897,SCMS from RDC,Nigeria,2008-09-10,2008-09-10,2,True,0,True
DN-898,SCMS from RDC,Uganda,2008-09-25,2008-09-25,1,True,0,True
DN-899,SCMS from RDC,Tanzania,2008-09-26,2008-09-26,1,True,0,True
DN-9,SCMS from RDC,Rwanda,2007-02-05,2007-02-05,1,True,0,True
DN-90,SCMS from RDC,Mozambique,2007-05-04,2007-05-04,1,True,0,True
DN-900,SCMS from RDC,Zimbabwe,2008-09-12,2008-09-12,2,True,0,True
DN-901,SCMS from RDC,Nigeria,2008-09-10,2008-09-10,1,True,0,True
DN-902,SCMS from RDC,Tanzania,2008-09-26,2008-09-26,1,True,0,True
DN-903,SCMS from RDC,Tanzania,2008-09-26,2008-09-26,1,True,0,True
DN-904,SCMS from RDC,Mozambique,2008-10-10,2008-10-10,1,True,0,True
DN-905,SCMS from RDC,Zambia,2008-09-23,2008-09-23,1,True,0,True
DN-907,SCMS from RDC,Ethiopia,2008-09-16,2008-09-16,2,True,0,True
DN-909,SCMS from RDC,Nigeria,2008-09-22,2008-09-22,3,True,0,True
DN-91,SCMS from RDC,Botswana,2007-04-27,2007-04-27,1,True,0,True
DN-911,SCMS from RDC,Nigeria,2008-09-12,2008-09-12,1,True,0,True
DN-912,SCMS from RDC,Zambia,2008-09-23,2008-09-23,2,True,0,True
DN-915,SCMS from RDC,Uganda,2008-10-08,2008-10-08,1,True,0,True
DN-916,SCMS from RDC,Nigeria,2008-09-19,2008-09-19,1,True,0,True
DN-917,SCMS from RDC,Nigeria,2008-09-24,2008-09-24,7,True,0,True
DN-918,SCMS from RDC,Nigeria,2008-10-02,2008-10-02,1,True,0,True
DN-919,SCMS from RDC,Nigeria,2008-09-28,2008-09-28,1,True,0,True
DN-92,SCMS from RDC,Zimbabwe,2007-04-18,2007-04-18,1,True,0,True
DN-920,SCMS from RDC,Nigeria,2008-09-26,2008-09-26,1,True,0,True
DN-921,SCMS from RDC,Nigeria,2008-09-28,2008-09-28,2,True,0,True
DN-922,SCMS from RDC,Tanzania,2008-10-21,2008-10-21,1,True,0,True
DN-924,SCMS from RDC,Zambia,2008-09-29,2008-09-29,1,True,0,True
DN-927,SCMS from RDC,Zambia,2008-10-06,2008-10-06,1,True,0,True
DN-928,SCMS from RDC,Côte d'Ivoire,2008-10-07,2008-10-07,1,True,0,True
DN-93,SCMS from RDC,Nigeria,2007-04-17,2007-04-17,2,True,0,True
DN-930,SCMS from RDC,Haiti,2008-10-06,2008-10-06,1,True,0,True
DN-931,SCMS from RDC,Mozambique,2008-11-14,2008-11-14,1,True,0,True
DN-932,SCMS from RDC,Mozambique,2008-11-14,2008-11-14,1,True,0,True
DN-933,SCMS from RDC,Mozambique,2008-11-14,2008-11-14,4,True,0,True
DN-937,SCMS from RDC,Kenya,2008-09-25,2008-09-25,1,True,0,True
DN-938,SCMS from RDC,Zambia,2008-10-06,2008-10-06,1,True,0,True
DN-939,SCMS from RDC,Nigeria,2008-09-28,2008-09-28,1,True,0,True
DN-94,SCMS from RDC,Nigeria,2007-04-17,2007-04-17,1,True,0,True
DN-942,SCMS from RDC,Haiti,2008-10-10,2008-10-10,1,True,0,True
DN-944,SCMS from RDC,Haiti,2008-11-04,2008-11-04,8,True,0,True
DN-945,SCMS from RDC,Haiti,2008-10-27,2008-10-27,3,True,0,True
DN-946,SCMS from RDC,Haiti,2008-10-20,2008-10-20,2,True,0,True
DN-947,SCMS from RDC,Côte d'Ivoire,2008-12-01,2008-12-01,1,True,0,True
DN-948,SCMS from RDC,Côte d'Ivoire,2008-12-03,2008-12-03,2,True,0,True
DN-949,SCMS from RDC,Côte d'Ivoire,2008-12-01,2008-12-01,1,True,0,True
DN-950,SCMS from RDC,Zambia,2008-10-21,2008-10-21,1,True,0,True
DN-951,SCMS from RDC,Zambia,2008-10-21,2008-10-21,1,True,0,True
DN-952,SCMS from RDC,Zambia,2008-10-20,2008-10-20,1,True,0,True
DN-953,SCMS from RDC,Namibia,2008-10-30,2008-10-30,2,True,0,True
DN-954,SCMS from RDC,Zambia,2008-10-21,2008-10-21,1,True,0,True
DN-958,SCMS from RDC,Nigeria,2008-10-31,2008-10-31,2,True,0,True
DN-959,SCMS from RDC,Nigeria,2008-10-30,2008-10-30,1,True,0,True
DN-960,SCMS from RDC,Nigeria,2008-10-30,2008-10-30,7,True,0,True
DN-961,SCMS from RDC,Rwanda,2008-10-28,2008-10-28,1,True,0,True
DN-962,SCMS from RDC,Rwanda,2008-11-05,2008-11-05,1,True,0,True
DN-963,SCMS from RDC,Kenya,2008-10-16,2008-10-16,1,True,0,True
DN-964,SCMS from RDC,Kenya,2008-10-21,2008-10-21,2,True,0,True
DN-965,SCMS from RDC,Kenya,2008-10-23,2008-10-23,2,True,0,True
DN-966,SCMS from RDC,Zambia,2008-11-07,2008-11-07,1,True,0,True
DN-967,SCMS from RDC,Zambia,2008-11-07,2008-11-07,1,True,0,True
DN-968,SCMS from RDC,Uganda,2008-12-09,2008-12-09,2,True,0,True
DN-969,SCMS from RDC,Uganda,2008-11-04,2008-11-04,2,True,0,True
DN-970,SCMS from RDC,Uganda,2009-02-02,2009-02-02,1,True,0,True
DN-971,SCMS from RDC,Uganda,2008-11-04,2008-11-04,1,True,0,True
DN-972,SCMS from RDC,Zimbabwe,2008-10-31,2008-10-31,1,True,0,True
DN-975,SCMS from RDC,Zambia,2008-11-25,2008-11-25,1,True,0,True
DN-976,SCMS from RDC,Zambia,2008-11-07,2008-11-07,1,True,0,True
DN-977,SCMS from RDC,Zambia,2008-11-07,2008-11-07,1,True,0,True
DN-98,SCMS from RDC,Zambia,2007-04-27,2007-04-27,1,True,0,True
DN-981,SCMS from RDC,Zambia,2008-11-07,2008-11-07,1,True,0,True
DN-985,SCMS from RDC,Uganda,2009-01-09,2009-01-09,1,True,0,True
DN-986,SCMS from RDC,Uganda,2009-01-09,2009-01-09,2,True,0,True
DN-987,SCMS from RDC,Uganda,2009-01-06,2009-01-06,3,True,0,True
DN-988,SCMS from RDC,Côte d'Ivoire,2008-12-01,2008-12-01,2,True,0,True
DN-989,SCMS from RDC,Mozambique,2008-12-18,2008-12-18,1,True,0,True
DN-99,SCMS from RDC,Zambia,2007-04-26,2007-04-26,1,True,0,True
DN-990,SCMS from RDC,Uganda,2008-12-09,2008-12-09,2,True,0,True
DN-991,SCMS from RDC,Kenya,2008-10-31,2008-10-31,1,True,0,True
DN-992,SCMS from RDC,Uganda,2009-01-09,2009-01-09,2,True,0,True
DN-993,SCMS from RDC,Zambia,2008-12-01,2008-12-01,2,True,0,True
DN-994,SCMS from RDC,Kenya,2008-10-31,2008-10-31,1,True,0,True
DN-995,SCMS from RDC,Uganda,2008-12-02,2008-12-02,1,True,0,True
DN-996,SCMS from RDC,Uganda,2008-11-27,2008-11-27,1,True,0,True
DN-997,SCMS from RDC,Haiti,2008-11-17,2008-11-17,1,True,0,True
DN-998,SCMS from RDC,Uganda,2008-12-15,2008-12-15,2,True,0,True
DN-999,SCMS from RDC,Zambia,2008-11-14,2008-11-14,1,True,0,True
